==> Proposal 042 control-plane gate: Rust focused + Swift focused + workspace regression
==>   running 126 focused Rust tests from the §10.2 Layer A inventory
==>   Swift focused lane composes with Rust lane per §10.3; release
==>   readiness additionally requires proposal-042-packaging on the release host.
==>   gate-owned CARGO_TARGET_DIR: /Users/user/Documents/Chainworks Forge/control-plane/target/p042-gate
==> proposal-042: focused crate=domain tests=7
    Finished `test` profile [unoptimized + debuginfo] target(s) in 0.24s
     Running unittests src/lib.rs (target/p042-gate/debug/deps/domain-27faf84b6e3feba3)

running 7 tests
test lifecycle::tests::daemon_lifecycle_state_predicates ... ok
test lifecycle::tests::degraded_kind_and_failure_kind_are_disjoint_type_level ... ok
test lifecycle::tests::daemon_lifecycle_state_serializes_snake_case ... ok
test lifecycle::tests::daemon_status_failure_invariant_catches_violations ... ok
test lifecycle::tests::daemon_status_initial_has_no_failure ... ok
test lifecycle::tests::daemon_status_omits_empty_degraded_and_none_failure_in_json ... ok
test lifecycle::tests::failure_reason_backup_path_round_trips_through_json ... ok

test result: ok. 7 passed; 0 failed; 0 ignored; 0 measured; 3 filtered out; finished in 0.00s

     Running tests/proposal_057_contracts.rs (target/p042-gate/debug/deps/proposal_057_contracts-5d6f5f19ad920eff)

running 0 tests

test result: ok. 0 passed; 0 failed; 0 ignored; 0 measured; 2 filtered out; finished in 0.00s

     Running tests/proposal_058_runtime_facts.rs (target/p042-gate/debug/deps/proposal_058_runtime_facts-c22b8ac17a77c21f)

running 0 tests

test result: ok. 0 passed; 0 failed; 0 ignored; 0 measured; 3 filtered out; finished in 0.00s

   Doc-tests domain

running 0 tests

test result: ok. 0 passed; 0 failed; 0 ignored; 0 measured; 0 filtered out; finished in 0.00s

==> proposal-042: focused crate=engine tests=6
    Finished `test` profile [unoptimized + debuginfo] target(s) in 0.26s
     Running unittests src/lib.rs (target/p042-gate/debug/deps/engine-d87c4dfdb7218d41)

running 6 tests
test lifecycle_reporter::tests::raise_degraded_idempotent_on_same_kind ... ok
test lifecycle_reporter::tests::set_failed_populates_failure_and_clears_degraded ... ok
test lifecycle_reporter::tests::clear_last_degraded_returns_to_ready ... ok
test lifecycle_reporter::tests::ready_clears_prior_failure_field ... ok
test lifecycle_reporter::tests::set_ready_populates_started_at_once ... ok
test lifecycle_reporter::tests::set_state_broadcasts_new_snapshot ... ok

test result: ok. 6 passed; 0 failed; 0 ignored; 0 measured; 60 filtered out; finished in 0.01s

     Running tests/command_journal_audit.rs (target/p042-gate/debug/deps/command_journal_audit-df4de805ea281f09)

running 0 tests

test result: ok. 0 passed; 0 failed; 0 ignored; 0 measured; 7 filtered out; finished in 0.00s

     Running tests/cross_surface_parity.rs (target/p042-gate/debug/deps/cross_surface_parity-3c6cab735e5d5a68)

running 0 tests

test result: ok. 0 passed; 0 failed; 0 ignored; 0 measured; 1 filtered out; finished in 0.00s

     Running tests/integration.rs (target/p042-gate/debug/deps/integration-b41332fa95a72333)

running 0 tests

test result: ok. 0 passed; 0 failed; 0 ignored; 0 measured; 69 filtered out; finished in 0.00s

     Running tests/proposal_041_parity.rs (target/p042-gate/debug/deps/proposal_041_parity-e11308bee63e73e6)

running 0 tests

test result: ok. 0 passed; 0 failed; 0 ignored; 0 measured; 4 filtered out; finished in 0.00s

     Running tests/proposal_058_claim_start.rs (target/p042-gate/debug/deps/proposal_058_claim_start-250a4a08b44f461a)

running 0 tests

test result: ok. 0 passed; 0 failed; 0 ignored; 0 measured; 6 filtered out; finished in 0.00s

     Running tests/proposal_061_backpressure.rs (target/p042-gate/debug/deps/proposal_061_backpressure-dd3feafc73c4856b)

running 0 tests

test result: ok. 0 passed; 0 failed; 0 ignored; 0 measured; 2 filtered out; finished in 0.00s

     Running tests/release.rs (target/p042-gate/debug/deps/release-4352a9ddbd1068e5)

running 0 tests

test result: ok. 0 passed; 0 failed; 0 ignored; 0 measured; 11 filtered out; finished in 0.00s

   Doc-tests engine

running 0 tests

test result: ok. 0 passed; 0 failed; 0 ignored; 0 measured; 0 filtered out; finished in 0.00s

==> proposal-042: focused crate=graphql-server tests=19
   Compiling graphql-server v0.1.0 (/Users/user/Documents/Chainworks Forge/control-plane/crates/graphql-server)
    Finished `test` profile [unoptimized + debuginfo] target(s) in 11.79s
     Running unittests src/lib.rs (target/p042-gate/debug/deps/graphql_server-ed326a2ea8eaa0be)

running 16 tests
test request_id::tests::is_safe_request_id_limits_length_and_charset ... ok
test request_id::tests::middleware_generates_fresh_uuid_when_header_absent ... ok
test request_id::tests::middleware_passes_through_safe_header_value ... ok
test request_id::tests::middleware_overrides_unsafe_header_with_fresh_id ... ok
test server::tests::test_health_endpoint_returns_200_when_ready ... ok
test server::tests::test_health_endpoint_returns_200_in_degraded ... ok
test server::tests::test_ready_endpoint_returns_200_only_when_ready ... ok
test server::tests::test_daemon_status_failure_field_populated_only_when_failed ... ok
test server::tests::test_ready_endpoint_returns_503_in_degraded ... ok
test server::tests::test_health_endpoint_returns_503_only_when_starting_failed_or_shutdown ... ok
test schema::tests::daemon_status_query_is_operator_only ... ok
test schema::tests::test_daemon_status_query_includes_build_sha_and_schema_versions ... ok
test schema::tests::test_daemon_status_changed_subscription_rejects_non_operator_principal ... ok
test schema::tests::daemon_status_query_populates_failure_field_when_failed ... ok
test schema::tests::test_daemon_status_changed_subscription_auth_required ... ok
test schema::tests::daemon_status_changed_subscription_receives_transitions ... ok

test result: ok. 16 passed; 0 failed; 0 ignored; 0 measured; 32 filtered out; finished in 1.27s

     Running tests/proposal_057_contracts.rs (target/p042-gate/debug/deps/proposal_057_contracts-3b84592e15f2b2d1)

running 0 tests

test result: ok. 0 passed; 0 failed; 0 ignored; 0 measured; 1 filtered out; finished in 0.00s

     Running tests/proposal_058_runtime_facts.rs (target/p042-gate/debug/deps/proposal_058_runtime_facts-5a8ccb97e49e46a9)

running 0 tests

test result: ok. 0 passed; 0 failed; 0 ignored; 0 measured; 4 filtered out; finished in 0.00s

     Running tests/request_id_propagation.rs (target/p042-gate/debug/deps/request_id_propagation-aa5ced60ace4982e)

running 3 tests
test request_id_propagates_through_graphql_and_mcp_and_journal ... ok
test missing_inbound_request_id_still_produces_and_persists_a_fresh_uuid ... ok
test inbound_request_id_propagates_through_graphql_into_command_journal ... ok

test result: ok. 3 passed; 0 failed; 0 ignored; 0 measured; 0 filtered out; finished in 0.45s

   Doc-tests graphql_server

running 0 tests

test result: ok. 0 passed; 0 failed; 0 ignored; 0 measured; 0 filtered out; finished in 0.00s

==> proposal-042: focused crate=daemon tests=75
   Compiling graphql-server v0.1.0 (/Users/user/Documents/Chainworks Forge/control-plane/crates/graphql-server)
   Compiling mcp-server v0.1.0 (/Users/user/Documents/Chainworks Forge/control-plane/crates/mcp-server)
   Compiling daemon v0.1.0 (/Users/user/Documents/Chainworks Forge/control-plane/crates/daemon)
warning: unused import: `Duration`
  --> crates/daemon/src/supervisor.rs:22:17
   |
22 | use std::time::{Duration, SystemTime, UNIX_EPOCH};
   |                 ^^^^^^^^
   |
   = note: `#[warn(unused_imports)]` (part of `#[warn(unused)]`) on by default

warning: unused import: `std::os::unix::io::AsRawFd`
  --> crates/daemon/src/supervisor.rs:89:9
   |
89 |     use std::os::unix::io::AsRawFd;
   |         ^^^^^^^^^^^^^^^^^^^^^^^^^^

warning: `daemon` (lib) generated 2 warnings (run `cargo fix --lib -p daemon` to apply 2 suggestions)
warning: `daemon` (lib test) generated 2 warnings (2 duplicates)
    Finished `test` profile [unoptimized + debuginfo] target(s) in 4.12s
     Running unittests src/lib.rs (target/p042-gate/debug/deps/daemon-6f0d46e9c92e7f94)

running 60 tests
test failed_serve::tests::test_failed_serve_graphql_rejects_unknown_bearer_token ... ok
test failed_serve::tests::test_failed_serve_mcp_notification_returns_202 ... ok
test failed_serve::tests::test_failed_serve_mutation_refused_with_typed_envelope ... ok
test failed_serve::tests::test_failed_serve_ready_returns_503_with_failure ... ok
test failed_serve::tests::test_failed_serve_non_status_query_refused_with_typed_envelope ... ok
test failed_serve::tests::test_failed_serve_graphql_rejects_missing_authorization ... ok
test failed_serve::tests::test_failed_serve_health_returns_503_with_failure ... ok
test failed_serve::tests::test_failed_serve_mcp_returns_jsonrpc_error_with_request_id ... ok
test failed_serve::tests::test_failed_serve_daemon_status_query_resolves_with_snapshot ... ok
test log_redaction::tests::redact_bearer_is_case_insensitive_on_bearer_literal ... ok
test log_redaction::tests::redact_bearer_keeps_non_matching_text ... ok
test log_redaction::tests::redact_bearer_replaces_canonical_header ... ok
test log_redaction::tests::redact_message_empty_home_leaves_paths_unchanged ... ok
test log_redaction::tests::redact_message_handles_bearer_and_home_together ... ok
test log_redaction::tests::redact_message_no_secrets_is_identity ... ok
test log_redaction::tests::redact_message_handles_bearer_principal_and_db_together ... ok
test log_redaction::tests::redact_message_replaces_home_with_tilde ... ok
test log_redaction::tests::redact_message_unicode_stays_valid ... ok
test log_redaction::tests::redact_packaged_db_basename_leaves_identifier_like_prose_alone ... ok
test log_redaction::tests::redact_packaged_db_absolute_path ... ok
test log_redaction::tests::redact_packaged_db_basename_after_scheme ... ok
test log_redaction::tests::redact_packaged_db_tilde_path ... ok
test log_redaction::tests::redact_principal_token_case_insensitive ... ok
test log_redaction::tests::redact_principal_token_leaves_prose_like_names_alone ... ok
test log_redaction::tests::redact_principal_token_query_pair ... ok
test log_redaction::tests::redact_principal_token_without_value_still_tagged ... ok
test log_redaction::tests::redacting_make_writer_factory_threads_home_to_each_writer ... ok
test log_redaction::tests::redacting_writer_passes_through_binary_bytes_unchanged ... ok
test log_redaction::tests::redacting_writer_replaces_home_prefix_before_writing ... ok
test log_redaction::tests::redacting_writer_strips_bearer_token_before_writing ... ok
test log_retention::tests::missing_directory_returns_empty_report_without_panicking ... ok
test packaging::tests::enforce_loopback_leaves_dev_mode_alone ... ok
test packaging::tests::enforce_loopback_rewrites_packaged_non_loopback ... ok
test packaging::tests::mode_from_env_var_variants ... ok
test packaging::tests::mode_is_packaged_predicate ... ok
test packaging::tests::packaged_cwd_target_is_none_for_non_packaged_modes ... ok
test packaging::tests::packaged_cwd_target_is_none_when_home_is_unknown ... ok
test packaging::tests::packaged_cwd_target_returns_home_for_packaged_modes ... ok
test packaging::tests::resolved_build_sha_honors_runtime_override_and_dev_fallback ... ok
test packaging::tests::resolve_paths_packaged_app_uses_application_support ... ok
test packaging::tests::bind_with_fallback_writes_daemon_port_file ... ok
test packaging::tests::write_build_sha_creates_file_with_content ... ok
test packaging::tests::write_build_sha_value_roundtrips_caller_supplied_sha ... ok
test log_retention::tests::live_file_is_never_considered_for_deletion ... ok
test supervisor::tests::crash_budget_absent_file_is_clean ... ok
test supervisor::tests::crash_budget_single_crash_is_warn ... ok
test log_retention::tests::sweep_is_idempotent_and_noop_on_clean_dir ... ok
test log_retention::tests::age_cap_deletes_files_older_than_seven_days ... ok
test log_retention::tests::unrelated_files_in_log_dir_are_ignored ... ok
test supervisor::tests::crash_budget_stale_window_is_window_expired ... ok
test log_retention::tests::size_cap_drops_oldest_when_over_max_total_bytes ... ok
test supervisor::tests::crash_budget_five_crashes_in_60s_is_exhausted ... ok
test supervisor::tests::pid_lock_acquires_on_fresh_path ... ok
test failed_serve::tests::test_failed_serve_listener_variant_binds_and_serves_status ... ok
test supervisor::tests::reset_crash_budget_removes_file_idempotently ... ok
test supervisor::tests::pid_lock_rejects_duplicate_live_holder ... ok
test supervisor::tests::record_crash_after_window_expiry_starts_new_window ... ok
test supervisor::tests::pid_lock_reclaims_stale_file_after_crash ... ok
test log_retention::tests::count_cap_keeps_newest_five ... ok
test supervisor::tests::pid_lock_drop_removes_file_and_releases_flock ... ok

test result: ok. 60 passed; 0 failed; 0 ignored; 0 measured; 3 filtered out; finished in 0.09s

     Running unittests src/main.rs (target/p042-gate/debug/deps/control_plane-8b6165ee7bc6fc69)

running 10 tests
test tests::map_migration_error_lock_failed_without_backup_hint_has_none ... ok
test tests::map_migration_error_apply_failed_without_backup_hint_stays_none ... ok
test tests::dev_mode_has_no_log_path_so_stderr_is_used ... ok
test tests::map_migration_error_apply_failed_extracts_backup_path_when_present ... ok
test tests::map_migration_error_lock_failed_extracts_backup_path_when_present ... ok
test tests::packaged_mode_with_log_path_would_install_rolling_appender ... ok
test tests::map_migration_error_covers_every_variant ... ok
test tests::shutdown_serve_returning_before_signal_reports_serve_first ... ok
test tests::shutdown_drain_completes_within_deadline_exits_zero ... ok
test tests::shutdown_drain_exceeds_deadline_reports_timeout ... ok

test result: ok. 10 passed; 0 failed; 0 ignored; 0 measured; 0 filtered out; finished in 0.10s

     Running tests/dogfood_config.rs (target/p042-gate/debug/deps/dogfood_config-23bb670da0315d0e)

running 0 tests

test result: ok. 0 passed; 0 failed; 0 ignored; 0 measured; 2 filtered out; finished in 0.00s

     Running tests/lifecycle_failure_round_trip.rs (target/p042-gate/debug/deps/lifecycle_failure_round_trip-dcbd84bc3d99bfc9)

running 5 tests
test test_failure_reentering_ready_clears_failure_and_preserves_started_at ... ok
test test_failure_schema_newer_than_binary_round_trips ... ok
test test_failure_backup_failed_round_trips ... ok
test test_failure_crash_loop_budget_exhausted_round_trips ... ok
test test_failure_migration_failed_round_trips_through_health_and_status ... ok

test result: ok. 5 passed; 0 failed; 0 ignored; 0 measured; 0 filtered out; finished in 0.00s

     Running tests/mcp_stdio.rs (target/p042-gate/debug/deps/mcp_stdio-e9a69ec04222741a)

running 0 tests

test result: ok. 0 passed; 0 failed; 0 ignored; 0 measured; 6 filtered out; finished in 0.00s

     Running tests/steward_runtime_bootstrap_tests.rs (target/p042-gate/debug/deps/steward_runtime_bootstrap_tests-38c6b15d8e39ab7b)

running 0 tests

test result: ok. 0 passed; 0 failed; 0 ignored; 0 measured; 2 filtered out; finished in 0.00s

   Doc-tests daemon

running 0 tests

test result: ok. 0 passed; 0 failed; 0 ignored; 0 measured; 1 filtered out; finished in 0.00s

==> proposal-042: focused crate=db tests=13
    Finished `test` profile [unoptimized + debuginfo] target(s) in 0.23s
     Running unittests src/lib.rs (target/p042-gate/debug/deps/db-130d33a8832aa7a1)

running 13 tests
test migrate::tests::classify_memory_db_is_missing_or_zero_byte ... ok
test migrate::tests::binary_schema_version_matches_migrator_max ... ok
test migrate::tests::classify_zero_byte_file_is_clean_install ... ok
test migrate::tests::classify_missing_file_is_clean_install ... ok
test migrate::tests::classify_populated_no_tracker_is_existing_without_tracker ... ok
test migrate::tests::run_preflight_existing_db_without_tracker_fails_closed ... ok
test migrate::tests::run_preflight_missing_db_clean_installs_and_applies_all ... ok
test migrate::tests::run_preflight_zero_byte_db_clean_installs_and_applies_all ... ok
test migrate::tests::run_preflight_applied_equals_binary_is_noop ... ok
test migrate::tests::classify_fully_migrated_is_tracked_equal ... ok
test migrate::tests::run_preflight_newer_than_binary_fails_closed ... ok
test migrate::tests::run_preflight_subset_classifies_correctly_and_writes_backup ... ok
test migrate::tests::run_preflight_interleaved_divergence_fails_closed ... ok

test result: ok. 13 passed; 0 failed; 0 ignored; 0 measured; 1 filtered out; finished in 0.63s

     Running tests/integration.rs (target/p042-gate/debug/deps/integration-62257173b52e4187)

running 0 tests

test result: ok. 0 passed; 0 failed; 0 ignored; 0 measured; 20 filtered out; finished in 0.00s

     Running tests/proposal_057_contracts.rs (target/p042-gate/debug/deps/proposal_057_contracts-33a8ac8695d897ad)

running 0 tests

test result: ok. 0 passed; 0 failed; 0 ignored; 0 measured; 8 filtered out; finished in 0.00s

     Running tests/proposal_058_claim_start.rs (target/p042-gate/debug/deps/proposal_058_claim_start-953f7cea5948472b)

running 0 tests

test result: ok. 0 passed; 0 failed; 0 ignored; 0 measured; 2 filtered out; finished in 0.00s

     Running tests/proposal_058_runtime_facts.rs (target/p042-gate/debug/deps/proposal_058_runtime_facts-2a77a09a5f621d8a)

running 0 tests

test result: ok. 0 passed; 0 failed; 0 ignored; 0 measured; 8 filtered out; finished in 0.00s

   Doc-tests db

running 0 tests

test result: ok. 0 passed; 0 failed; 0 ignored; 0 measured; 0 filtered out; finished in 0.00s

==> proposal-042: focused crate=mcp-server tests=6
   Compiling mcp-server v0.1.0 (/Users/user/Documents/Chainworks Forge/control-plane/crates/mcp-server)
    Finished `test` profile [unoptimized + debuginfo] target(s) in 1.43s
     Running unittests src/lib.rs (target/p042-gate/debug/deps/mcp_server-7760554cd3574101)

running 5 tests
test request_context::tests::scope_request_id_none_is_transparent ... ok
test request_context::tests::mcp_caller_picks_up_scoped_request_id ... ok
test request_context::tests::mcp_caller_is_unscoped_outside_request_body ... ok
test http::tests::test_mcp_http_error_includes_request_id_in_error_data ... ok
test http::tests::test_mcp_http_parse_error_includes_request_id ... ok

test result: ok. 5 passed; 0 failed; 0 ignored; 0 measured; 40 filtered out; finished in 0.20s

     Running tests/proposal_057_contracts.rs (target/p042-gate/debug/deps/proposal_057_contracts-26a0f81ecf388ec9)

running 1 test
test artifacts_override_contract_attaches_ambient_mcp_request_id_to_journal ... ok

test result: ok. 1 passed; 0 failed; 0 ignored; 0 measured; 3 filtered out; finished in 0.08s

     Running tests/proposal_058_runtime_facts.rs (target/p042-gate/debug/deps/proposal_058_runtime_facts-dba7c06066b4814a)

running 0 tests

test result: ok. 0 passed; 0 failed; 0 ignored; 0 measured; 1 filtered out; finished in 0.00s

   Doc-tests mcp_server

running 0 tests

test result: ok. 0 passed; 0 failed; 0 ignored; 0 measured; 1 filtered out; finished in 0.00s

==> proposal-042: focused inventory (126 tests across 6 crates) passed
==> proposal-042: launching workspace regression + Swift lane in parallel
==> Proposal 042 Swift gate: DaemonLifecycleClient + DiagnosticsBundle + PackagedBinary
==>   gate-owned DerivedData: /var/folders/fj/v77kf6rs4dz1ybsm1_1_qhb00000gn/T//chainworks-test-gates/p042-swift-20260420T063001Z-DerivedData
Command line invocation:
    /Applications/Xcode.app/Contents/Developer/usr/bin/xcodebuild test -scheme "Chainworks Forge" -destination platform=macOS,arch=arm64 -configuration Debug -derivedDataPath /var/folders/fj/v77kf6rs4dz1ybsm1_1_qhb00000gn/T//chainworks-test-gates/p042-swift-20260420T063001Z-DerivedData "-only-testing:Chainworks ForgeTests/DaemonLifecycleClientTests" "-only-testing:Chainworks ForgeTests/DiagnosticsBundleTests" "-only-testing:Chainworks ForgeTests/PackagedBinaryTests" "-only-testing:Chainworks ForgeTests/SupervisorTests" "-only-testing:Chainworks ForgeTests/CrashBudgetResetTests"

2026-04-20 09:30:07.781 xcodebuild[26645:25578309]  DVTDeviceOperation: Encountered a build number "" that is incompatible with DVTBuildVersion.
2026-04-20 09:30:07.856 xcodebuild[26645:25576622] [MT] DVTDeviceOperation: Encountered a build number "" that is incompatible with DVTBuildVersion.
Resolve Package Graph

Fetching from https://github.com/jpsim/Yams.git (cached)

Creating working copy of package ‘Yams’

Checking out 5.4.0 of package ‘Yams’


Resolved source packages:
  Yams: https://github.com/jpsim/Yams.git @ 5.4.0

ComputePackagePrebuildTargetDependencyGraph

Prepare packages

CreateBuildRequest

SendProjectDescription

CreateBuildOperation

ComputeTargetDependencyGraph
note: Building targets in dependency order
note: Target dependency graph (5 targets)
    Target 'Chainworks ForgeTests' in project 'Chainworks Forge'
        ➜ Explicit dependency on target 'Chainworks Forge' in project 'Chainworks Forge'
        ➜ Explicit dependency on target 'Yams' in project 'Yams'
    Target 'Chainworks Forge' in project 'Chainworks Forge'
        ➜ Explicit dependency on target 'Yams' in project 'Yams'
    Target 'Yams' in project 'Yams'
        ➜ Explicit dependency on target 'Yams' in project 'Yams'
        ➜ Explicit dependency on target 'CYaml' in project 'Yams'
    Target 'Yams' in project 'Yams'
        ➜ Explicit dependency on target 'CYaml' in project 'Yams'
    Target 'CYaml' in project 'Yams' (no dependencies)

GatherProvisioningInputs

CreateBuildDescription

ExecuteExternalTool /Applications/Xcode.app/Contents/Developer/Toolchains/XcodeDefault.xctoolchain/usr/bin/clang -v -E -dM -isysroot /Applications/Xcode.app/Contents/Developer/Platforms/MacOSX.platform/Developer/SDKs/MacOSX26.4.sdk -x c -c /dev/null

ExecuteExternalTool /Applications/Xcode.app/Contents/Developer/Toolchains/XcodeDefault.xctoolchain/usr/bin/clang -v -E -dM -arch arm64 -isysroot /Applications/Xcode.app/Contents/Developer/Platforms/MacOSX.platform/Developer/SDKs/MacOSX26.4.sdk -x c -c /dev/null

ExecuteExternalTool /Applications/Xcode.app/Contents/Developer/Toolchains/XcodeDefault.xctoolchain/usr/bin/swiftc --version

ExecuteExternalTool /Applications/Xcode.app/Contents/Developer/Toolchains/XcodeDefault.xctoolchain/usr/bin/ld -version_details

ExecuteExternalTool /Applications/Xcode.app/Contents/Developer/usr/bin/actool --version --output-format xml1

Build description signature: 53405dab09e08b209647f85be9587674
Build description path: /var/folders/fj/v77kf6rs4dz1ybsm1_1_qhb00000gn/T/chainworks-test-gates/p042-swift-20260420T063001Z-DerivedData/Build/Intermediates.noindex/XCBuildData/53405dab09e08b209647f85be9587674.xcbuilddata
CreateBuildDirectory /var/folders/fj/v77kf6rs4dz1ybsm1_1_qhb00000gn/T/chainworks-test-gates/p042-swift-20260420T063001Z-DerivedData/Build/Intermediates.noindex
    cd /Users/user/Documents/Chainworks\ Forge/Chainworks\ Forge.xcodeproj
    builtin-create-build-directory /var/folders/fj/v77kf6rs4dz1ybsm1_1_qhb00000gn/T/chainworks-test-gates/p042-swift-20260420T063001Z-DerivedData/Build/Intermediates.noindex

CreateBuildDirectory /var/folders/fj/v77kf6rs4dz1ybsm1_1_qhb00000gn/T/chainworks-test-gates/p042-swift-20260420T063001Z-DerivedData/Build/Products
    cd /Users/user/Documents/Chainworks\ Forge/Chainworks\ Forge.xcodeproj
    builtin-create-build-directory /var/folders/fj/v77kf6rs4dz1ybsm1_1_qhb00000gn/T/chainworks-test-gates/p042-swift-20260420T063001Z-DerivedData/Build/Products

ClangStatCache /Applications/Xcode.app/Contents/Developer/Toolchains/XcodeDefault.xctoolchain/usr/bin/clang-stat-cache /Applications/Xcode.app/Contents/Developer/Platforms/MacOSX.platform/Developer/SDKs/MacOSX26.4.sdk /var/folders/fj/v77kf6rs4dz1ybsm1_1_qhb00000gn/T/chainworks-test-gates/p042-swift-20260420T063001Z-DerivedData/SDKStatCaches.noindex/macosx26.4-25E251-30f9ca8789b706f8bd3fc906a70d770f.sdkstatcache
    cd /Users/user/Documents/Chainworks\ Forge/Chainworks\ Forge.xcodeproj
    /Applications/Xcode.app/Contents/Developer/Toolchains/XcodeDefault.xctoolchain/usr/bin/clang-stat-cache /Applications/Xcode.app/Contents/Developer/Platforms/MacOSX.platform/Developer/SDKs/MacOSX26.4.sdk -o /var/folders/fj/v77kf6rs4dz1ybsm1_1_qhb00000gn/T/chainworks-test-gates/p042-swift-20260420T063001Z-DerivedData/SDKStatCaches.noindex/macosx26.4-25E251-30f9ca8789b706f8bd3fc906a70d770f.sdkstatcache

CreateBuildDirectory /var/folders/fj/v77kf6rs4dz1ybsm1_1_qhb00000gn/T/chainworks-test-gates/p042-swift-20260420T063001Z-DerivedData/Build/Products/Debug
    cd /Users/user/Documents/Chainworks\ Forge/Chainworks\ Forge.xcodeproj
    builtin-create-build-directory /var/folders/fj/v77kf6rs4dz1ybsm1_1_qhb00000gn/T/chainworks-test-gates/p042-swift-20260420T063001Z-DerivedData/Build/Products/Debug

CreateBuildDirectory /var/folders/fj/v77kf6rs4dz1ybsm1_1_qhb00000gn/T/chainworks-test-gates/p042-swift-20260420T063001Z-DerivedData/Build/Intermediates.noindex/SwiftExplicitPrecompiledModules
    cd /Users/user/Documents/Chainworks\ Forge/Chainworks\ Forge.xcodeproj
    builtin-create-build-directory /var/folders/fj/v77kf6rs4dz1ybsm1_1_qhb00000gn/T/chainworks-test-gates/p042-swift-20260420T063001Z-DerivedData/Build/Intermediates.noindex/SwiftExplicitPrecompiledModules

CreateBuildDirectory /var/folders/fj/v77kf6rs4dz1ybsm1_1_qhb00000gn/T/chainworks-test-gates/p042-swift-20260420T063001Z-DerivedData/Build/Intermediates.noindex/ExplicitPrecompiledModules
    cd /Users/user/Documents/Chainworks\ Forge/Chainworks\ Forge.xcodeproj
    builtin-create-build-directory /var/folders/fj/v77kf6rs4dz1ybsm1_1_qhb00000gn/T/chainworks-test-gates/p042-swift-20260420T063001Z-DerivedData/Build/Intermediates.noindex/ExplicitPrecompiledModules

CreateBuildDirectory /var/folders/fj/v77kf6rs4dz1ybsm1_1_qhb00000gn/T/chainworks-test-gates/p042-swift-20260420T063001Z-DerivedData/Build/Intermediates.noindex/EagerLinkingTBDs/Debug
    cd /Users/user/Documents/Chainworks\ Forge/Chainworks\ Forge.xcodeproj
    builtin-create-build-directory /var/folders/fj/v77kf6rs4dz1ybsm1_1_qhb00000gn/T/chainworks-test-gates/p042-swift-20260420T063001Z-DerivedData/Build/Intermediates.noindex/EagerLinkingTBDs/Debug

WriteAuxiliaryFile /var/folders/fj/v77kf6rs4dz1ybsm1_1_qhb00000gn/T/chainworks-test-gates/p042-swift-20260420T063001Z-DerivedData/Build/Intermediates.noindex/Chainworks\ Forge.build/Debug/Chainworks\ Forge-6a18b84c5887fced543750989b10baf6-VFS/all-product-headers.yaml
    cd /Users/user/Documents/Chainworks\ Forge/Chainworks\ Forge.xcodeproj
    write-file /var/folders/fj/v77kf6rs4dz1ybsm1_1_qhb00000gn/T/chainworks-test-gates/p042-swift-20260420T063001Z-DerivedData/Build/Intermediates.noindex/Chainworks\ Forge.build/Debug/Chainworks\ Forge-6a18b84c5887fced543750989b10baf6-VFS/all-product-headers.yaml

CreateBuildDirectory /var/folders/fj/v77kf6rs4dz1ybsm1_1_qhb00000gn/T/chainworks-test-gates/p042-swift-20260420T063001Z-DerivedData/Build/Products/Debug/PackageFrameworks
    cd /Users/user/Documents/Chainworks\ Forge/Chainworks\ Forge.xcodeproj
    builtin-create-build-directory /var/folders/fj/v77kf6rs4dz1ybsm1_1_qhb00000gn/T/chainworks-test-gates/p042-swift-20260420T063001Z-DerivedData/Build/Products/Debug/PackageFrameworks

WriteAuxiliaryFile /var/folders/fj/v77kf6rs4dz1ybsm1_1_qhb00000gn/T/chainworks-test-gates/p042-swift-20260420T063001Z-DerivedData/Build/Intermediates.noindex/Yams.build/Debug/CYaml.build/CYaml.DependencyMetadataFileList (in target 'CYaml' from project 'Yams')
    cd /var/folders/fj/v77kf6rs4dz1ybsm1_1_qhb00000gn/T/chainworks-test-gates/p042-swift-20260420T063001Z-DerivedData/SourcePackages/checkouts/Yams
    write-file /var/folders/fj/v77kf6rs4dz1ybsm1_1_qhb00000gn/T/chainworks-test-gates/p042-swift-20260420T063001Z-DerivedData/Build/Intermediates.noindex/Yams.build/Debug/CYaml.build/CYaml.DependencyMetadataFileList

WriteAuxiliaryFile /var/folders/fj/v77kf6rs4dz1ybsm1_1_qhb00000gn/T/chainworks-test-gates/p042-swift-20260420T063001Z-DerivedData/Build/Intermediates.noindex/Yams.build/Debug/CYaml.build/CYaml.DependencyStaticMetadataFileList (in target 'CYaml' from project 'Yams')
    cd /var/folders/fj/v77kf6rs4dz1ybsm1_1_qhb00000gn/T/chainworks-test-gates/p042-swift-20260420T063001Z-DerivedData/SourcePackages/checkouts/Yams
    write-file /var/folders/fj/v77kf6rs4dz1ybsm1_1_qhb00000gn/T/chainworks-test-gates/p042-swift-20260420T063001Z-DerivedData/Build/Intermediates.noindex/Yams.build/Debug/CYaml.build/CYaml.DependencyStaticMetadataFileList

WriteAuxiliaryFile /var/folders/fj/v77kf6rs4dz1ybsm1_1_qhb00000gn/T/chainworks-test-gates/p042-swift-20260420T063001Z-DerivedData/Build/Intermediates.noindex/Yams.build/Debug/Yams.build/Yams.modulemap (in target 'Yams' from project 'Yams')
    cd /var/folders/fj/v77kf6rs4dz1ybsm1_1_qhb00000gn/T/chainworks-test-gates/p042-swift-20260420T063001Z-DerivedData/SourcePackages/checkouts/Yams
    write-file /var/folders/fj/v77kf6rs4dz1ybsm1_1_qhb00000gn/T/chainworks-test-gates/p042-swift-20260420T063001Z-DerivedData/Build/Intermediates.noindex/Yams.build/Debug/Yams.build/Yams.modulemap

WriteAuxiliaryFile /var/folders/fj/v77kf6rs4dz1ybsm1_1_qhb00000gn/T/chainworks-test-gates/p042-swift-20260420T063001Z-DerivedData/Build/Intermediates.noindex/Yams.build/Debug/Yams.build/Yams.DependencyStaticMetadataFileList (in target 'Yams' from project 'Yams')
    cd /var/folders/fj/v77kf6rs4dz1ybsm1_1_qhb00000gn/T/chainworks-test-gates/p042-swift-20260420T063001Z-DerivedData/SourcePackages/checkouts/Yams
    write-file /var/folders/fj/v77kf6rs4dz1ybsm1_1_qhb00000gn/T/chainworks-test-gates/p042-swift-20260420T063001Z-DerivedData/Build/Intermediates.noindex/Yams.build/Debug/Yams.build/Yams.DependencyStaticMetadataFileList

WriteAuxiliaryFile /var/folders/fj/v77kf6rs4dz1ybsm1_1_qhb00000gn/T/chainworks-test-gates/p042-swift-20260420T063001Z-DerivedData/Build/Intermediates.noindex/Yams.build/Debug/CYaml.build/Objects-normal/arm64/7187679823f38a2a940e0043cdf9d637-common-args.resp (in target 'CYaml' from project 'Yams')
    cd /var/folders/fj/v77kf6rs4dz1ybsm1_1_qhb00000gn/T/chainworks-test-gates/p042-swift-20260420T063001Z-DerivedData/SourcePackages/checkouts/Yams
    write-file /var/folders/fj/v77kf6rs4dz1ybsm1_1_qhb00000gn/T/chainworks-test-gates/p042-swift-20260420T063001Z-DerivedData/Build/Intermediates.noindex/Yams.build/Debug/CYaml.build/Objects-normal/arm64/7187679823f38a2a940e0043cdf9d637-common-args.resp
-fmodules -gmodules '-fmodules-cache-path=/var/folders/fj/v77kf6rs4dz1ybsm1_1_qhb00000gn/T/chainworks-test-gates/p042-swift-20260420T063001Z-DerivedData/ModuleCache.noindex' '-fmodule-name=CYaml' -fpascal-strings -O0 -DSWIFT_PACKAGE '-DDEBUG=1' -DYAML_DECLARE_STATIC -g -fprofile-instr-generate -fcoverage-mapping -I/var/folders/fj/v77kf6rs4dz1ybsm1_1_qhb00000gn/T/chainworks-test-gates/p042-swift-20260420T063001Z-DerivedData/Build/Products/Debug/include -I/var/folders/fj/v77kf6rs4dz1ybsm1_1_qhb00000gn/T/chainworks-test-gates/p042-swift-20260420T063001Z-DerivedData/SourcePackages/checkouts/Yams/Sources/CYaml/include -I/var/folders/fj/v77kf6rs4dz1ybsm1_1_qhb00000gn/T/chainworks-test-gates/p042-swift-20260420T063001Z-DerivedData/Build/Intermediates.noindex/Yams.build/Debug/CYaml.build/DerivedSources-normal/arm64 -I/var/folders/fj/v77kf6rs4dz1ybsm1_1_qhb00000gn/T/chainworks-test-gates/p042-swift-20260420T063001Z-DerivedData/Build/Intermediates.noindex/Yams.build/Debug/CYaml.build/DerivedSources/arm64 -I/var/folders/fj/v77kf6rs4dz1ybsm1_1_qhb00000gn/T/chainworks-test-gates/p042-swift-20260420T063001Z-DerivedData/Build/Intermediates.noindex/Yams.build/Debug/CYaml.build/DerivedSources -F/var/folders/fj/v77kf6rs4dz1ybsm1_1_qhb00000gn/T/chainworks-test-gates/p042-swift-20260420T063001Z-DerivedData/Build/Products/Debug -iframework /Applications/Xcode.app/Contents/Developer/Platforms/MacOSX.platform/Developer/Library/Frameworks -DXcode

WriteAuxiliaryFile /var/folders/fj/v77kf6rs4dz1ybsm1_1_qhb00000gn/T/chainworks-test-gates/p042-swift-20260420T063001Z-DerivedData/Build/Intermediates.noindex/Yams.build/Debug/CYaml.build/Objects-normal/arm64/CYaml.LinkFileList (in target 'CYaml' from project 'Yams')
    cd /var/folders/fj/v77kf6rs4dz1ybsm1_1_qhb00000gn/T/chainworks-test-gates/p042-swift-20260420T063001Z-DerivedData/SourcePackages/checkouts/Yams
    write-file /var/folders/fj/v77kf6rs4dz1ybsm1_1_qhb00000gn/T/chainworks-test-gates/p042-swift-20260420T063001Z-DerivedData/Build/Intermediates.noindex/Yams.build/Debug/CYaml.build/Objects-normal/arm64/CYaml.LinkFileList

WriteAuxiliaryFile /var/folders/fj/v77kf6rs4dz1ybsm1_1_qhb00000gn/T/chainworks-test-gates/p042-swift-20260420T063001Z-DerivedData/Build/Intermediates.noindex/Yams.build/Debug/Yams.build/Objects-normal/arm64/Yams-OutputFileMap.json (in target 'Yams' from project 'Yams')
    cd /var/folders/fj/v77kf6rs4dz1ybsm1_1_qhb00000gn/T/chainworks-test-gates/p042-swift-20260420T063001Z-DerivedData/SourcePackages/checkouts/Yams
    write-file /var/folders/fj/v77kf6rs4dz1ybsm1_1_qhb00000gn/T/chainworks-test-gates/p042-swift-20260420T063001Z-DerivedData/Build/Intermediates.noindex/Yams.build/Debug/Yams.build/Objects-normal/arm64/Yams-OutputFileMap.json

WriteAuxiliaryFile /var/folders/fj/v77kf6rs4dz1ybsm1_1_qhb00000gn/T/chainworks-test-gates/p042-swift-20260420T063001Z-DerivedData/Build/Intermediates.noindex/Yams.build/Debug/Yams.build/Objects-normal/arm64/Yams.LinkFileList (in target 'Yams' from project 'Yams')
    cd /var/folders/fj/v77kf6rs4dz1ybsm1_1_qhb00000gn/T/chainworks-test-gates/p042-swift-20260420T063001Z-DerivedData/SourcePackages/checkouts/Yams
    write-file /var/folders/fj/v77kf6rs4dz1ybsm1_1_qhb00000gn/T/chainworks-test-gates/p042-swift-20260420T063001Z-DerivedData/Build/Intermediates.noindex/Yams.build/Debug/Yams.build/Objects-normal/arm64/Yams.LinkFileList

WriteAuxiliaryFile /var/folders/fj/v77kf6rs4dz1ybsm1_1_qhb00000gn/T/chainworks-test-gates/p042-swift-20260420T063001Z-DerivedData/Build/Intermediates.noindex/Yams.build/Debug/Yams.build/Objects-normal/arm64/Yams_const_extract_protocols.json (in target 'Yams' from project 'Yams')
    cd /var/folders/fj/v77kf6rs4dz1ybsm1_1_qhb00000gn/T/chainworks-test-gates/p042-swift-20260420T063001Z-DerivedData/SourcePackages/checkouts/Yams
    write-file /var/folders/fj/v77kf6rs4dz1ybsm1_1_qhb00000gn/T/chainworks-test-gates/p042-swift-20260420T063001Z-DerivedData/Build/Intermediates.noindex/Yams.build/Debug/Yams.build/Objects-normal/arm64/Yams_const_extract_protocols.json

WriteAuxiliaryFile /var/folders/fj/v77kf6rs4dz1ybsm1_1_qhb00000gn/T/chainworks-test-gates/p042-swift-20260420T063001Z-DerivedData/Build/Intermediates.noindex/Yams.build/Debug/Yams.build/Yams.DependencyMetadataFileList (in target 'Yams' from project 'Yams')
    cd /var/folders/fj/v77kf6rs4dz1ybsm1_1_qhb00000gn/T/chainworks-test-gates/p042-swift-20260420T063001Z-DerivedData/SourcePackages/checkouts/Yams
    write-file /var/folders/fj/v77kf6rs4dz1ybsm1_1_qhb00000gn/T/chainworks-test-gates/p042-swift-20260420T063001Z-DerivedData/Build/Intermediates.noindex/Yams.build/Debug/Yams.build/Yams.DependencyMetadataFileList

WriteAuxiliaryFile /var/folders/fj/v77kf6rs4dz1ybsm1_1_qhb00000gn/T/chainworks-test-gates/p042-swift-20260420T063001Z-DerivedData/Build/Intermediates.noindex/Yams.build/Debug/Yams.build/Objects-normal/arm64/Yams.SwiftFileList (in target 'Yams' from project 'Yams')
    cd /var/folders/fj/v77kf6rs4dz1ybsm1_1_qhb00000gn/T/chainworks-test-gates/p042-swift-20260420T063001Z-DerivedData/SourcePackages/checkouts/Yams
    write-file /var/folders/fj/v77kf6rs4dz1ybsm1_1_qhb00000gn/T/chainworks-test-gates/p042-swift-20260420T063001Z-DerivedData/Build/Intermediates.noindex/Yams.build/Debug/Yams.build/Objects-normal/arm64/Yams.SwiftFileList

WriteAuxiliaryFile /var/folders/fj/v77kf6rs4dz1ybsm1_1_qhb00000gn/T/chainworks-test-gates/p042-swift-20260420T063001Z-DerivedData/Build/Intermediates.noindex/Yams.build/Debug/Yams.build/Objects-normal/arm64/Yams.SwiftConstValuesFileList (in target 'Yams' from project 'Yams')
    cd /var/folders/fj/v77kf6rs4dz1ybsm1_1_qhb00000gn/T/chainworks-test-gates/p042-swift-20260420T063001Z-DerivedData/SourcePackages/checkouts/Yams
    write-file /var/folders/fj/v77kf6rs4dz1ybsm1_1_qhb00000gn/T/chainworks-test-gates/p042-swift-20260420T063001Z-DerivedData/Build/Intermediates.noindex/Yams.build/Debug/Yams.build/Objects-normal/arm64/Yams.SwiftConstValuesFileList

WriteAuxiliaryFile /var/folders/fj/v77kf6rs4dz1ybsm1_1_qhb00000gn/T/chainworks-test-gates/p042-swift-20260420T063001Z-DerivedData/Build/Intermediates.noindex/Yams.build/Debug/Yams\ product.build/empty-Yams_712EB057E_PackageProduct.plist (in target 'Yams' from project 'Yams')
    cd /var/folders/fj/v77kf6rs4dz1ybsm1_1_qhb00000gn/T/chainworks-test-gates/p042-swift-20260420T063001Z-DerivedData/SourcePackages/checkouts/Yams
    write-file /var/folders/fj/v77kf6rs4dz1ybsm1_1_qhb00000gn/T/chainworks-test-gates/p042-swift-20260420T063001Z-DerivedData/Build/Intermediates.noindex/Yams.build/Debug/Yams\ product.build/empty-Yams_712EB057E_PackageProduct.plist

WriteAuxiliaryFile /var/folders/fj/v77kf6rs4dz1ybsm1_1_qhb00000gn/T/chainworks-test-gates/p042-swift-20260420T063001Z-DerivedData/Build/Intermediates.noindex/Yams.build/Debug/Yams\ product.build/Yams_712EB057E_PackageProduct.DependencyStaticMetadataFileList (in target 'Yams' from project 'Yams')
    cd /var/folders/fj/v77kf6rs4dz1ybsm1_1_qhb00000gn/T/chainworks-test-gates/p042-swift-20260420T063001Z-DerivedData/SourcePackages/checkouts/Yams
    write-file /var/folders/fj/v77kf6rs4dz1ybsm1_1_qhb00000gn/T/chainworks-test-gates/p042-swift-20260420T063001Z-DerivedData/Build/Intermediates.noindex/Yams.build/Debug/Yams\ product.build/Yams_712EB057E_PackageProduct.DependencyStaticMetadataFileList

WriteAuxiliaryFile /var/folders/fj/v77kf6rs4dz1ybsm1_1_qhb00000gn/T/chainworks-test-gates/p042-swift-20260420T063001Z-DerivedData/Build/Intermediates.noindex/Yams.build/Debug/Yams\ product.build/Yams_712EB057E_PackageProduct.DependencyMetadataFileList (in target 'Yams' from project 'Yams')
    cd /var/folders/fj/v77kf6rs4dz1ybsm1_1_qhb00000gn/T/chainworks-test-gates/p042-swift-20260420T063001Z-DerivedData/SourcePackages/checkouts/Yams
    write-file /var/folders/fj/v77kf6rs4dz1ybsm1_1_qhb00000gn/T/chainworks-test-gates/p042-swift-20260420T063001Z-DerivedData/Build/Intermediates.noindex/Yams.build/Debug/Yams\ product.build/Yams_712EB057E_PackageProduct.DependencyMetadataFileList

WriteAuxiliaryFile /var/folders/fj/v77kf6rs4dz1ybsm1_1_qhb00000gn/T/chainworks-test-gates/p042-swift-20260420T063001Z-DerivedData/Build/Intermediates.noindex/Yams.build/Debug/Yams\ product.build/Objects-normal/arm64/Yams_712EB057E_PackageProduct.LinkFileList (in target 'Yams' from project 'Yams')
    cd /var/folders/fj/v77kf6rs4dz1ybsm1_1_qhb00000gn/T/chainworks-test-gates/p042-swift-20260420T063001Z-DerivedData/SourcePackages/checkouts/Yams
    write-file /var/folders/fj/v77kf6rs4dz1ybsm1_1_qhb00000gn/T/chainworks-test-gates/p042-swift-20260420T063001Z-DerivedData/Build/Intermediates.noindex/Yams.build/Debug/Yams\ product.build/Objects-normal/arm64/Yams_712EB057E_PackageProduct.LinkFileList

WriteAuxiliaryFile /var/folders/fj/v77kf6rs4dz1ybsm1_1_qhb00000gn/T/chainworks-test-gates/p042-swift-20260420T063001Z-DerivedData/Build/Intermediates.noindex/Chainworks\ Forge.build/Debug/Chainworks\ ForgeTests.build/empty-Chainworks\ ForgeTests.plist (in target 'Chainworks ForgeTests' from project 'Chainworks Forge')
    cd /Users/user/Documents/Chainworks\ Forge
    write-file /var/folders/fj/v77kf6rs4dz1ybsm1_1_qhb00000gn/T/chainworks-test-gates/p042-swift-20260420T063001Z-DerivedData/Build/Intermediates.noindex/Chainworks\ Forge.build/Debug/Chainworks\ ForgeTests.build/empty-Chainworks\ ForgeTests.plist

WriteAuxiliaryFile /var/folders/fj/v77kf6rs4dz1ybsm1_1_qhb00000gn/T/chainworks-test-gates/p042-swift-20260420T063001Z-DerivedData/Build/Intermediates.noindex/Chainworks\ Forge.build/Debug/Chainworks\ ForgeTests.build/Objects-normal/arm64/Chainworks\ ForgeTests_const_extract_protocols.json (in target 'Chainworks ForgeTests' from project 'Chainworks Forge')
    cd /Users/user/Documents/Chainworks\ Forge
    write-file /var/folders/fj/v77kf6rs4dz1ybsm1_1_qhb00000gn/T/chainworks-test-gates/p042-swift-20260420T063001Z-DerivedData/Build/Intermediates.noindex/Chainworks\ Forge.build/Debug/Chainworks\ ForgeTests.build/Objects-normal/arm64/Chainworks\ ForgeTests_const_extract_protocols.json

WriteAuxiliaryFile /var/folders/fj/v77kf6rs4dz1ybsm1_1_qhb00000gn/T/chainworks-test-gates/p042-swift-20260420T063001Z-DerivedData/Build/Intermediates.noindex/Chainworks\ Forge.build/Debug/Chainworks\ ForgeTests.build/Objects-normal/arm64/Chainworks\ ForgeTests.SwiftFileList (in target 'Chainworks ForgeTests' from project 'Chainworks Forge')
    cd /Users/user/Documents/Chainworks\ Forge
    write-file /var/folders/fj/v77kf6rs4dz1ybsm1_1_qhb00000gn/T/chainworks-test-gates/p042-swift-20260420T063001Z-DerivedData/Build/Intermediates.noindex/Chainworks\ Forge.build/Debug/Chainworks\ ForgeTests.build/Objects-normal/arm64/Chainworks\ ForgeTests.SwiftFileList

WriteAuxiliaryFile /var/folders/fj/v77kf6rs4dz1ybsm1_1_qhb00000gn/T/chainworks-test-gates/p042-swift-20260420T063001Z-DerivedData/Build/Intermediates.noindex/Chainworks\ Forge.build/Debug/Chainworks\ ForgeTests.build/Objects-normal/arm64/Chainworks\ ForgeTests.SwiftConstValuesFileList (in target 'Chainworks ForgeTests' from project 'Chainworks Forge')
    cd /Users/user/Documents/Chainworks\ Forge
    write-file /var/folders/fj/v77kf6rs4dz1ybsm1_1_qhb00000gn/T/chainworks-test-gates/p042-swift-20260420T063001Z-DerivedData/Build/Intermediates.noindex/Chainworks\ Forge.build/Debug/Chainworks\ ForgeTests.build/Objects-normal/arm64/Chainworks\ ForgeTests.SwiftConstValuesFileList

WriteAuxiliaryFile /var/folders/fj/v77kf6rs4dz1ybsm1_1_qhb00000gn/T/chainworks-test-gates/p042-swift-20260420T063001Z-DerivedData/Build/Intermediates.noindex/Chainworks\ Forge.build/Debug/Chainworks\ ForgeTests.build/Objects-normal/arm64/Chainworks\ ForgeTests.LinkFileList (in target 'Chainworks ForgeTests' from project 'Chainworks Forge')
    cd /Users/user/Documents/Chainworks\ Forge
    write-file /var/folders/fj/v77kf6rs4dz1ybsm1_1_qhb00000gn/T/chainworks-test-gates/p042-swift-20260420T063001Z-DerivedData/Build/Intermediates.noindex/Chainworks\ Forge.build/Debug/Chainworks\ ForgeTests.build/Objects-normal/arm64/Chainworks\ ForgeTests.LinkFileList

Copy /var/folders/fj/v77kf6rs4dz1ybsm1_1_qhb00000gn/T/chainworks-test-gates/p042-swift-20260420T063001Z-DerivedData/Build/Intermediates.noindex/GeneratedModuleMaps/Yams.modulemap /var/folders/fj/v77kf6rs4dz1ybsm1_1_qhb00000gn/T/chainworks-test-gates/p042-swift-20260420T063001Z-DerivedData/Build/Intermediates.noindex/Yams.build/Debug/Yams.build/Yams.modulemap (in target 'Yams' from project 'Yams')
    cd /var/folders/fj/v77kf6rs4dz1ybsm1_1_qhb00000gn/T/chainworks-test-gates/p042-swift-20260420T063001Z-DerivedData/SourcePackages/checkouts/Yams
    builtin-copy -exclude .DS_Store -exclude CVS -exclude .svn -exclude .git -exclude .hg -resolve-src-symlinks /var/folders/fj/v77kf6rs4dz1ybsm1_1_qhb00000gn/T/chainworks-test-gates/p042-swift-20260420T063001Z-DerivedData/Build/Intermediates.noindex/Yams.build/Debug/Yams.build/Yams.modulemap /var/folders/fj/v77kf6rs4dz1ybsm1_1_qhb00000gn/T/chainworks-test-gates/p042-swift-20260420T063001Z-DerivedData/Build/Intermediates.noindex/GeneratedModuleMaps

WriteAuxiliaryFile /var/folders/fj/v77kf6rs4dz1ybsm1_1_qhb00000gn/T/chainworks-test-gates/p042-swift-20260420T063001Z-DerivedData/Build/Intermediates.noindex/Chainworks\ Forge.build/Debug/Chainworks\ ForgeTests.build/Objects-normal/arm64/Chainworks\ ForgeTests-OutputFileMap.json (in target 'Chainworks ForgeTests' from project 'Chainworks Forge')
    cd /Users/user/Documents/Chainworks\ Forge
    write-file /var/folders/fj/v77kf6rs4dz1ybsm1_1_qhb00000gn/T/chainworks-test-gates/p042-swift-20260420T063001Z-DerivedData/Build/Intermediates.noindex/Chainworks\ Forge.build/Debug/Chainworks\ ForgeTests.build/Objects-normal/arm64/Chainworks\ ForgeTests-OutputFileMap.json

WriteAuxiliaryFile /var/folders/fj/v77kf6rs4dz1ybsm1_1_qhb00000gn/T/chainworks-test-gates/p042-swift-20260420T063001Z-DerivedData/Build/Intermediates.noindex/Chainworks\ Forge.build/Debug/Chainworks\ ForgeTests.build/Chainworks\ ForgeTests.hmap (in target 'Chainworks ForgeTests' from project 'Chainworks Forge')
    cd /Users/user/Documents/Chainworks\ Forge
    write-file /var/folders/fj/v77kf6rs4dz1ybsm1_1_qhb00000gn/T/chainworks-test-gates/p042-swift-20260420T063001Z-DerivedData/Build/Intermediates.noindex/Chainworks\ Forge.build/Debug/Chainworks\ ForgeTests.build/Chainworks\ ForgeTests.hmap

WriteAuxiliaryFile /var/folders/fj/v77kf6rs4dz1ybsm1_1_qhb00000gn/T/chainworks-test-gates/p042-swift-20260420T063001Z-DerivedData/Build/Intermediates.noindex/Chainworks\ Forge.build/Debug/Chainworks\ ForgeTests.build/Chainworks\ ForgeTests.DependencyStaticMetadataFileList (in target 'Chainworks ForgeTests' from project 'Chainworks Forge')
    cd /Users/user/Documents/Chainworks\ Forge
    write-file /var/folders/fj/v77kf6rs4dz1ybsm1_1_qhb00000gn/T/chainworks-test-gates/p042-swift-20260420T063001Z-DerivedData/Build/Intermediates.noindex/Chainworks\ Forge.build/Debug/Chainworks\ ForgeTests.build/Chainworks\ ForgeTests.DependencyStaticMetadataFileList

WriteAuxiliaryFile /var/folders/fj/v77kf6rs4dz1ybsm1_1_qhb00000gn/T/chainworks-test-gates/p042-swift-20260420T063001Z-DerivedData/Build/Intermediates.noindex/Chainworks\ Forge.build/Debug/Chainworks\ ForgeTests.build/Chainworks\ ForgeTests.DependencyMetadataFileList (in target 'Chainworks ForgeTests' from project 'Chainworks Forge')
    cd /Users/user/Documents/Chainworks\ Forge
    write-file /var/folders/fj/v77kf6rs4dz1ybsm1_1_qhb00000gn/T/chainworks-test-gates/p042-swift-20260420T063001Z-DerivedData/Build/Intermediates.noindex/Chainworks\ Forge.build/Debug/Chainworks\ ForgeTests.build/Chainworks\ ForgeTests.DependencyMetadataFileList

WriteAuxiliaryFile /var/folders/fj/v77kf6rs4dz1ybsm1_1_qhb00000gn/T/chainworks-test-gates/p042-swift-20260420T063001Z-DerivedData/Build/Intermediates.noindex/Chainworks\ Forge.build/Debug/Chainworks\ ForgeTests.build/Chainworks\ ForgeTests-project-headers.hmap (in target 'Chainworks ForgeTests' from project 'Chainworks Forge')
    cd /Users/user/Documents/Chainworks\ Forge
    write-file /var/folders/fj/v77kf6rs4dz1ybsm1_1_qhb00000gn/T/chainworks-test-gates/p042-swift-20260420T063001Z-DerivedData/Build/Intermediates.noindex/Chainworks\ Forge.build/Debug/Chainworks\ ForgeTests.build/Chainworks\ ForgeTests-project-headers.hmap

WriteAuxiliaryFile /var/folders/fj/v77kf6rs4dz1ybsm1_1_qhb00000gn/T/chainworks-test-gates/p042-swift-20260420T063001Z-DerivedData/Build/Intermediates.noindex/Chainworks\ Forge.build/Debug/Chainworks\ ForgeTests.build/Chainworks\ ForgeTests-own-target-headers.hmap (in target 'Chainworks ForgeTests' from project 'Chainworks Forge')
    cd /Users/user/Documents/Chainworks\ Forge
    write-file /var/folders/fj/v77kf6rs4dz1ybsm1_1_qhb00000gn/T/chainworks-test-gates/p042-swift-20260420T063001Z-DerivedData/Build/Intermediates.noindex/Chainworks\ Forge.build/Debug/Chainworks\ ForgeTests.build/Chainworks\ ForgeTests-own-target-headers.hmap

WriteAuxiliaryFile /var/folders/fj/v77kf6rs4dz1ybsm1_1_qhb00000gn/T/chainworks-test-gates/p042-swift-20260420T063001Z-DerivedData/Build/Intermediates.noindex/Chainworks\ Forge.build/Debug/Chainworks\ ForgeTests.build/Chainworks\ ForgeTests-generated-files.hmap (in target 'Chainworks ForgeTests' from project 'Chainworks Forge')
    cd /Users/user/Documents/Chainworks\ Forge
    write-file /var/folders/fj/v77kf6rs4dz1ybsm1_1_qhb00000gn/T/chainworks-test-gates/p042-swift-20260420T063001Z-DerivedData/Build/Intermediates.noindex/Chainworks\ Forge.build/Debug/Chainworks\ ForgeTests.build/Chainworks\ ForgeTests-generated-files.hmap

WriteAuxiliaryFile /var/folders/fj/v77kf6rs4dz1ybsm1_1_qhb00000gn/T/chainworks-test-gates/p042-swift-20260420T063001Z-DerivedData/Build/Intermediates.noindex/Chainworks\ Forge.build/Debug/Chainworks\ ForgeTests.build/Chainworks\ ForgeTests-all-target-headers.hmap (in target 'Chainworks ForgeTests' from project 'Chainworks Forge')
    cd /Users/user/Documents/Chainworks\ Forge
    write-file /var/folders/fj/v77kf6rs4dz1ybsm1_1_qhb00000gn/T/chainworks-test-gates/p042-swift-20260420T063001Z-DerivedData/Build/Intermediates.noindex/Chainworks\ Forge.build/Debug/Chainworks\ ForgeTests.build/Chainworks\ ForgeTests-all-target-headers.hmap

WriteAuxiliaryFile /var/folders/fj/v77kf6rs4dz1ybsm1_1_qhb00000gn/T/chainworks-test-gates/p042-swift-20260420T063001Z-DerivedData/Build/Intermediates.noindex/Chainworks\ Forge.build/Debug/Chainworks\ ForgeTests.build/Chainworks\ ForgeTests-all-non-framework-target-headers.hmap (in target 'Chainworks ForgeTests' from project 'Chainworks Forge')
    cd /Users/user/Documents/Chainworks\ Forge
    write-file /var/folders/fj/v77kf6rs4dz1ybsm1_1_qhb00000gn/T/chainworks-test-gates/p042-swift-20260420T063001Z-DerivedData/Build/Intermediates.noindex/Chainworks\ Forge.build/Debug/Chainworks\ ForgeTests.build/Chainworks\ ForgeTests-all-non-framework-target-headers.hmap

WriteAuxiliaryFile /var/folders/fj/v77kf6rs4dz1ybsm1_1_qhb00000gn/T/chainworks-test-gates/p042-swift-20260420T063001Z-DerivedData/Build/Intermediates.noindex/Chainworks\ Forge.build/Debug/Chainworks\ Forge.build/empty-Chainworks\ Forge.plist (in target 'Chainworks Forge' from project 'Chainworks Forge')
    cd /Users/user/Documents/Chainworks\ Forge
    write-file /var/folders/fj/v77kf6rs4dz1ybsm1_1_qhb00000gn/T/chainworks-test-gates/p042-swift-20260420T063001Z-DerivedData/Build/Intermediates.noindex/Chainworks\ Forge.build/Debug/Chainworks\ Forge.build/empty-Chainworks\ Forge.plist

WriteAuxiliaryFile /var/folders/fj/v77kf6rs4dz1ybsm1_1_qhb00000gn/T/chainworks-test-gates/p042-swift-20260420T063001Z-DerivedData/Build/Intermediates.noindex/Chainworks\ Forge.build/Debug/Chainworks\ Forge.build/Script-CE5347FE2F94332200F5D470.sh (in target 'Chainworks Forge' from project 'Chainworks Forge')
    cd /Users/user/Documents/Chainworks\ Forge
    write-file /var/folders/fj/v77kf6rs4dz1ybsm1_1_qhb00000gn/T/chainworks-test-gates/p042-swift-20260420T063001Z-DerivedData/Build/Intermediates.noindex/Chainworks\ Forge.build/Debug/Chainworks\ Forge.build/Script-CE5347FE2F94332200F5D470.sh

WriteAuxiliaryFile /var/folders/fj/v77kf6rs4dz1ybsm1_1_qhb00000gn/T/chainworks-test-gates/p042-swift-20260420T063001Z-DerivedData/Build/Intermediates.noindex/Chainworks\ Forge.build/Debug/Chainworks\ Forge.build/Objects-normal/arm64/Chainworks\ Forge_const_extract_protocols.json (in target 'Chainworks Forge' from project 'Chainworks Forge')
    cd /Users/user/Documents/Chainworks\ Forge
    write-file /var/folders/fj/v77kf6rs4dz1ybsm1_1_qhb00000gn/T/chainworks-test-gates/p042-swift-20260420T063001Z-DerivedData/Build/Intermediates.noindex/Chainworks\ Forge.build/Debug/Chainworks\ Forge.build/Objects-normal/arm64/Chainworks\ Forge_const_extract_protocols.json

WriteAuxiliaryFile /var/folders/fj/v77kf6rs4dz1ybsm1_1_qhb00000gn/T/chainworks-test-gates/p042-swift-20260420T063001Z-DerivedData/Build/Intermediates.noindex/Chainworks\ Forge.build/Debug/Chainworks\ Forge.build/Objects-normal/arm64/Chainworks\ Forge.SwiftFileList (in target 'Chainworks Forge' from project 'Chainworks Forge')
    cd /Users/user/Documents/Chainworks\ Forge
    write-file /var/folders/fj/v77kf6rs4dz1ybsm1_1_qhb00000gn/T/chainworks-test-gates/p042-swift-20260420T063001Z-DerivedData/Build/Intermediates.noindex/Chainworks\ Forge.build/Debug/Chainworks\ Forge.build/Objects-normal/arm64/Chainworks\ Forge.SwiftFileList

WriteAuxiliaryFile /var/folders/fj/v77kf6rs4dz1ybsm1_1_qhb00000gn/T/chainworks-test-gates/p042-swift-20260420T063001Z-DerivedData/Build/Intermediates.noindex/Chainworks\ Forge.build/Debug/Chainworks\ Forge.build/Objects-normal/arm64/Chainworks\ Forge.SwiftConstValuesFileList (in target 'Chainworks Forge' from project 'Chainworks Forge')
    cd /Users/user/Documents/Chainworks\ Forge
    write-file /var/folders/fj/v77kf6rs4dz1ybsm1_1_qhb00000gn/T/chainworks-test-gates/p042-swift-20260420T063001Z-DerivedData/Build/Intermediates.noindex/Chainworks\ Forge.build/Debug/Chainworks\ Forge.build/Objects-normal/arm64/Chainworks\ Forge.SwiftConstValuesFileList

WriteAuxiliaryFile /var/folders/fj/v77kf6rs4dz1ybsm1_1_qhb00000gn/T/chainworks-test-gates/p042-swift-20260420T063001Z-DerivedData/Build/Intermediates.noindex/Chainworks\ Forge.build/Debug/Chainworks\ Forge.build/Objects-normal/arm64/Chainworks\ Forge.LinkFileList (in target 'Chainworks Forge' from project 'Chainworks Forge')
    cd /Users/user/Documents/Chainworks\ Forge
    write-file /var/folders/fj/v77kf6rs4dz1ybsm1_1_qhb00000gn/T/chainworks-test-gates/p042-swift-20260420T063001Z-DerivedData/Build/Intermediates.noindex/Chainworks\ Forge.build/Debug/Chainworks\ Forge.build/Objects-normal/arm64/Chainworks\ Forge.LinkFileList

WriteAuxiliaryFile /var/folders/fj/v77kf6rs4dz1ybsm1_1_qhb00000gn/T/chainworks-test-gates/p042-swift-20260420T063001Z-DerivedData/Build/Intermediates.noindex/Chainworks\ Forge.build/Debug/Chainworks\ Forge.build/Objects-normal/arm64/Chainworks\ Forge-OutputFileMap.json (in target 'Chainworks Forge' from project 'Chainworks Forge')
    cd /Users/user/Documents/Chainworks\ Forge
    write-file /var/folders/fj/v77kf6rs4dz1ybsm1_1_qhb00000gn/T/chainworks-test-gates/p042-swift-20260420T063001Z-DerivedData/Build/Intermediates.noindex/Chainworks\ Forge.build/Debug/Chainworks\ Forge.build/Objects-normal/arm64/Chainworks\ Forge-OutputFileMap.json

WriteAuxiliaryFile /var/folders/fj/v77kf6rs4dz1ybsm1_1_qhb00000gn/T/chainworks-test-gates/p042-swift-20260420T063001Z-DerivedData/Build/Intermediates.noindex/Chainworks\ Forge.build/Debug/Chainworks\ Forge.build/DerivedSources/Entitlements.plist (in target 'Chainworks Forge' from project 'Chainworks Forge')
    cd /Users/user/Documents/Chainworks\ Forge
    write-file /var/folders/fj/v77kf6rs4dz1ybsm1_1_qhb00000gn/T/chainworks-test-gates/p042-swift-20260420T063001Z-DerivedData/Build/Intermediates.noindex/Chainworks\ Forge.build/Debug/Chainworks\ Forge.build/DerivedSources/Entitlements.plist

WriteAuxiliaryFile /var/folders/fj/v77kf6rs4dz1ybsm1_1_qhb00000gn/T/chainworks-test-gates/p042-swift-20260420T063001Z-DerivedData/Build/Intermediates.noindex/Chainworks\ Forge.build/Debug/Chainworks\ Forge.build/Chainworks\ Forge.hmap (in target 'Chainworks Forge' from project 'Chainworks Forge')
    cd /Users/user/Documents/Chainworks\ Forge
    write-file /var/folders/fj/v77kf6rs4dz1ybsm1_1_qhb00000gn/T/chainworks-test-gates/p042-swift-20260420T063001Z-DerivedData/Build/Intermediates.noindex/Chainworks\ Forge.build/Debug/Chainworks\ Forge.build/Chainworks\ Forge.hmap

WriteAuxiliaryFile /var/folders/fj/v77kf6rs4dz1ybsm1_1_qhb00000gn/T/chainworks-test-gates/p042-swift-20260420T063001Z-DerivedData/Build/Intermediates.noindex/Chainworks\ Forge.build/Debug/Chainworks\ Forge.build/Chainworks\ Forge.DependencyStaticMetadataFileList (in target 'Chainworks Forge' from project 'Chainworks Forge')
    cd /Users/user/Documents/Chainworks\ Forge
    write-file /var/folders/fj/v77kf6rs4dz1ybsm1_1_qhb00000gn/T/chainworks-test-gates/p042-swift-20260420T063001Z-DerivedData/Build/Intermediates.noindex/Chainworks\ Forge.build/Debug/Chainworks\ Forge.build/Chainworks\ Forge.DependencyStaticMetadataFileList

WriteAuxiliaryFile /var/folders/fj/v77kf6rs4dz1ybsm1_1_qhb00000gn/T/chainworks-test-gates/p042-swift-20260420T063001Z-DerivedData/Build/Intermediates.noindex/Chainworks\ Forge.build/Debug/Chainworks\ Forge.build/Chainworks\ Forge.DependencyMetadataFileList (in target 'Chainworks Forge' from project 'Chainworks Forge')
    cd /Users/user/Documents/Chainworks\ Forge
    write-file /var/folders/fj/v77kf6rs4dz1ybsm1_1_qhb00000gn/T/chainworks-test-gates/p042-swift-20260420T063001Z-DerivedData/Build/Intermediates.noindex/Chainworks\ Forge.build/Debug/Chainworks\ Forge.build/Chainworks\ Forge.DependencyMetadataFileList

WriteAuxiliaryFile /var/folders/fj/v77kf6rs4dz1ybsm1_1_qhb00000gn/T/chainworks-test-gates/p042-swift-20260420T063001Z-DerivedData/Build/Intermediates.noindex/Chainworks\ Forge.build/Debug/Chainworks\ Forge.build/Chainworks\ Forge-project-headers.hmap (in target 'Chainworks Forge' from project 'Chainworks Forge')
    cd /Users/user/Documents/Chainworks\ Forge
    write-file /var/folders/fj/v77kf6rs4dz1ybsm1_1_qhb00000gn/T/chainworks-test-gates/p042-swift-20260420T063001Z-DerivedData/Build/Intermediates.noindex/Chainworks\ Forge.build/Debug/Chainworks\ Forge.build/Chainworks\ Forge-project-headers.hmap

WriteAuxiliaryFile /var/folders/fj/v77kf6rs4dz1ybsm1_1_qhb00000gn/T/chainworks-test-gates/p042-swift-20260420T063001Z-DerivedData/Build/Intermediates.noindex/Chainworks\ Forge.build/Debug/Chainworks\ Forge.build/Chainworks\ Forge-own-target-headers.hmap (in target 'Chainworks Forge' from project 'Chainworks Forge')
    cd /Users/user/Documents/Chainworks\ Forge
    write-file /var/folders/fj/v77kf6rs4dz1ybsm1_1_qhb00000gn/T/chainworks-test-gates/p042-swift-20260420T063001Z-DerivedData/Build/Intermediates.noindex/Chainworks\ Forge.build/Debug/Chainworks\ Forge.build/Chainworks\ Forge-own-target-headers.hmap

WriteAuxiliaryFile /var/folders/fj/v77kf6rs4dz1ybsm1_1_qhb00000gn/T/chainworks-test-gates/p042-swift-20260420T063001Z-DerivedData/Build/Intermediates.noindex/Chainworks\ Forge.build/Debug/Chainworks\ Forge.build/Chainworks\ Forge-generated-files.hmap (in target 'Chainworks Forge' from project 'Chainworks Forge')
    cd /Users/user/Documents/Chainworks\ Forge
    write-file /var/folders/fj/v77kf6rs4dz1ybsm1_1_qhb00000gn/T/chainworks-test-gates/p042-swift-20260420T063001Z-DerivedData/Build/Intermediates.noindex/Chainworks\ Forge.build/Debug/Chainworks\ Forge.build/Chainworks\ Forge-generated-files.hmap

WriteAuxiliaryFile /var/folders/fj/v77kf6rs4dz1ybsm1_1_qhb00000gn/T/chainworks-test-gates/p042-swift-20260420T063001Z-DerivedData/Build/Intermediates.noindex/Chainworks\ Forge.build/Debug/Chainworks\ Forge.build/Chainworks\ Forge-all-target-headers.hmap (in target 'Chainworks Forge' from project 'Chainworks Forge')
    cd /Users/user/Documents/Chainworks\ Forge
    write-file /var/folders/fj/v77kf6rs4dz1ybsm1_1_qhb00000gn/T/chainworks-test-gates/p042-swift-20260420T063001Z-DerivedData/Build/Intermediates.noindex/Chainworks\ Forge.build/Debug/Chainworks\ Forge.build/Chainworks\ Forge-all-target-headers.hmap

WriteAuxiliaryFile /var/folders/fj/v77kf6rs4dz1ybsm1_1_qhb00000gn/T/chainworks-test-gates/p042-swift-20260420T063001Z-DerivedData/Build/Intermediates.noindex/Chainworks\ Forge.build/Debug/Chainworks\ Forge.build/Chainworks\ Forge-all-non-framework-target-headers.hmap (in target 'Chainworks Forge' from project 'Chainworks Forge')
    cd /Users/user/Documents/Chainworks\ Forge
    write-file /var/folders/fj/v77kf6rs4dz1ybsm1_1_qhb00000gn/T/chainworks-test-gates/p042-swift-20260420T063001Z-DerivedData/Build/Intermediates.noindex/Chainworks\ Forge.build/Debug/Chainworks\ Forge.build/Chainworks\ Forge-all-non-framework-target-headers.hmap

WriteAuxiliaryFile /var/folders/fj/v77kf6rs4dz1ybsm1_1_qhb00000gn/T/chainworks-test-gates/p042-swift-20260420T063001Z-DerivedData/Build/Intermediates.noindex/Chainworks\ Forge.build/Debug/Chainworks\ Forge.build/Chainworks\ Forge-DebugDylibPath-normal-arm64.txt (in target 'Chainworks Forge' from project 'Chainworks Forge')
    cd /Users/user/Documents/Chainworks\ Forge
    write-file /var/folders/fj/v77kf6rs4dz1ybsm1_1_qhb00000gn/T/chainworks-test-gates/p042-swift-20260420T063001Z-DerivedData/Build/Intermediates.noindex/Chainworks\ Forge.build/Debug/Chainworks\ Forge.build/Chainworks\ Forge-DebugDylibPath-normal-arm64.txt

WriteAuxiliaryFile /var/folders/fj/v77kf6rs4dz1ybsm1_1_qhb00000gn/T/chainworks-test-gates/p042-swift-20260420T063001Z-DerivedData/Build/Intermediates.noindex/Chainworks\ Forge.build/Debug/Chainworks\ Forge.build/Chainworks\ Forge-DebugDylibInstallName-normal-arm64.txt (in target 'Chainworks Forge' from project 'Chainworks Forge')
    cd /Users/user/Documents/Chainworks\ Forge
    write-file /var/folders/fj/v77kf6rs4dz1ybsm1_1_qhb00000gn/T/chainworks-test-gates/p042-swift-20260420T063001Z-DerivedData/Build/Intermediates.noindex/Chainworks\ Forge.build/Debug/Chainworks\ Forge.build/Chainworks\ Forge-DebugDylibInstallName-normal-arm64.txt

SymLink /var/folders/fj/v77kf6rs4dz1ybsm1_1_qhb00000gn/T/chainworks-test-gates/p042-swift-20260420T063001Z-DerivedData/Build/Products/Debug/PackageFrameworks/Yams_712EB057E_PackageProduct.framework/Yams_712EB057E_PackageProduct Versions/Current/Yams_712EB057E_PackageProduct (in target 'Yams' from project 'Yams')
    cd /var/folders/fj/v77kf6rs4dz1ybsm1_1_qhb00000gn/T/chainworks-test-gates/p042-swift-20260420T063001Z-DerivedData/SourcePackages/checkouts/Yams
    /bin/ln -sfh Versions/Current/Yams_712EB057E_PackageProduct /var/folders/fj/v77kf6rs4dz1ybsm1_1_qhb00000gn/T/chainworks-test-gates/p042-swift-20260420T063001Z-DerivedData/Build/Products/Debug/PackageFrameworks/Yams_712EB057E_PackageProduct.framework/Yams_712EB057E_PackageProduct

SymLink /var/folders/fj/v77kf6rs4dz1ybsm1_1_qhb00000gn/T/chainworks-test-gates/p042-swift-20260420T063001Z-DerivedData/Build/Products/Debug/PackageFrameworks/Yams_712EB057E_PackageProduct.framework/Versions/Current A (in target 'Yams' from project 'Yams')
    cd /var/folders/fj/v77kf6rs4dz1ybsm1_1_qhb00000gn/T/chainworks-test-gates/p042-swift-20260420T063001Z-DerivedData/SourcePackages/checkouts/Yams
    /bin/ln -sfh A /var/folders/fj/v77kf6rs4dz1ybsm1_1_qhb00000gn/T/chainworks-test-gates/p042-swift-20260420T063001Z-DerivedData/Build/Products/Debug/PackageFrameworks/Yams_712EB057E_PackageProduct.framework/Versions/Current

SymLink /var/folders/fj/v77kf6rs4dz1ybsm1_1_qhb00000gn/T/chainworks-test-gates/p042-swift-20260420T063001Z-DerivedData/Build/Products/Debug/PackageFrameworks/Yams_712EB057E_PackageProduct.framework/Resources Versions/Current/Resources (in target 'Yams' from project 'Yams')
    cd /var/folders/fj/v77kf6rs4dz1ybsm1_1_qhb00000gn/T/chainworks-test-gates/p042-swift-20260420T063001Z-DerivedData/SourcePackages/checkouts/Yams
    /bin/ln -sfh Versions/Current/Resources /var/folders/fj/v77kf6rs4dz1ybsm1_1_qhb00000gn/T/chainworks-test-gates/p042-swift-20260420T063001Z-DerivedData/Build/Products/Debug/PackageFrameworks/Yams_712EB057E_PackageProduct.framework/Resources

MkDir /var/folders/fj/v77kf6rs4dz1ybsm1_1_qhb00000gn/T/chainworks-test-gates/p042-swift-20260420T063001Z-DerivedData/Build/Products/Debug/PackageFrameworks/Yams_712EB057E_PackageProduct.framework/Versions/A/Resources (in target 'Yams' from project 'Yams')
    cd /var/folders/fj/v77kf6rs4dz1ybsm1_1_qhb00000gn/T/chainworks-test-gates/p042-swift-20260420T063001Z-DerivedData/SourcePackages/checkouts/Yams
    /bin/mkdir -p /var/folders/fj/v77kf6rs4dz1ybsm1_1_qhb00000gn/T/chainworks-test-gates/p042-swift-20260420T063001Z-DerivedData/Build/Products/Debug/PackageFrameworks/Yams_712EB057E_PackageProduct.framework/Versions/A/Resources

MkDir /var/folders/fj/v77kf6rs4dz1ybsm1_1_qhb00000gn/T/chainworks-test-gates/p042-swift-20260420T063001Z-DerivedData/Build/Products/Debug/PackageFrameworks/Yams_712EB057E_PackageProduct.framework/Versions/A (in target 'Yams' from project 'Yams')
    cd /var/folders/fj/v77kf6rs4dz1ybsm1_1_qhb00000gn/T/chainworks-test-gates/p042-swift-20260420T063001Z-DerivedData/SourcePackages/checkouts/Yams
    /bin/mkdir -p /var/folders/fj/v77kf6rs4dz1ybsm1_1_qhb00000gn/T/chainworks-test-gates/p042-swift-20260420T063001Z-DerivedData/Build/Products/Debug/PackageFrameworks/Yams_712EB057E_PackageProduct.framework/Versions/A

MkDir /var/folders/fj/v77kf6rs4dz1ybsm1_1_qhb00000gn/T/chainworks-test-gates/p042-swift-20260420T063001Z-DerivedData/Build/Products/Debug/PackageFrameworks/Yams_712EB057E_PackageProduct.framework/Versions (in target 'Yams' from project 'Yams')
    cd /var/folders/fj/v77kf6rs4dz1ybsm1_1_qhb00000gn/T/chainworks-test-gates/p042-swift-20260420T063001Z-DerivedData/SourcePackages/checkouts/Yams
    /bin/mkdir -p /var/folders/fj/v77kf6rs4dz1ybsm1_1_qhb00000gn/T/chainworks-test-gates/p042-swift-20260420T063001Z-DerivedData/Build/Products/Debug/PackageFrameworks/Yams_712EB057E_PackageProduct.framework/Versions

MkDir /var/folders/fj/v77kf6rs4dz1ybsm1_1_qhb00000gn/T/chainworks-test-gates/p042-swift-20260420T063001Z-DerivedData/Build/Products/Debug/PackageFrameworks/Yams_712EB057E_PackageProduct.framework (in target 'Yams' from project 'Yams')
    cd /var/folders/fj/v77kf6rs4dz1ybsm1_1_qhb00000gn/T/chainworks-test-gates/p042-swift-20260420T063001Z-DerivedData/SourcePackages/checkouts/Yams
    /bin/mkdir -p /var/folders/fj/v77kf6rs4dz1ybsm1_1_qhb00000gn/T/chainworks-test-gates/p042-swift-20260420T063001Z-DerivedData/Build/Products/Debug/PackageFrameworks/Yams_712EB057E_PackageProduct.framework

MkDir /var/folders/fj/v77kf6rs4dz1ybsm1_1_qhb00000gn/T/chainworks-test-gates/p042-swift-20260420T063001Z-DerivedData/Build/Products/Debug/Chainworks\ Forge.app/Contents/PlugIns/Chainworks\ ForgeTests.xctest/Contents/Resources (in target 'Chainworks ForgeTests' from project 'Chainworks Forge')
    cd /Users/user/Documents/Chainworks\ Forge
    /bin/mkdir -p /var/folders/fj/v77kf6rs4dz1ybsm1_1_qhb00000gn/T/chainworks-test-gates/p042-swift-20260420T063001Z-DerivedData/Build/Products/Debug/Chainworks\ Forge.app/Contents/PlugIns/Chainworks\ ForgeTests.xctest/Contents/Resources

MkDir /var/folders/fj/v77kf6rs4dz1ybsm1_1_qhb00000gn/T/chainworks-test-gates/p042-swift-20260420T063001Z-DerivedData/Build/Products/Debug/Chainworks\ Forge.app/Contents/PlugIns/Chainworks\ ForgeTests.xctest/Contents/MacOS (in target 'Chainworks ForgeTests' from project 'Chainworks Forge')
    cd /Users/user/Documents/Chainworks\ Forge
    /bin/mkdir -p /var/folders/fj/v77kf6rs4dz1ybsm1_1_qhb00000gn/T/chainworks-test-gates/p042-swift-20260420T063001Z-DerivedData/Build/Products/Debug/Chainworks\ Forge.app/Contents/PlugIns/Chainworks\ ForgeTests.xctest/Contents/MacOS

MkDir /var/folders/fj/v77kf6rs4dz1ybsm1_1_qhb00000gn/T/chainworks-test-gates/p042-swift-20260420T063001Z-DerivedData/Build/Products/Debug/Chainworks\ Forge.app/Contents/PlugIns/Chainworks\ ForgeTests.xctest/Contents (in target 'Chainworks ForgeTests' from project 'Chainworks Forge')
    cd /Users/user/Documents/Chainworks\ Forge
    /bin/mkdir -p /var/folders/fj/v77kf6rs4dz1ybsm1_1_qhb00000gn/T/chainworks-test-gates/p042-swift-20260420T063001Z-DerivedData/Build/Products/Debug/Chainworks\ Forge.app/Contents/PlugIns/Chainworks\ ForgeTests.xctest/Contents

MkDir /var/folders/fj/v77kf6rs4dz1ybsm1_1_qhb00000gn/T/chainworks-test-gates/p042-swift-20260420T063001Z-DerivedData/Build/Products/Debug/Chainworks\ Forge.app/Contents/PlugIns/Chainworks\ ForgeTests.xctest (in target 'Chainworks ForgeTests' from project 'Chainworks Forge')
    cd /Users/user/Documents/Chainworks\ Forge
    /bin/mkdir -p /var/folders/fj/v77kf6rs4dz1ybsm1_1_qhb00000gn/T/chainworks-test-gates/p042-swift-20260420T063001Z-DerivedData/Build/Products/Debug/Chainworks\ Forge.app/Contents/PlugIns/Chainworks\ ForgeTests.xctest

MkDir /var/folders/fj/v77kf6rs4dz1ybsm1_1_qhb00000gn/T/chainworks-test-gates/p042-swift-20260420T063001Z-DerivedData/Build/Products/Debug/Chainworks\ Forge.app/Contents/PlugIns/Chainworks\ ForgeTests.xctest/Contents/Frameworks (in target 'Chainworks ForgeTests' from project 'Chainworks Forge')
    cd /Users/user/Documents/Chainworks\ Forge
    /bin/mkdir -p /var/folders/fj/v77kf6rs4dz1ybsm1_1_qhb00000gn/T/chainworks-test-gates/p042-swift-20260420T063001Z-DerivedData/Build/Products/Debug/Chainworks\ Forge.app/Contents/PlugIns/Chainworks\ ForgeTests.xctest/Contents/Frameworks

MkDir /var/folders/fj/v77kf6rs4dz1ybsm1_1_qhb00000gn/T/chainworks-test-gates/p042-swift-20260420T063001Z-DerivedData/Build/Products/Debug/Chainworks\ Forge.app/Contents/Resources (in target 'Chainworks Forge' from project 'Chainworks Forge')
    cd /Users/user/Documents/Chainworks\ Forge
    /bin/mkdir -p /var/folders/fj/v77kf6rs4dz1ybsm1_1_qhb00000gn/T/chainworks-test-gates/p042-swift-20260420T063001Z-DerivedData/Build/Products/Debug/Chainworks\ Forge.app/Contents/Resources

MkDir /var/folders/fj/v77kf6rs4dz1ybsm1_1_qhb00000gn/T/chainworks-test-gates/p042-swift-20260420T063001Z-DerivedData/Build/Products/Debug/Chainworks\ Forge.app/Contents/PlugIns (in target 'Chainworks Forge' from project 'Chainworks Forge')
    cd /Users/user/Documents/Chainworks\ Forge
    /bin/mkdir -p /var/folders/fj/v77kf6rs4dz1ybsm1_1_qhb00000gn/T/chainworks-test-gates/p042-swift-20260420T063001Z-DerivedData/Build/Products/Debug/Chainworks\ Forge.app/Contents/PlugIns

MkDir /var/folders/fj/v77kf6rs4dz1ybsm1_1_qhb00000gn/T/chainworks-test-gates/p042-swift-20260420T063001Z-DerivedData/Build/Products/Debug/Chainworks\ Forge.app/Contents/MacOS (in target 'Chainworks Forge' from project 'Chainworks Forge')
    cd /Users/user/Documents/Chainworks\ Forge
    /bin/mkdir -p /var/folders/fj/v77kf6rs4dz1ybsm1_1_qhb00000gn/T/chainworks-test-gates/p042-swift-20260420T063001Z-DerivedData/Build/Products/Debug/Chainworks\ Forge.app/Contents/MacOS

MkDir /var/folders/fj/v77kf6rs4dz1ybsm1_1_qhb00000gn/T/chainworks-test-gates/p042-swift-20260420T063001Z-DerivedData/Build/Products/Debug/Chainworks\ Forge.app/Contents/Frameworks (in target 'Chainworks Forge' from project 'Chainworks Forge')
    cd /Users/user/Documents/Chainworks\ Forge
    /bin/mkdir -p /var/folders/fj/v77kf6rs4dz1ybsm1_1_qhb00000gn/T/chainworks-test-gates/p042-swift-20260420T063001Z-DerivedData/Build/Products/Debug/Chainworks\ Forge.app/Contents/Frameworks

MkDir /var/folders/fj/v77kf6rs4dz1ybsm1_1_qhb00000gn/T/chainworks-test-gates/p042-swift-20260420T063001Z-DerivedData/Build/Products/Debug/Chainworks\ Forge.app/Contents (in target 'Chainworks Forge' from project 'Chainworks Forge')
    cd /Users/user/Documents/Chainworks\ Forge
    /bin/mkdir -p /var/folders/fj/v77kf6rs4dz1ybsm1_1_qhb00000gn/T/chainworks-test-gates/p042-swift-20260420T063001Z-DerivedData/Build/Products/Debug/Chainworks\ Forge.app/Contents

MkDir /var/folders/fj/v77kf6rs4dz1ybsm1_1_qhb00000gn/T/chainworks-test-gates/p042-swift-20260420T063001Z-DerivedData/Build/Products/Debug/Chainworks\ Forge.app (in target 'Chainworks Forge' from project 'Chainworks Forge')
    cd /Users/user/Documents/Chainworks\ Forge
    /bin/mkdir -p /var/folders/fj/v77kf6rs4dz1ybsm1_1_qhb00000gn/T/chainworks-test-gates/p042-swift-20260420T063001Z-DerivedData/Build/Products/Debug/Chainworks\ Forge.app

SwiftDriver Yams normal arm64 com.apple.xcode.tools.swift.compiler (in target 'Yams' from project 'Yams')
    cd /Users/user/Documents/Chainworks\ Forge/Chainworks\ Forge.xcodeproj
    builtin-SwiftDriver -- /Applications/Xcode.app/Contents/Developer/Toolchains/XcodeDefault.xctoolchain/usr/bin/swiftc -module-name Yams -Onone @/var/folders/fj/v77kf6rs4dz1ybsm1_1_qhb00000gn/T/chainworks-test-gates/p042-swift-20260420T063001Z-DerivedData/Build/Intermediates.noindex/Yams.build/Debug/Yams.build/Objects-normal/arm64/Yams.SwiftFileList -DSWIFT_PACKAGE -DDEBUG -DSWIFT_MODULE_RESOURCE_BUNDLE_UNAVAILABLE -DXcode -plugin-path /Applications/Xcode.app/Contents/Developer/Toolchains/XcodeDefault.xctoolchain/usr/lib/swift/host/plugins/testing -enable-experimental-feature DebugDescriptionMacro -sdk /Applications/Xcode.app/Contents/Developer/Platforms/MacOSX.platform/Developer/SDKs/MacOSX26.4.sdk -target arm64-apple-macos10.13 -g -module-cache-path /var/folders/fj/v77kf6rs4dz1ybsm1_1_qhb00000gn/T/chainworks-test-gates/p042-swift-20260420T063001Z-DerivedData/ModuleCache.noindex -Xfrontend -serialize-debugging-options -profile-coverage-mapping -profile-generate -enable-testing -suppress-warnings -index-store-path /var/folders/fj/v77kf6rs4dz1ybsm1_1_qhb00000gn/T/chainworks-test-gates/p042-swift-20260420T063001Z-DerivedData/Index.noindex/DataStore -Xcc -D_LIBCPP_HARDENING_MODE\=_LIBCPP_HARDENING_MODE_DEBUG -swift-version 5 -I /var/folders/fj/v77kf6rs4dz1ybsm1_1_qhb00000gn/T/chainworks-test-gates/p042-swift-20260420T063001Z-DerivedData/Build/Products/Debug -Isystem /Applications/Xcode.app/Contents/Developer/Platforms/MacOSX.platform/Developer/usr/lib -F /var/folders/fj/v77kf6rs4dz1ybsm1_1_qhb00000gn/T/chainworks-test-gates/p042-swift-20260420T063001Z-DerivedData/Build/Products/Debug/PackageFrameworks -F /var/folders/fj/v77kf6rs4dz1ybsm1_1_qhb00000gn/T/chainworks-test-gates/p042-swift-20260420T063001Z-DerivedData/Build/Products/Debug -F /Applications/Xcode.app/Contents/Developer/Platforms/MacOSX.platform/Developer/Library/Frameworks -c -j10 -enable-batch-mode -incremental -Xcc -ivfsstatcache -Xcc /var/folders/fj/v77kf6rs4dz1ybsm1_1_qhb00000gn/T/chainworks-test-gates/p042-swift-20260420T063001Z-DerivedData/SDKStatCaches.noindex/macosx26.4-25E251-30f9ca8789b706f8bd3fc906a70d770f.sdkstatcache -output-file-map /var/folders/fj/v77kf6rs4dz1ybsm1_1_qhb00000gn/T/chainworks-test-gates/p042-swift-20260420T063001Z-DerivedData/Build/Intermediates.noindex/Yams.build/Debug/Yams.build/Objects-normal/arm64/Yams-OutputFileMap.json -use-frontend-parseable-output -save-temps -no-color-diagnostics -explicit-module-build -module-cache-path /var/folders/fj/v77kf6rs4dz1ybsm1_1_qhb00000gn/T/chainworks-test-gates/p042-swift-20260420T063001Z-DerivedData/Build/Intermediates.noindex/SwiftExplicitPrecompiledModules -clang-scanner-module-cache-path /var/folders/fj/v77kf6rs4dz1ybsm1_1_qhb00000gn/T/chainworks-test-gates/p042-swift-20260420T063001Z-DerivedData/ModuleCache.noindex -sdk-module-cache-path /var/folders/fj/v77kf6rs4dz1ybsm1_1_qhb00000gn/T/chainworks-test-gates/p042-swift-20260420T063001Z-DerivedData/ModuleCache.noindex -serialize-diagnostics -emit-dependencies -emit-module -emit-module-path /var/folders/fj/v77kf6rs4dz1ybsm1_1_qhb00000gn/T/chainworks-test-gates/p042-swift-20260420T063001Z-DerivedData/Build/Intermediates.noindex/Yams.build/Debug/Yams.build/Objects-normal/arm64/Yams.swiftmodule -validate-clang-modules-once -clang-build-session-file /var/folders/fj/v77kf6rs4dz1ybsm1_1_qhb00000gn/T/chainworks-test-gates/p042-swift-20260420T063001Z-DerivedData/ModuleCache.noindex/Session.modulevalidation -Xcc -I/var/folders/fj/v77kf6rs4dz1ybsm1_1_qhb00000gn/T/chainworks-test-gates/p042-swift-20260420T063001Z-DerivedData/Build/Intermediates.noindex/Yams.build/Debug/Yams.build/swift-overrides.hmap -emit-const-values -Xfrontend -const-gather-protocols-file -Xfrontend /var/folders/fj/v77kf6rs4dz1ybsm1_1_qhb00000gn/T/chainworks-test-gates/p042-swift-20260420T063001Z-DerivedData/Build/Intermediates.noindex/Yams.build/Debug/Yams.build/Objects-normal/arm64/Yams_const_extract_protocols.json -Xcc -I/var/folders/fj/v77kf6rs4dz1ybsm1_1_qhb00000gn/T/chainworks-test-gates/p042-swift-20260420T063001Z-DerivedData/SourcePackages/checkouts/Yams/Sources/CYaml/include -Xcc -I/var/folders/fj/v77kf6rs4dz1ybsm1_1_qhb00000gn/T/chainworks-test-gates/p042-swift-20260420T063001Z-DerivedData/Build/Products/Debug/include -Xcc -I/var/folders/fj/v77kf6rs4dz1ybsm1_1_qhb00000gn/T/chainworks-test-gates/p042-swift-20260420T063001Z-DerivedData/Build/Intermediates.noindex/Yams.build/Debug/Yams.build/DerivedSources-normal/arm64 -Xcc -I/var/folders/fj/v77kf6rs4dz1ybsm1_1_qhb00000gn/T/chainworks-test-gates/p042-swift-20260420T063001Z-DerivedData/Build/Intermediates.noindex/Yams.build/Debug/Yams.build/DerivedSources/arm64 -Xcc -I/var/folders/fj/v77kf6rs4dz1ybsm1_1_qhb00000gn/T/chainworks-test-gates/p042-swift-20260420T063001Z-DerivedData/Build/Intermediates.noindex/Yams.build/Debug/Yams.build/DerivedSources -Xcc -DSWIFT_PACKAGE -Xcc -DDEBUG\=1 -Xcc -DYAML_DECLARE_STATIC -emit-objc-header -emit-objc-header-path /var/folders/fj/v77kf6rs4dz1ybsm1_1_qhb00000gn/T/chainworks-test-gates/p042-swift-20260420T063001Z-DerivedData/Build/Intermediates.noindex/Yams.build/Debug/Yams.build/Objects-normal/arm64/Yams-Swift.h -working-directory /Users/user/Documents/Chainworks\ Forge/Chainworks\ Forge.xcodeproj -experimental-emit-module-separately -disable-cmo

ScanDependencies /var/folders/fj/v77kf6rs4dz1ybsm1_1_qhb00000gn/T/chainworks-test-gates/p042-swift-20260420T063001Z-DerivedData/Build/Intermediates.noindex/Yams.build/Debug/CYaml.build/Objects-normal/arm64/reader.o /var/folders/fj/v77kf6rs4dz1ybsm1_1_qhb00000gn/T/chainworks-test-gates/p042-swift-20260420T063001Z-DerivedData/SourcePackages/checkouts/Yams/Sources/CYaml/src/reader.c normal arm64 c com.apple.compilers.llvm.clang.1_0.compiler (in target 'CYaml' from project 'Yams')
    cd /Users/user/Documents/Chainworks\ Forge/Chainworks\ Forge.xcodeproj
    
    Using response file: /var/folders/fj/v77kf6rs4dz1ybsm1_1_qhb00000gn/T/chainworks-test-gates/p042-swift-20260420T063001Z-DerivedData/Build/Intermediates.noindex/Yams.build/Debug/CYaml.build/Objects-normal/arm64/7187679823f38a2a940e0043cdf9d637-common-args.resp
    
    builtin-ScanDependencies -o /var/folders/fj/v77kf6rs4dz1ybsm1_1_qhb00000gn/T/chainworks-test-gates/p042-swift-20260420T063001Z-DerivedData/Build/Intermediates.noindex/Yams.build/Debug/CYaml.build/Objects-normal/arm64/reader.o.scan -- /Applications/Xcode.app/Contents/Developer/Toolchains/XcodeDefault.xctoolchain/usr/bin/clang -x c -ivfsstatcache /var/folders/fj/v77kf6rs4dz1ybsm1_1_qhb00000gn/T/chainworks-test-gates/p042-swift-20260420T063001Z-DerivedData/SDKStatCaches.noindex/macosx26.4-25E251-30f9ca8789b706f8bd3fc906a70d770f.sdkstatcache -target arm64-apple-macos10.13 -fmessage-length\=0 -fdiagnostics-show-note-include-stack -fmacro-backtrace-limit\=0 -fno-color-diagnostics -fmodules-prune-interval\=86400 -fmodules-prune-after\=345600 -fbuild-session-file\=/var/folders/fj/v77kf6rs4dz1ybsm1_1_qhb00000gn/T/chainworks-test-gates/p042-swift-20260420T063001Z-DerivedData/ModuleCache.noindex/Session.modulevalidation -fmodules-validate-once-per-build-session -Wnon-modular-include-in-framework-module -Werror\=non-modular-include-in-framework-module -Wno-trigraphs -Wno-missing-field-initializers -Wno-missing-prototypes -Wno-return-type -Wno-missing-braces -Wparentheses -Wswitch -Wno-unused-function -Wno-unused-label -Wno-unused-parameter -Wno-unused-variable -Wunused-value -Wno-empty-body -Wno-uninitialized -Wno-unknown-pragmas -w -Wno-shadow -Wno-four-char-constants -Wno-conversion -Wno-constant-conversion -Wno-int-conversion -Wno-bool-conversion -Wno-enum-conversion -Wno-float-conversion -Wno-non-literal-null-conversion -Wno-objc-literal-conversion -Wshorten-64-to-32 -Wpointer-sign -Wno-newline-eof -Wno-implicit-fallthrough -isysroot /Applications/Xcode.app/Contents/Developer/Platforms/MacOSX.platform/Developer/SDKs/MacOSX26.4.sdk -fstrict-aliasing -Wdeprecated-declarations -Wno-sign-conversion -Wno-infinite-recursion -Wno-comma -Wno-block-capture-autoreleasing -Wno-strict-prototypes -Wno-semicolon-before-method-body -index-store-path /var/folders/fj/v77kf6rs4dz1ybsm1_1_qhb00000gn/T/chainworks-test-gates/p042-swift-20260420T063001Z-DerivedData/Index.noindex/DataStore @/var/folders/fj/v77kf6rs4dz1ybsm1_1_qhb00000gn/T/chainworks-test-gates/p042-swift-20260420T063001Z-DerivedData/Build/Intermediates.noindex/Yams.build/Debug/CYaml.build/Objects-normal/arm64/7187679823f38a2a940e0043cdf9d637-common-args.resp -MMD -MT dependencies -MF /var/folders/fj/v77kf6rs4dz1ybsm1_1_qhb00000gn/T/chainworks-test-gates/p042-swift-20260420T063001Z-DerivedData/Build/Intermediates.noindex/Yams.build/Debug/CYaml.build/Objects-normal/arm64/reader.d --serialize-diagnostics /var/folders/fj/v77kf6rs4dz1ybsm1_1_qhb00000gn/T/chainworks-test-gates/p042-swift-20260420T063001Z-DerivedData/Build/Intermediates.noindex/Yams.build/Debug/CYaml.build/Objects-normal/arm64/reader.dia -c /var/folders/fj/v77kf6rs4dz1ybsm1_1_qhb00000gn/T/chainworks-test-gates/p042-swift-20260420T063001Z-DerivedData/SourcePackages/checkouts/Yams/Sources/CYaml/src/reader.c -o /var/folders/fj/v77kf6rs4dz1ybsm1_1_qhb00000gn/T/chainworks-test-gates/p042-swift-20260420T063001Z-DerivedData/Build/Intermediates.noindex/Yams.build/Debug/CYaml.build/Objects-normal/arm64/reader.o -index-unit-output-path /Yams.build/Debug/CYaml.build/Objects-normal/arm64/reader.o

ScanDependencies /var/folders/fj/v77kf6rs4dz1ybsm1_1_qhb00000gn/T/chainworks-test-gates/p042-swift-20260420T063001Z-DerivedData/Build/Intermediates.noindex/Yams.build/Debug/CYaml.build/Objects-normal/arm64/parser.o /var/folders/fj/v77kf6rs4dz1ybsm1_1_qhb00000gn/T/chainworks-test-gates/p042-swift-20260420T063001Z-DerivedData/SourcePackages/checkouts/Yams/Sources/CYaml/src/parser.c normal arm64 c com.apple.compilers.llvm.clang.1_0.compiler (in target 'CYaml' from project 'Yams')
    cd /Users/user/Documents/Chainworks\ Forge/Chainworks\ Forge.xcodeproj
    
    Using response file: /var/folders/fj/v77kf6rs4dz1ybsm1_1_qhb00000gn/T/chainworks-test-gates/p042-swift-20260420T063001Z-DerivedData/Build/Intermediates.noindex/Yams.build/Debug/CYaml.build/Objects-normal/arm64/7187679823f38a2a940e0043cdf9d637-common-args.resp
    
    builtin-ScanDependencies -o /var/folders/fj/v77kf6rs4dz1ybsm1_1_qhb00000gn/T/chainworks-test-gates/p042-swift-20260420T063001Z-DerivedData/Build/Intermediates.noindex/Yams.build/Debug/CYaml.build/Objects-normal/arm64/parser.o.scan -- /Applications/Xcode.app/Contents/Developer/Toolchains/XcodeDefault.xctoolchain/usr/bin/clang -x c -ivfsstatcache /var/folders/fj/v77kf6rs4dz1ybsm1_1_qhb00000gn/T/chainworks-test-gates/p042-swift-20260420T063001Z-DerivedData/SDKStatCaches.noindex/macosx26.4-25E251-30f9ca8789b706f8bd3fc906a70d770f.sdkstatcache -target arm64-apple-macos10.13 -fmessage-length\=0 -fdiagnostics-show-note-include-stack -fmacro-backtrace-limit\=0 -fno-color-diagnostics -fmodules-prune-interval\=86400 -fmodules-prune-after\=345600 -fbuild-session-file\=/var/folders/fj/v77kf6rs4dz1ybsm1_1_qhb00000gn/T/chainworks-test-gates/p042-swift-20260420T063001Z-DerivedData/ModuleCache.noindex/Session.modulevalidation -fmodules-validate-once-per-build-session -Wnon-modular-include-in-framework-module -Werror\=non-modular-include-in-framework-module -Wno-trigraphs -Wno-missing-field-initializers -Wno-missing-prototypes -Wno-return-type -Wno-missing-braces -Wparentheses -Wswitch -Wno-unused-function -Wno-unused-label -Wno-unused-parameter -Wno-unused-variable -Wunused-value -Wno-empty-body -Wno-uninitialized -Wno-unknown-pragmas -w -Wno-shadow -Wno-four-char-constants -Wno-conversion -Wno-constant-conversion -Wno-int-conversion -Wno-bool-conversion -Wno-enum-conversion -Wno-float-conversion -Wno-non-literal-null-conversion -Wno-objc-literal-conversion -Wshorten-64-to-32 -Wpointer-sign -Wno-newline-eof -Wno-implicit-fallthrough -isysroot /Applications/Xcode.app/Contents/Developer/Platforms/MacOSX.platform/Developer/SDKs/MacOSX26.4.sdk -fstrict-aliasing -Wdeprecated-declarations -Wno-sign-conversion -Wno-infinite-recursion -Wno-comma -Wno-block-capture-autoreleasing -Wno-strict-prototypes -Wno-semicolon-before-method-body -index-store-path /var/folders/fj/v77kf6rs4dz1ybsm1_1_qhb00000gn/T/chainworks-test-gates/p042-swift-20260420T063001Z-DerivedData/Index.noindex/DataStore @/var/folders/fj/v77kf6rs4dz1ybsm1_1_qhb00000gn/T/chainworks-test-gates/p042-swift-20260420T063001Z-DerivedData/Build/Intermediates.noindex/Yams.build/Debug/CYaml.build/Objects-normal/arm64/7187679823f38a2a940e0043cdf9d637-common-args.resp -MMD -MT dependencies -MF /var/folders/fj/v77kf6rs4dz1ybsm1_1_qhb00000gn/T/chainworks-test-gates/p042-swift-20260420T063001Z-DerivedData/Build/Intermediates.noindex/Yams.build/Debug/CYaml.build/Objects-normal/arm64/parser.d --serialize-diagnostics /var/folders/fj/v77kf6rs4dz1ybsm1_1_qhb00000gn/T/chainworks-test-gates/p042-swift-20260420T063001Z-DerivedData/Build/Intermediates.noindex/Yams.build/Debug/CYaml.build/Objects-normal/arm64/parser.dia -c /var/folders/fj/v77kf6rs4dz1ybsm1_1_qhb00000gn/T/chainworks-test-gates/p042-swift-20260420T063001Z-DerivedData/SourcePackages/checkouts/Yams/Sources/CYaml/src/parser.c -o /var/folders/fj/v77kf6rs4dz1ybsm1_1_qhb00000gn/T/chainworks-test-gates/p042-swift-20260420T063001Z-DerivedData/Build/Intermediates.noindex/Yams.build/Debug/CYaml.build/Objects-normal/arm64/parser.o -index-unit-output-path /Yams.build/Debug/CYaml.build/Objects-normal/arm64/parser.o

ScanDependencies /var/folders/fj/v77kf6rs4dz1ybsm1_1_qhb00000gn/T/chainworks-test-gates/p042-swift-20260420T063001Z-DerivedData/Build/Intermediates.noindex/Yams.build/Debug/CYaml.build/Objects-normal/arm64/api.o /var/folders/fj/v77kf6rs4dz1ybsm1_1_qhb00000gn/T/chainworks-test-gates/p042-swift-20260420T063001Z-DerivedData/SourcePackages/checkouts/Yams/Sources/CYaml/src/api.c normal arm64 c com.apple.compilers.llvm.clang.1_0.compiler (in target 'CYaml' from project 'Yams')
    cd /Users/user/Documents/Chainworks\ Forge/Chainworks\ Forge.xcodeproj
    
    Using response file: /var/folders/fj/v77kf6rs4dz1ybsm1_1_qhb00000gn/T/chainworks-test-gates/p042-swift-20260420T063001Z-DerivedData/Build/Intermediates.noindex/Yams.build/Debug/CYaml.build/Objects-normal/arm64/7187679823f38a2a940e0043cdf9d637-common-args.resp
    
    builtin-ScanDependencies -o /var/folders/fj/v77kf6rs4dz1ybsm1_1_qhb00000gn/T/chainworks-test-gates/p042-swift-20260420T063001Z-DerivedData/Build/Intermediates.noindex/Yams.build/Debug/CYaml.build/Objects-normal/arm64/api.o.scan -- /Applications/Xcode.app/Contents/Developer/Toolchains/XcodeDefault.xctoolchain/usr/bin/clang -x c -ivfsstatcache /var/folders/fj/v77kf6rs4dz1ybsm1_1_qhb00000gn/T/chainworks-test-gates/p042-swift-20260420T063001Z-DerivedData/SDKStatCaches.noindex/macosx26.4-25E251-30f9ca8789b706f8bd3fc906a70d770f.sdkstatcache -target arm64-apple-macos10.13 -fmessage-length\=0 -fdiagnostics-show-note-include-stack -fmacro-backtrace-limit\=0 -fno-color-diagnostics -fmodules-prune-interval\=86400 -fmodules-prune-after\=345600 -fbuild-session-file\=/var/folders/fj/v77kf6rs4dz1ybsm1_1_qhb00000gn/T/chainworks-test-gates/p042-swift-20260420T063001Z-DerivedData/ModuleCache.noindex/Session.modulevalidation -fmodules-validate-once-per-build-session -Wnon-modular-include-in-framework-module -Werror\=non-modular-include-in-framework-module -Wno-trigraphs -Wno-missing-field-initializers -Wno-missing-prototypes -Wno-return-type -Wno-missing-braces -Wparentheses -Wswitch -Wno-unused-function -Wno-unused-label -Wno-unused-parameter -Wno-unused-variable -Wunused-value -Wno-empty-body -Wno-uninitialized -Wno-unknown-pragmas -w -Wno-shadow -Wno-four-char-constants -Wno-conversion -Wno-constant-conversion -Wno-int-conversion -Wno-bool-conversion -Wno-enum-conversion -Wno-float-conversion -Wno-non-literal-null-conversion -Wno-objc-literal-conversion -Wshorten-64-to-32 -Wpointer-sign -Wno-newline-eof -Wno-implicit-fallthrough -isysroot /Applications/Xcode.app/Contents/Developer/Platforms/MacOSX.platform/Developer/SDKs/MacOSX26.4.sdk -fstrict-aliasing -Wdeprecated-declarations -Wno-sign-conversion -Wno-infinite-recursion -Wno-comma -Wno-block-capture-autoreleasing -Wno-strict-prototypes -Wno-semicolon-before-method-body -index-store-path /var/folders/fj/v77kf6rs4dz1ybsm1_1_qhb00000gn/T/chainworks-test-gates/p042-swift-20260420T063001Z-DerivedData/Index.noindex/DataStore @/var/folders/fj/v77kf6rs4dz1ybsm1_1_qhb00000gn/T/chainworks-test-gates/p042-swift-20260420T063001Z-DerivedData/Build/Intermediates.noindex/Yams.build/Debug/CYaml.build/Objects-normal/arm64/7187679823f38a2a940e0043cdf9d637-common-args.resp -MMD -MT dependencies -MF /var/folders/fj/v77kf6rs4dz1ybsm1_1_qhb00000gn/T/chainworks-test-gates/p042-swift-20260420T063001Z-DerivedData/Build/Intermediates.noindex/Yams.build/Debug/CYaml.build/Objects-normal/arm64/api.d --serialize-diagnostics /var/folders/fj/v77kf6rs4dz1ybsm1_1_qhb00000gn/T/chainworks-test-gates/p042-swift-20260420T063001Z-DerivedData/Build/Intermediates.noindex/Yams.build/Debug/CYaml.build/Objects-normal/arm64/api.dia -c /var/folders/fj/v77kf6rs4dz1ybsm1_1_qhb00000gn/T/chainworks-test-gates/p042-swift-20260420T063001Z-DerivedData/SourcePackages/checkouts/Yams/Sources/CYaml/src/api.c -o /var/folders/fj/v77kf6rs4dz1ybsm1_1_qhb00000gn/T/chainworks-test-gates/p042-swift-20260420T063001Z-DerivedData/Build/Intermediates.noindex/Yams.build/Debug/CYaml.build/Objects-normal/arm64/api.o -index-unit-output-path /Yams.build/Debug/CYaml.build/Objects-normal/arm64/api.o

ScanDependencies /var/folders/fj/v77kf6rs4dz1ybsm1_1_qhb00000gn/T/chainworks-test-gates/p042-swift-20260420T063001Z-DerivedData/Build/Intermediates.noindex/Yams.build/Debug/CYaml.build/Objects-normal/arm64/writer.o /var/folders/fj/v77kf6rs4dz1ybsm1_1_qhb00000gn/T/chainworks-test-gates/p042-swift-20260420T063001Z-DerivedData/SourcePackages/checkouts/Yams/Sources/CYaml/src/writer.c normal arm64 c com.apple.compilers.llvm.clang.1_0.compiler (in target 'CYaml' from project 'Yams')
    cd /Users/user/Documents/Chainworks\ Forge/Chainworks\ Forge.xcodeproj
    
    Using response file: /var/folders/fj/v77kf6rs4dz1ybsm1_1_qhb00000gn/T/chainworks-test-gates/p042-swift-20260420T063001Z-DerivedData/Build/Intermediates.noindex/Yams.build/Debug/CYaml.build/Objects-normal/arm64/7187679823f38a2a940e0043cdf9d637-common-args.resp
    
    builtin-ScanDependencies -o /var/folders/fj/v77kf6rs4dz1ybsm1_1_qhb00000gn/T/chainworks-test-gates/p042-swift-20260420T063001Z-DerivedData/Build/Intermediates.noindex/Yams.build/Debug/CYaml.build/Objects-normal/arm64/writer.o.scan -- /Applications/Xcode.app/Contents/Developer/Toolchains/XcodeDefault.xctoolchain/usr/bin/clang -x c -ivfsstatcache /var/folders/fj/v77kf6rs4dz1ybsm1_1_qhb00000gn/T/chainworks-test-gates/p042-swift-20260420T063001Z-DerivedData/SDKStatCaches.noindex/macosx26.4-25E251-30f9ca8789b706f8bd3fc906a70d770f.sdkstatcache -target arm64-apple-macos10.13 -fmessage-length\=0 -fdiagnostics-show-note-include-stack -fmacro-backtrace-limit\=0 -fno-color-diagnostics -fmodules-prune-interval\=86400 -fmodules-prune-after\=345600 -fbuild-session-file\=/var/folders/fj/v77kf6rs4dz1ybsm1_1_qhb00000gn/T/chainworks-test-gates/p042-swift-20260420T063001Z-DerivedData/ModuleCache.noindex/Session.modulevalidation -fmodules-validate-once-per-build-session -Wnon-modular-include-in-framework-module -Werror\=non-modular-include-in-framework-module -Wno-trigraphs -Wno-missing-field-initializers -Wno-missing-prototypes -Wno-return-type -Wno-missing-braces -Wparentheses -Wswitch -Wno-unused-function -Wno-unused-label -Wno-unused-parameter -Wno-unused-variable -Wunused-value -Wno-empty-body -Wno-uninitialized -Wno-unknown-pragmas -w -Wno-shadow -Wno-four-char-constants -Wno-conversion -Wno-constant-conversion -Wno-int-conversion -Wno-bool-conversion -Wno-enum-conversion -Wno-float-conversion -Wno-non-literal-null-conversion -Wno-objc-literal-conversion -Wshorten-64-to-32 -Wpointer-sign -Wno-newline-eof -Wno-implicit-fallthrough -isysroot /Applications/Xcode.app/Contents/Developer/Platforms/MacOSX.platform/Developer/SDKs/MacOSX26.4.sdk -fstrict-aliasing -Wdeprecated-declarations -Wno-sign-conversion -Wno-infinite-recursion -Wno-comma -Wno-block-capture-autoreleasing -Wno-strict-prototypes -Wno-semicolon-before-method-body -index-store-path /var/folders/fj/v77kf6rs4dz1ybsm1_1_qhb00000gn/T/chainworks-test-gates/p042-swift-20260420T063001Z-DerivedData/Index.noindex/DataStore @/var/folders/fj/v77kf6rs4dz1ybsm1_1_qhb00000gn/T/chainworks-test-gates/p042-swift-20260420T063001Z-DerivedData/Build/Intermediates.noindex/Yams.build/Debug/CYaml.build/Objects-normal/arm64/7187679823f38a2a940e0043cdf9d637-common-args.resp -MMD -MT dependencies -MF /var/folders/fj/v77kf6rs4dz1ybsm1_1_qhb00000gn/T/chainworks-test-gates/p042-swift-20260420T063001Z-DerivedData/Build/Intermediates.noindex/Yams.build/Debug/CYaml.build/Objects-normal/arm64/writer.d --serialize-diagnostics /var/folders/fj/v77kf6rs4dz1ybsm1_1_qhb00000gn/T/chainworks-test-gates/p042-swift-20260420T063001Z-DerivedData/Build/Intermediates.noindex/Yams.build/Debug/CYaml.build/Objects-normal/arm64/writer.dia -c /var/folders/fj/v77kf6rs4dz1ybsm1_1_qhb00000gn/T/chainworks-test-gates/p042-swift-20260420T063001Z-DerivedData/SourcePackages/checkouts/Yams/Sources/CYaml/src/writer.c -o /var/folders/fj/v77kf6rs4dz1ybsm1_1_qhb00000gn/T/chainworks-test-gates/p042-swift-20260420T063001Z-DerivedData/Build/Intermediates.noindex/Yams.build/Debug/CYaml.build/Objects-normal/arm64/writer.o -index-unit-output-path /Yams.build/Debug/CYaml.build/Objects-normal/arm64/writer.o

ScanDependencies /var/folders/fj/v77kf6rs4dz1ybsm1_1_qhb00000gn/T/chainworks-test-gates/p042-swift-20260420T063001Z-DerivedData/Build/Intermediates.noindex/Yams.build/Debug/CYaml.build/Objects-normal/arm64/scanner.o /var/folders/fj/v77kf6rs4dz1ybsm1_1_qhb00000gn/T/chainworks-test-gates/p042-swift-20260420T063001Z-DerivedData/SourcePackages/checkouts/Yams/Sources/CYaml/src/scanner.c normal arm64 c com.apple.compilers.llvm.clang.1_0.compiler (in target 'CYaml' from project 'Yams')
    cd /Users/user/Documents/Chainworks\ Forge/Chainworks\ Forge.xcodeproj
    
    Using response file: /var/folders/fj/v77kf6rs4dz1ybsm1_1_qhb00000gn/T/chainworks-test-gates/p042-swift-20260420T063001Z-DerivedData/Build/Intermediates.noindex/Yams.build/Debug/CYaml.build/Objects-normal/arm64/7187679823f38a2a940e0043cdf9d637-common-args.resp
    
    builtin-ScanDependencies -o /var/folders/fj/v77kf6rs4dz1ybsm1_1_qhb00000gn/T/chainworks-test-gates/p042-swift-20260420T063001Z-DerivedData/Build/Intermediates.noindex/Yams.build/Debug/CYaml.build/Objects-normal/arm64/scanner.o.scan -- /Applications/Xcode.app/Contents/Developer/Toolchains/XcodeDefault.xctoolchain/usr/bin/clang -x c -ivfsstatcache /var/folders/fj/v77kf6rs4dz1ybsm1_1_qhb00000gn/T/chainworks-test-gates/p042-swift-20260420T063001Z-DerivedData/SDKStatCaches.noindex/macosx26.4-25E251-30f9ca8789b706f8bd3fc906a70d770f.sdkstatcache -target arm64-apple-macos10.13 -fmessage-length\=0 -fdiagnostics-show-note-include-stack -fmacro-backtrace-limit\=0 -fno-color-diagnostics -fmodules-prune-interval\=86400 -fmodules-prune-after\=345600 -fbuild-session-file\=/var/folders/fj/v77kf6rs4dz1ybsm1_1_qhb00000gn/T/chainworks-test-gates/p042-swift-20260420T063001Z-DerivedData/ModuleCache.noindex/Session.modulevalidation -fmodules-validate-once-per-build-session -Wnon-modular-include-in-framework-module -Werror\=non-modular-include-in-framework-module -Wno-trigraphs -Wno-missing-field-initializers -Wno-missing-prototypes -Wno-return-type -Wno-missing-braces -Wparentheses -Wswitch -Wno-unused-function -Wno-unused-label -Wno-unused-parameter -Wno-unused-variable -Wunused-value -Wno-empty-body -Wno-uninitialized -Wno-unknown-pragmas -w -Wno-shadow -Wno-four-char-constants -Wno-conversion -Wno-constant-conversion -Wno-int-conversion -Wno-bool-conversion -Wno-enum-conversion -Wno-float-conversion -Wno-non-literal-null-conversion -Wno-objc-literal-conversion -Wshorten-64-to-32 -Wpointer-sign -Wno-newline-eof -Wno-implicit-fallthrough -isysroot /Applications/Xcode.app/Contents/Developer/Platforms/MacOSX.platform/Developer/SDKs/MacOSX26.4.sdk -fstrict-aliasing -Wdeprecated-declarations -Wno-sign-conversion -Wno-infinite-recursion -Wno-comma -Wno-block-capture-autoreleasing -Wno-strict-prototypes -Wno-semicolon-before-method-body -index-store-path /var/folders/fj/v77kf6rs4dz1ybsm1_1_qhb00000gn/T/chainworks-test-gates/p042-swift-20260420T063001Z-DerivedData/Index.noindex/DataStore @/var/folders/fj/v77kf6rs4dz1ybsm1_1_qhb00000gn/T/chainworks-test-gates/p042-swift-20260420T063001Z-DerivedData/Build/Intermediates.noindex/Yams.build/Debug/CYaml.build/Objects-normal/arm64/7187679823f38a2a940e0043cdf9d637-common-args.resp -MMD -MT dependencies -MF /var/folders/fj/v77kf6rs4dz1ybsm1_1_qhb00000gn/T/chainworks-test-gates/p042-swift-20260420T063001Z-DerivedData/Build/Intermediates.noindex/Yams.build/Debug/CYaml.build/Objects-normal/arm64/scanner.d --serialize-diagnostics /var/folders/fj/v77kf6rs4dz1ybsm1_1_qhb00000gn/T/chainworks-test-gates/p042-swift-20260420T063001Z-DerivedData/Build/Intermediates.noindex/Yams.build/Debug/CYaml.build/Objects-normal/arm64/scanner.dia -c /var/folders/fj/v77kf6rs4dz1ybsm1_1_qhb00000gn/T/chainworks-test-gates/p042-swift-20260420T063001Z-DerivedData/SourcePackages/checkouts/Yams/Sources/CYaml/src/scanner.c -o /var/folders/fj/v77kf6rs4dz1ybsm1_1_qhb00000gn/T/chainworks-test-gates/p042-swift-20260420T063001Z-DerivedData/Build/Intermediates.noindex/Yams.build/Debug/CYaml.build/Objects-normal/arm64/scanner.o -index-unit-output-path /Yams.build/Debug/CYaml.build/Objects-normal/arm64/scanner.o

ScanDependencies /var/folders/fj/v77kf6rs4dz1ybsm1_1_qhb00000gn/T/chainworks-test-gates/p042-swift-20260420T063001Z-DerivedData/Build/Intermediates.noindex/Yams.build/Debug/CYaml.build/Objects-normal/arm64/emitter.o /var/folders/fj/v77kf6rs4dz1ybsm1_1_qhb00000gn/T/chainworks-test-gates/p042-swift-20260420T063001Z-DerivedData/SourcePackages/checkouts/Yams/Sources/CYaml/src/emitter.c normal arm64 c com.apple.compilers.llvm.clang.1_0.compiler (in target 'CYaml' from project 'Yams')
    cd /Users/user/Documents/Chainworks\ Forge/Chainworks\ Forge.xcodeproj
    
    Using response file: /var/folders/fj/v77kf6rs4dz1ybsm1_1_qhb00000gn/T/chainworks-test-gates/p042-swift-20260420T063001Z-DerivedData/Build/Intermediates.noindex/Yams.build/Debug/CYaml.build/Objects-normal/arm64/7187679823f38a2a940e0043cdf9d637-common-args.resp
    
    builtin-ScanDependencies -o /var/folders/fj/v77kf6rs4dz1ybsm1_1_qhb00000gn/T/chainworks-test-gates/p042-swift-20260420T063001Z-DerivedData/Build/Intermediates.noindex/Yams.build/Debug/CYaml.build/Objects-normal/arm64/emitter.o.scan -- /Applications/Xcode.app/Contents/Developer/Toolchains/XcodeDefault.xctoolchain/usr/bin/clang -x c -ivfsstatcache /var/folders/fj/v77kf6rs4dz1ybsm1_1_qhb00000gn/T/chainworks-test-gates/p042-swift-20260420T063001Z-DerivedData/SDKStatCaches.noindex/macosx26.4-25E251-30f9ca8789b706f8bd3fc906a70d770f.sdkstatcache -target arm64-apple-macos10.13 -fmessage-length\=0 -fdiagnostics-show-note-include-stack -fmacro-backtrace-limit\=0 -fno-color-diagnostics -fmodules-prune-interval\=86400 -fmodules-prune-after\=345600 -fbuild-session-file\=/var/folders/fj/v77kf6rs4dz1ybsm1_1_qhb00000gn/T/chainworks-test-gates/p042-swift-20260420T063001Z-DerivedData/ModuleCache.noindex/Session.modulevalidation -fmodules-validate-once-per-build-session -Wnon-modular-include-in-framework-module -Werror\=non-modular-include-in-framework-module -Wno-trigraphs -Wno-missing-field-initializers -Wno-missing-prototypes -Wno-return-type -Wno-missing-braces -Wparentheses -Wswitch -Wno-unused-function -Wno-unused-label -Wno-unused-parameter -Wno-unused-variable -Wunused-value -Wno-empty-body -Wno-uninitialized -Wno-unknown-pragmas -w -Wno-shadow -Wno-four-char-constants -Wno-conversion -Wno-constant-conversion -Wno-int-conversion -Wno-bool-conversion -Wno-enum-conversion -Wno-float-conversion -Wno-non-literal-null-conversion -Wno-objc-literal-conversion -Wshorten-64-to-32 -Wpointer-sign -Wno-newline-eof -Wno-implicit-fallthrough -isysroot /Applications/Xcode.app/Contents/Developer/Platforms/MacOSX.platform/Developer/SDKs/MacOSX26.4.sdk -fstrict-aliasing -Wdeprecated-declarations -Wno-sign-conversion -Wno-infinite-recursion -Wno-comma -Wno-block-capture-autoreleasing -Wno-strict-prototypes -Wno-semicolon-before-method-body -index-store-path /var/folders/fj/v77kf6rs4dz1ybsm1_1_qhb00000gn/T/chainworks-test-gates/p042-swift-20260420T063001Z-DerivedData/Index.noindex/DataStore @/var/folders/fj/v77kf6rs4dz1ybsm1_1_qhb00000gn/T/chainworks-test-gates/p042-swift-20260420T063001Z-DerivedData/Build/Intermediates.noindex/Yams.build/Debug/CYaml.build/Objects-normal/arm64/7187679823f38a2a940e0043cdf9d637-common-args.resp -MMD -MT dependencies -MF /var/folders/fj/v77kf6rs4dz1ybsm1_1_qhb00000gn/T/chainworks-test-gates/p042-swift-20260420T063001Z-DerivedData/Build/Intermediates.noindex/Yams.build/Debug/CYaml.build/Objects-normal/arm64/emitter.d --serialize-diagnostics /var/folders/fj/v77kf6rs4dz1ybsm1_1_qhb00000gn/T/chainworks-test-gates/p042-swift-20260420T063001Z-DerivedData/Build/Intermediates.noindex/Yams.build/Debug/CYaml.build/Objects-normal/arm64/emitter.dia -c /var/folders/fj/v77kf6rs4dz1ybsm1_1_qhb00000gn/T/chainworks-test-gates/p042-swift-20260420T063001Z-DerivedData/SourcePackages/checkouts/Yams/Sources/CYaml/src/emitter.c -o /var/folders/fj/v77kf6rs4dz1ybsm1_1_qhb00000gn/T/chainworks-test-gates/p042-swift-20260420T063001Z-DerivedData/Build/Intermediates.noindex/Yams.build/Debug/CYaml.build/Objects-normal/arm64/emitter.o -index-unit-output-path /Yams.build/Debug/CYaml.build/Objects-normal/arm64/emitter.o

PrecompileModule /var/folders/fj/v77kf6rs4dz1ybsm1_1_qhb00000gn/T/chainworks-test-gates/p042-swift-20260420T063001Z-DerivedData/Build/Intermediates.noindex/ExplicitPrecompiledModules/_AvailabilityInternal-9VWQ8WA0VHX4B5LNFKJXDDI4J.scan
    cd /
    builtin-precompileModule /var/folders/fj/v77kf6rs4dz1ybsm1_1_qhb00000gn/T/chainworks-test-gates/p042-swift-20260420T063001Z-DerivedData/Build/Intermediates.noindex/ExplicitPrecompiledModules/_AvailabilityInternal-9VWQ8WA0VHX4B5LNFKJXDDI4J.scan

PrecompileModule /var/folders/fj/v77kf6rs4dz1ybsm1_1_qhb00000gn/T/chainworks-test-gates/p042-swift-20260420T063001Z-DerivedData/Build/Intermediates.noindex/ExplicitPrecompiledModules/_Builtin_stddef-OA774YCTQ1BV59W6APE0XA14.scan
    cd /
    builtin-precompileModule /var/folders/fj/v77kf6rs4dz1ybsm1_1_qhb00000gn/T/chainworks-test-gates/p042-swift-20260420T063001Z-DerivedData/Build/Intermediates.noindex/ExplicitPrecompiledModules/_Builtin_stddef-OA774YCTQ1BV59W6APE0XA14.scan

PrecompileModule /var/folders/fj/v77kf6rs4dz1ybsm1_1_qhb00000gn/T/chainworks-test-gates/p042-swift-20260420T063001Z-DerivedData/Build/Intermediates.noindex/ExplicitPrecompiledModules/_Builtin_stdarg-CJPVZ1YW1XSSABL1ARL9YB9YJ.scan
    cd /
    builtin-precompileModule /var/folders/fj/v77kf6rs4dz1ybsm1_1_qhb00000gn/T/chainworks-test-gates/p042-swift-20260420T063001Z-DerivedData/Build/Intermediates.noindex/ExplicitPrecompiledModules/_Builtin_stdarg-CJPVZ1YW1XSSABL1ARL9YB9YJ.scan

PrecompileModule /var/folders/fj/v77kf6rs4dz1ybsm1_1_qhb00000gn/T/chainworks-test-gates/p042-swift-20260420T063001Z-DerivedData/Build/Intermediates.noindex/ExplicitPrecompiledModules/ptrcheck-5A3539ABCS3OFTCUT2AD4ZUM0.scan
    cd /
    builtin-precompileModule /var/folders/fj/v77kf6rs4dz1ybsm1_1_qhb00000gn/T/chainworks-test-gates/p042-swift-20260420T063001Z-DerivedData/Build/Intermediates.noindex/ExplicitPrecompiledModules/ptrcheck-5A3539ABCS3OFTCUT2AD4ZUM0.scan

PrecompileModule /var/folders/fj/v77kf6rs4dz1ybsm1_1_qhb00000gn/T/chainworks-test-gates/p042-swift-20260420T063001Z-DerivedData/Build/Intermediates.noindex/ExplicitPrecompiledModules/_DarwinFoundation1-2OZNIAO9WUJQ4IN897NP7GJHD.scan
    cd /
    builtin-precompileModule /var/folders/fj/v77kf6rs4dz1ybsm1_1_qhb00000gn/T/chainworks-test-gates/p042-swift-20260420T063001Z-DerivedData/Build/Intermediates.noindex/ExplicitPrecompiledModules/_DarwinFoundation1-2OZNIAO9WUJQ4IN897NP7GJHD.scan

PrecompileModule /var/folders/fj/v77kf6rs4dz1ybsm1_1_qhb00000gn/T/chainworks-test-gates/p042-swift-20260420T063001Z-DerivedData/Build/Intermediates.noindex/ExplicitPrecompiledModules/_Builtin_limits-3GYK6I0RKZL4TY4HHRMDCJNSC.scan
    cd /
    builtin-precompileModule /var/folders/fj/v77kf6rs4dz1ybsm1_1_qhb00000gn/T/chainworks-test-gates/p042-swift-20260420T063001Z-DerivedData/Build/Intermediates.noindex/ExplicitPrecompiledModules/_Builtin_limits-3GYK6I0RKZL4TY4HHRMDCJNSC.scan

PrecompileModule /var/folders/fj/v77kf6rs4dz1ybsm1_1_qhb00000gn/T/chainworks-test-gates/p042-swift-20260420T063001Z-DerivedData/Build/Intermediates.noindex/ExplicitPrecompiledModules/_DarwinFoundation2-2TXJB6AGBPY9PEBH0XO8HZKIH.scan
    cd /
    builtin-precompileModule /var/folders/fj/v77kf6rs4dz1ybsm1_1_qhb00000gn/T/chainworks-test-gates/p042-swift-20260420T063001Z-DerivedData/Build/Intermediates.noindex/ExplicitPrecompiledModules/_DarwinFoundation2-2TXJB6AGBPY9PEBH0XO8HZKIH.scan

PrecompileModule /var/folders/fj/v77kf6rs4dz1ybsm1_1_qhb00000gn/T/chainworks-test-gates/p042-swift-20260420T063001Z-DerivedData/Build/Intermediates.noindex/ExplicitPrecompiledModules/_Builtin_stdint-D7N9GEXMM6D550VYVZ263W8BE.scan
    cd /
    builtin-precompileModule /var/folders/fj/v77kf6rs4dz1ybsm1_1_qhb00000gn/T/chainworks-test-gates/p042-swift-20260420T063001Z-DerivedData/Build/Intermediates.noindex/ExplicitPrecompiledModules/_Builtin_stdint-D7N9GEXMM6D550VYVZ263W8BE.scan

PrecompileModule /var/folders/fj/v77kf6rs4dz1ybsm1_1_qhb00000gn/T/chainworks-test-gates/p042-swift-20260420T063001Z-DerivedData/Build/Intermediates.noindex/ExplicitPrecompiledModules/_DarwinFoundation3-5F8YNBMTZBOLWW3HGMHEOUVX3.scan
    cd /
    builtin-precompileModule /var/folders/fj/v77kf6rs4dz1ybsm1_1_qhb00000gn/T/chainworks-test-gates/p042-swift-20260420T063001Z-DerivedData/Build/Intermediates.noindex/ExplicitPrecompiledModules/_DarwinFoundation3-5F8YNBMTZBOLWW3HGMHEOUVX3.scan

CompileC /var/folders/fj/v77kf6rs4dz1ybsm1_1_qhb00000gn/T/chainworks-test-gates/p042-swift-20260420T063001Z-DerivedData/Build/Intermediates.noindex/Yams.build/Debug/CYaml.build/Objects-normal/arm64/scanner.o /var/folders/fj/v77kf6rs4dz1ybsm1_1_qhb00000gn/T/chainworks-test-gates/p042-swift-20260420T063001Z-DerivedData/SourcePackages/checkouts/Yams/Sources/CYaml/src/scanner.c normal arm64 c com.apple.compilers.llvm.clang.1_0.compiler (in target 'CYaml' from project 'Yams')
    cd /Users/user/Documents/Chainworks\ Forge/Chainworks\ Forge.xcodeproj
    
    Using response file: /var/folders/fj/v77kf6rs4dz1ybsm1_1_qhb00000gn/T/chainworks-test-gates/p042-swift-20260420T063001Z-DerivedData/Build/Intermediates.noindex/Yams.build/Debug/CYaml.build/Objects-normal/arm64/7187679823f38a2a940e0043cdf9d637-common-args.resp
    
    /Applications/Xcode.app/Contents/Developer/Toolchains/XcodeDefault.xctoolchain/usr/bin/clang -x c -ivfsstatcache /var/folders/fj/v77kf6rs4dz1ybsm1_1_qhb00000gn/T/chainworks-test-gates/p042-swift-20260420T063001Z-DerivedData/SDKStatCaches.noindex/macosx26.4-25E251-30f9ca8789b706f8bd3fc906a70d770f.sdkstatcache -target arm64-apple-macos10.13 -fmessage-length\=0 -fdiagnostics-show-note-include-stack -fmacro-backtrace-limit\=0 -fno-color-diagnostics -fmodules-prune-interval\=86400 -fmodules-prune-after\=345600 -fbuild-session-file\=/var/folders/fj/v77kf6rs4dz1ybsm1_1_qhb00000gn/T/chainworks-test-gates/p042-swift-20260420T063001Z-DerivedData/ModuleCache.noindex/Session.modulevalidation -fmodules-validate-once-per-build-session -Wnon-modular-include-in-framework-module -Werror\=non-modular-include-in-framework-module -Wno-trigraphs -Wno-missing-field-initializers -Wno-missing-prototypes -Wno-return-type -Wno-missing-braces -Wparentheses -Wswitch -Wno-unused-function -Wno-unused-label -Wno-unused-parameter -Wno-unused-variable -Wunused-value -Wno-empty-body -Wno-uninitialized -Wno-unknown-pragmas -w -Wno-shadow -Wno-four-char-constants -Wno-conversion -Wno-constant-conversion -Wno-int-conversion -Wno-bool-conversion -Wno-enum-conversion -Wno-float-conversion -Wno-non-literal-null-conversion -Wno-objc-literal-conversion -Wshorten-64-to-32 -Wpointer-sign -Wno-newline-eof -Wno-implicit-fallthrough -isysroot /Applications/Xcode.app/Contents/Developer/Platforms/MacOSX.platform/Developer/SDKs/MacOSX26.4.sdk -fstrict-aliasing -Wdeprecated-declarations -Wno-sign-conversion -Wno-infinite-recursion -Wno-comma -Wno-block-capture-autoreleasing -Wno-strict-prototypes -Wno-semicolon-before-method-body -index-store-path /var/folders/fj/v77kf6rs4dz1ybsm1_1_qhb00000gn/T/chainworks-test-gates/p042-swift-20260420T063001Z-DerivedData/Index.noindex/DataStore @/var/folders/fj/v77kf6rs4dz1ybsm1_1_qhb00000gn/T/chainworks-test-gates/p042-swift-20260420T063001Z-DerivedData/Build/Intermediates.noindex/Yams.build/Debug/CYaml.build/Objects-normal/arm64/7187679823f38a2a940e0043cdf9d637-common-args.resp -MMD -MT dependencies -MF /var/folders/fj/v77kf6rs4dz1ybsm1_1_qhb00000gn/T/chainworks-test-gates/p042-swift-20260420T063001Z-DerivedData/Build/Intermediates.noindex/Yams.build/Debug/CYaml.build/Objects-normal/arm64/scanner.d --serialize-diagnostics /var/folders/fj/v77kf6rs4dz1ybsm1_1_qhb00000gn/T/chainworks-test-gates/p042-swift-20260420T063001Z-DerivedData/Build/Intermediates.noindex/Yams.build/Debug/CYaml.build/Objects-normal/arm64/scanner.dia -c /var/folders/fj/v77kf6rs4dz1ybsm1_1_qhb00000gn/T/chainworks-test-gates/p042-swift-20260420T063001Z-DerivedData/SourcePackages/checkouts/Yams/Sources/CYaml/src/scanner.c -o /var/folders/fj/v77kf6rs4dz1ybsm1_1_qhb00000gn/T/chainworks-test-gates/p042-swift-20260420T063001Z-DerivedData/Build/Intermediates.noindex/Yams.build/Debug/CYaml.build/Objects-normal/arm64/scanner.o -index-unit-output-path /Yams.build/Debug/CYaml.build/Objects-normal/arm64/scanner.o

CompileC /var/folders/fj/v77kf6rs4dz1ybsm1_1_qhb00000gn/T/chainworks-test-gates/p042-swift-20260420T063001Z-DerivedData/Build/Intermediates.noindex/Yams.build/Debug/CYaml.build/Objects-normal/arm64/reader.o /var/folders/fj/v77kf6rs4dz1ybsm1_1_qhb00000gn/T/chainworks-test-gates/p042-swift-20260420T063001Z-DerivedData/SourcePackages/checkouts/Yams/Sources/CYaml/src/reader.c normal arm64 c com.apple.compilers.llvm.clang.1_0.compiler (in target 'CYaml' from project 'Yams')
    cd /Users/user/Documents/Chainworks\ Forge/Chainworks\ Forge.xcodeproj
    
    Using response file: /var/folders/fj/v77kf6rs4dz1ybsm1_1_qhb00000gn/T/chainworks-test-gates/p042-swift-20260420T063001Z-DerivedData/Build/Intermediates.noindex/Yams.build/Debug/CYaml.build/Objects-normal/arm64/7187679823f38a2a940e0043cdf9d637-common-args.resp
    
    /Applications/Xcode.app/Contents/Developer/Toolchains/XcodeDefault.xctoolchain/usr/bin/clang -x c -ivfsstatcache /var/folders/fj/v77kf6rs4dz1ybsm1_1_qhb00000gn/T/chainworks-test-gates/p042-swift-20260420T063001Z-DerivedData/SDKStatCaches.noindex/macosx26.4-25E251-30f9ca8789b706f8bd3fc906a70d770f.sdkstatcache -target arm64-apple-macos10.13 -fmessage-length\=0 -fdiagnostics-show-note-include-stack -fmacro-backtrace-limit\=0 -fno-color-diagnostics -fmodules-prune-interval\=86400 -fmodules-prune-after\=345600 -fbuild-session-file\=/var/folders/fj/v77kf6rs4dz1ybsm1_1_qhb00000gn/T/chainworks-test-gates/p042-swift-20260420T063001Z-DerivedData/ModuleCache.noindex/Session.modulevalidation -fmodules-validate-once-per-build-session -Wnon-modular-include-in-framework-module -Werror\=non-modular-include-in-framework-module -Wno-trigraphs -Wno-missing-field-initializers -Wno-missing-prototypes -Wno-return-type -Wno-missing-braces -Wparentheses -Wswitch -Wno-unused-function -Wno-unused-label -Wno-unused-parameter -Wno-unused-variable -Wunused-value -Wno-empty-body -Wno-uninitialized -Wno-unknown-pragmas -w -Wno-shadow -Wno-four-char-constants -Wno-conversion -Wno-constant-conversion -Wno-int-conversion -Wno-bool-conversion -Wno-enum-conversion -Wno-float-conversion -Wno-non-literal-null-conversion -Wno-objc-literal-conversion -Wshorten-64-to-32 -Wpointer-sign -Wno-newline-eof -Wno-implicit-fallthrough -isysroot /Applications/Xcode.app/Contents/Developer/Platforms/MacOSX.platform/Developer/SDKs/MacOSX26.4.sdk -fstrict-aliasing -Wdeprecated-declarations -Wno-sign-conversion -Wno-infinite-recursion -Wno-comma -Wno-block-capture-autoreleasing -Wno-strict-prototypes -Wno-semicolon-before-method-body -index-store-path /var/folders/fj/v77kf6rs4dz1ybsm1_1_qhb00000gn/T/chainworks-test-gates/p042-swift-20260420T063001Z-DerivedData/Index.noindex/DataStore @/var/folders/fj/v77kf6rs4dz1ybsm1_1_qhb00000gn/T/chainworks-test-gates/p042-swift-20260420T063001Z-DerivedData/Build/Intermediates.noindex/Yams.build/Debug/CYaml.build/Objects-normal/arm64/7187679823f38a2a940e0043cdf9d637-common-args.resp -MMD -MT dependencies -MF /var/folders/fj/v77kf6rs4dz1ybsm1_1_qhb00000gn/T/chainworks-test-gates/p042-swift-20260420T063001Z-DerivedData/Build/Intermediates.noindex/Yams.build/Debug/CYaml.build/Objects-normal/arm64/reader.d --serialize-diagnostics /var/folders/fj/v77kf6rs4dz1ybsm1_1_qhb00000gn/T/chainworks-test-gates/p042-swift-20260420T063001Z-DerivedData/Build/Intermediates.noindex/Yams.build/Debug/CYaml.build/Objects-normal/arm64/reader.dia -c /var/folders/fj/v77kf6rs4dz1ybsm1_1_qhb00000gn/T/chainworks-test-gates/p042-swift-20260420T063001Z-DerivedData/SourcePackages/checkouts/Yams/Sources/CYaml/src/reader.c -o /var/folders/fj/v77kf6rs4dz1ybsm1_1_qhb00000gn/T/chainworks-test-gates/p042-swift-20260420T063001Z-DerivedData/Build/Intermediates.noindex/Yams.build/Debug/CYaml.build/Objects-normal/arm64/reader.o -index-unit-output-path /Yams.build/Debug/CYaml.build/Objects-normal/arm64/reader.o

CompileC /var/folders/fj/v77kf6rs4dz1ybsm1_1_qhb00000gn/T/chainworks-test-gates/p042-swift-20260420T063001Z-DerivedData/Build/Intermediates.noindex/Yams.build/Debug/CYaml.build/Objects-normal/arm64/writer.o /var/folders/fj/v77kf6rs4dz1ybsm1_1_qhb00000gn/T/chainworks-test-gates/p042-swift-20260420T063001Z-DerivedData/SourcePackages/checkouts/Yams/Sources/CYaml/src/writer.c normal arm64 c com.apple.compilers.llvm.clang.1_0.compiler (in target 'CYaml' from project 'Yams')
    cd /Users/user/Documents/Chainworks\ Forge/Chainworks\ Forge.xcodeproj
    
    Using response file: /var/folders/fj/v77kf6rs4dz1ybsm1_1_qhb00000gn/T/chainworks-test-gates/p042-swift-20260420T063001Z-DerivedData/Build/Intermediates.noindex/Yams.build/Debug/CYaml.build/Objects-normal/arm64/7187679823f38a2a940e0043cdf9d637-common-args.resp
    
    /Applications/Xcode.app/Contents/Developer/Toolchains/XcodeDefault.xctoolchain/usr/bin/clang -x c -ivfsstatcache /var/folders/fj/v77kf6rs4dz1ybsm1_1_qhb00000gn/T/chainworks-test-gates/p042-swift-20260420T063001Z-DerivedData/SDKStatCaches.noindex/macosx26.4-25E251-30f9ca8789b706f8bd3fc906a70d770f.sdkstatcache -target arm64-apple-macos10.13 -fmessage-length\=0 -fdiagnostics-show-note-include-stack -fmacro-backtrace-limit\=0 -fno-color-diagnostics -fmodules-prune-interval\=86400 -fmodules-prune-after\=345600 -fbuild-session-file\=/var/folders/fj/v77kf6rs4dz1ybsm1_1_qhb00000gn/T/chainworks-test-gates/p042-swift-20260420T063001Z-DerivedData/ModuleCache.noindex/Session.modulevalidation -fmodules-validate-once-per-build-session -Wnon-modular-include-in-framework-module -Werror\=non-modular-include-in-framework-module -Wno-trigraphs -Wno-missing-field-initializers -Wno-missing-prototypes -Wno-return-type -Wno-missing-braces -Wparentheses -Wswitch -Wno-unused-function -Wno-unused-label -Wno-unused-parameter -Wno-unused-variable -Wunused-value -Wno-empty-body -Wno-uninitialized -Wno-unknown-pragmas -w -Wno-shadow -Wno-four-char-constants -Wno-conversion -Wno-constant-conversion -Wno-int-conversion -Wno-bool-conversion -Wno-enum-conversion -Wno-float-conversion -Wno-non-literal-null-conversion -Wno-objc-literal-conversion -Wshorten-64-to-32 -Wpointer-sign -Wno-newline-eof -Wno-implicit-fallthrough -isysroot /Applications/Xcode.app/Contents/Developer/Platforms/MacOSX.platform/Developer/SDKs/MacOSX26.4.sdk -fstrict-aliasing -Wdeprecated-declarations -Wno-sign-conversion -Wno-infinite-recursion -Wno-comma -Wno-block-capture-autoreleasing -Wno-strict-prototypes -Wno-semicolon-before-method-body -index-store-path /var/folders/fj/v77kf6rs4dz1ybsm1_1_qhb00000gn/T/chainworks-test-gates/p042-swift-20260420T063001Z-DerivedData/Index.noindex/DataStore @/var/folders/fj/v77kf6rs4dz1ybsm1_1_qhb00000gn/T/chainworks-test-gates/p042-swift-20260420T063001Z-DerivedData/Build/Intermediates.noindex/Yams.build/Debug/CYaml.build/Objects-normal/arm64/7187679823f38a2a940e0043cdf9d637-common-args.resp -MMD -MT dependencies -MF /var/folders/fj/v77kf6rs4dz1ybsm1_1_qhb00000gn/T/chainworks-test-gates/p042-swift-20260420T063001Z-DerivedData/Build/Intermediates.noindex/Yams.build/Debug/CYaml.build/Objects-normal/arm64/writer.d --serialize-diagnostics /var/folders/fj/v77kf6rs4dz1ybsm1_1_qhb00000gn/T/chainworks-test-gates/p042-swift-20260420T063001Z-DerivedData/Build/Intermediates.noindex/Yams.build/Debug/CYaml.build/Objects-normal/arm64/writer.dia -c /var/folders/fj/v77kf6rs4dz1ybsm1_1_qhb00000gn/T/chainworks-test-gates/p042-swift-20260420T063001Z-DerivedData/SourcePackages/checkouts/Yams/Sources/CYaml/src/writer.c -o /var/folders/fj/v77kf6rs4dz1ybsm1_1_qhb00000gn/T/chainworks-test-gates/p042-swift-20260420T063001Z-DerivedData/Build/Intermediates.noindex/Yams.build/Debug/CYaml.build/Objects-normal/arm64/writer.o -index-unit-output-path /Yams.build/Debug/CYaml.build/Objects-normal/arm64/writer.o

CompileC /var/folders/fj/v77kf6rs4dz1ybsm1_1_qhb00000gn/T/chainworks-test-gates/p042-swift-20260420T063001Z-DerivedData/Build/Intermediates.noindex/Yams.build/Debug/CYaml.build/Objects-normal/arm64/parser.o /var/folders/fj/v77kf6rs4dz1ybsm1_1_qhb00000gn/T/chainworks-test-gates/p042-swift-20260420T063001Z-DerivedData/SourcePackages/checkouts/Yams/Sources/CYaml/src/parser.c normal arm64 c com.apple.compilers.llvm.clang.1_0.compiler (in target 'CYaml' from project 'Yams')
    cd /Users/user/Documents/Chainworks\ Forge/Chainworks\ Forge.xcodeproj
    
    Using response file: /var/folders/fj/v77kf6rs4dz1ybsm1_1_qhb00000gn/T/chainworks-test-gates/p042-swift-20260420T063001Z-DerivedData/Build/Intermediates.noindex/Yams.build/Debug/CYaml.build/Objects-normal/arm64/7187679823f38a2a940e0043cdf9d637-common-args.resp
    
    /Applications/Xcode.app/Contents/Developer/Toolchains/XcodeDefault.xctoolchain/usr/bin/clang -x c -ivfsstatcache /var/folders/fj/v77kf6rs4dz1ybsm1_1_qhb00000gn/T/chainworks-test-gates/p042-swift-20260420T063001Z-DerivedData/SDKStatCaches.noindex/macosx26.4-25E251-30f9ca8789b706f8bd3fc906a70d770f.sdkstatcache -target arm64-apple-macos10.13 -fmessage-length\=0 -fdiagnostics-show-note-include-stack -fmacro-backtrace-limit\=0 -fno-color-diagnostics -fmodules-prune-interval\=86400 -fmodules-prune-after\=345600 -fbuild-session-file\=/var/folders/fj/v77kf6rs4dz1ybsm1_1_qhb00000gn/T/chainworks-test-gates/p042-swift-20260420T063001Z-DerivedData/ModuleCache.noindex/Session.modulevalidation -fmodules-validate-once-per-build-session -Wnon-modular-include-in-framework-module -Werror\=non-modular-include-in-framework-module -Wno-trigraphs -Wno-missing-field-initializers -Wno-missing-prototypes -Wno-return-type -Wno-missing-braces -Wparentheses -Wswitch -Wno-unused-function -Wno-unused-label -Wno-unused-parameter -Wno-unused-variable -Wunused-value -Wno-empty-body -Wno-uninitialized -Wno-unknown-pragmas -w -Wno-shadow -Wno-four-char-constants -Wno-conversion -Wno-constant-conversion -Wno-int-conversion -Wno-bool-conversion -Wno-enum-conversion -Wno-float-conversion -Wno-non-literal-null-conversion -Wno-objc-literal-conversion -Wshorten-64-to-32 -Wpointer-sign -Wno-newline-eof -Wno-implicit-fallthrough -isysroot /Applications/Xcode.app/Contents/Developer/Platforms/MacOSX.platform/Developer/SDKs/MacOSX26.4.sdk -fstrict-aliasing -Wdeprecated-declarations -Wno-sign-conversion -Wno-infinite-recursion -Wno-comma -Wno-block-capture-autoreleasing -Wno-strict-prototypes -Wno-semicolon-before-method-body -index-store-path /var/folders/fj/v77kf6rs4dz1ybsm1_1_qhb00000gn/T/chainworks-test-gates/p042-swift-20260420T063001Z-DerivedData/Index.noindex/DataStore @/var/folders/fj/v77kf6rs4dz1ybsm1_1_qhb00000gn/T/chainworks-test-gates/p042-swift-20260420T063001Z-DerivedData/Build/Intermediates.noindex/Yams.build/Debug/CYaml.build/Objects-normal/arm64/7187679823f38a2a940e0043cdf9d637-common-args.resp -MMD -MT dependencies -MF /var/folders/fj/v77kf6rs4dz1ybsm1_1_qhb00000gn/T/chainworks-test-gates/p042-swift-20260420T063001Z-DerivedData/Build/Intermediates.noindex/Yams.build/Debug/CYaml.build/Objects-normal/arm64/parser.d --serialize-diagnostics /var/folders/fj/v77kf6rs4dz1ybsm1_1_qhb00000gn/T/chainworks-test-gates/p042-swift-20260420T063001Z-DerivedData/Build/Intermediates.noindex/Yams.build/Debug/CYaml.build/Objects-normal/arm64/parser.dia -c /var/folders/fj/v77kf6rs4dz1ybsm1_1_qhb00000gn/T/chainworks-test-gates/p042-swift-20260420T063001Z-DerivedData/SourcePackages/checkouts/Yams/Sources/CYaml/src/parser.c -o /var/folders/fj/v77kf6rs4dz1ybsm1_1_qhb00000gn/T/chainworks-test-gates/p042-swift-20260420T063001Z-DerivedData/Build/Intermediates.noindex/Yams.build/Debug/CYaml.build/Objects-normal/arm64/parser.o -index-unit-output-path /Yams.build/Debug/CYaml.build/Objects-normal/arm64/parser.o

CompileC /var/folders/fj/v77kf6rs4dz1ybsm1_1_qhb00000gn/T/chainworks-test-gates/p042-swift-20260420T063001Z-DerivedData/Build/Intermediates.noindex/Yams.build/Debug/CYaml.build/Objects-normal/arm64/emitter.o /var/folders/fj/v77kf6rs4dz1ybsm1_1_qhb00000gn/T/chainworks-test-gates/p042-swift-20260420T063001Z-DerivedData/SourcePackages/checkouts/Yams/Sources/CYaml/src/emitter.c normal arm64 c com.apple.compilers.llvm.clang.1_0.compiler (in target 'CYaml' from project 'Yams')
    cd /Users/user/Documents/Chainworks\ Forge/Chainworks\ Forge.xcodeproj
    
    Using response file: /var/folders/fj/v77kf6rs4dz1ybsm1_1_qhb00000gn/T/chainworks-test-gates/p042-swift-20260420T063001Z-DerivedData/Build/Intermediates.noindex/Yams.build/Debug/CYaml.build/Objects-normal/arm64/7187679823f38a2a940e0043cdf9d637-common-args.resp
    
    /Applications/Xcode.app/Contents/Developer/Toolchains/XcodeDefault.xctoolchain/usr/bin/clang -x c -ivfsstatcache /var/folders/fj/v77kf6rs4dz1ybsm1_1_qhb00000gn/T/chainworks-test-gates/p042-swift-20260420T063001Z-DerivedData/SDKStatCaches.noindex/macosx26.4-25E251-30f9ca8789b706f8bd3fc906a70d770f.sdkstatcache -target arm64-apple-macos10.13 -fmessage-length\=0 -fdiagnostics-show-note-include-stack -fmacro-backtrace-limit\=0 -fno-color-diagnostics -fmodules-prune-interval\=86400 -fmodules-prune-after\=345600 -fbuild-session-file\=/var/folders/fj/v77kf6rs4dz1ybsm1_1_qhb00000gn/T/chainworks-test-gates/p042-swift-20260420T063001Z-DerivedData/ModuleCache.noindex/Session.modulevalidation -fmodules-validate-once-per-build-session -Wnon-modular-include-in-framework-module -Werror\=non-modular-include-in-framework-module -Wno-trigraphs -Wno-missing-field-initializers -Wno-missing-prototypes -Wno-return-type -Wno-missing-braces -Wparentheses -Wswitch -Wno-unused-function -Wno-unused-label -Wno-unused-parameter -Wno-unused-variable -Wunused-value -Wno-empty-body -Wno-uninitialized -Wno-unknown-pragmas -w -Wno-shadow -Wno-four-char-constants -Wno-conversion -Wno-constant-conversion -Wno-int-conversion -Wno-bool-conversion -Wno-enum-conversion -Wno-float-conversion -Wno-non-literal-null-conversion -Wno-objc-literal-conversion -Wshorten-64-to-32 -Wpointer-sign -Wno-newline-eof -Wno-implicit-fallthrough -isysroot /Applications/Xcode.app/Contents/Developer/Platforms/MacOSX.platform/Developer/SDKs/MacOSX26.4.sdk -fstrict-aliasing -Wdeprecated-declarations -Wno-sign-conversion -Wno-infinite-recursion -Wno-comma -Wno-block-capture-autoreleasing -Wno-strict-prototypes -Wno-semicolon-before-method-body -index-store-path /var/folders/fj/v77kf6rs4dz1ybsm1_1_qhb00000gn/T/chainworks-test-gates/p042-swift-20260420T063001Z-DerivedData/Index.noindex/DataStore @/var/folders/fj/v77kf6rs4dz1ybsm1_1_qhb00000gn/T/chainworks-test-gates/p042-swift-20260420T063001Z-DerivedData/Build/Intermediates.noindex/Yams.build/Debug/CYaml.build/Objects-normal/arm64/7187679823f38a2a940e0043cdf9d637-common-args.resp -MMD -MT dependencies -MF /var/folders/fj/v77kf6rs4dz1ybsm1_1_qhb00000gn/T/chainworks-test-gates/p042-swift-20260420T063001Z-DerivedData/Build/Intermediates.noindex/Yams.build/Debug/CYaml.build/Objects-normal/arm64/emitter.d --serialize-diagnostics /var/folders/fj/v77kf6rs4dz1ybsm1_1_qhb00000gn/T/chainworks-test-gates/p042-swift-20260420T063001Z-DerivedData/Build/Intermediates.noindex/Yams.build/Debug/CYaml.build/Objects-normal/arm64/emitter.dia -c /var/folders/fj/v77kf6rs4dz1ybsm1_1_qhb00000gn/T/chainworks-test-gates/p042-swift-20260420T063001Z-DerivedData/SourcePackages/checkouts/Yams/Sources/CYaml/src/emitter.c -o /var/folders/fj/v77kf6rs4dz1ybsm1_1_qhb00000gn/T/chainworks-test-gates/p042-swift-20260420T063001Z-DerivedData/Build/Intermediates.noindex/Yams.build/Debug/CYaml.build/Objects-normal/arm64/emitter.o -index-unit-output-path /Yams.build/Debug/CYaml.build/Objects-normal/arm64/emitter.o

CompileC /var/folders/fj/v77kf6rs4dz1ybsm1_1_qhb00000gn/T/chainworks-test-gates/p042-swift-20260420T063001Z-DerivedData/Build/Intermediates.noindex/Yams.build/Debug/CYaml.build/Objects-normal/arm64/api.o /var/folders/fj/v77kf6rs4dz1ybsm1_1_qhb00000gn/T/chainworks-test-gates/p042-swift-20260420T063001Z-DerivedData/SourcePackages/checkouts/Yams/Sources/CYaml/src/api.c normal arm64 c com.apple.compilers.llvm.clang.1_0.compiler (in target 'CYaml' from project 'Yams')
    cd /Users/user/Documents/Chainworks\ Forge/Chainworks\ Forge.xcodeproj
    
    Using response file: /var/folders/fj/v77kf6rs4dz1ybsm1_1_qhb00000gn/T/chainworks-test-gates/p042-swift-20260420T063001Z-DerivedData/Build/Intermediates.noindex/Yams.build/Debug/CYaml.build/Objects-normal/arm64/7187679823f38a2a940e0043cdf9d637-common-args.resp
    
    /Applications/Xcode.app/Contents/Developer/Toolchains/XcodeDefault.xctoolchain/usr/bin/clang -x c -ivfsstatcache /var/folders/fj/v77kf6rs4dz1ybsm1_1_qhb00000gn/T/chainworks-test-gates/p042-swift-20260420T063001Z-DerivedData/SDKStatCaches.noindex/macosx26.4-25E251-30f9ca8789b706f8bd3fc906a70d770f.sdkstatcache -target arm64-apple-macos10.13 -fmessage-length\=0 -fdiagnostics-show-note-include-stack -fmacro-backtrace-limit\=0 -fno-color-diagnostics -fmodules-prune-interval\=86400 -fmodules-prune-after\=345600 -fbuild-session-file\=/var/folders/fj/v77kf6rs4dz1ybsm1_1_qhb00000gn/T/chainworks-test-gates/p042-swift-20260420T063001Z-DerivedData/ModuleCache.noindex/Session.modulevalidation -fmodules-validate-once-per-build-session -Wnon-modular-include-in-framework-module -Werror\=non-modular-include-in-framework-module -Wno-trigraphs -Wno-missing-field-initializers -Wno-missing-prototypes -Wno-return-type -Wno-missing-braces -Wparentheses -Wswitch -Wno-unused-function -Wno-unused-label -Wno-unused-parameter -Wno-unused-variable -Wunused-value -Wno-empty-body -Wno-uninitialized -Wno-unknown-pragmas -w -Wno-shadow -Wno-four-char-constants -Wno-conversion -Wno-constant-conversion -Wno-int-conversion -Wno-bool-conversion -Wno-enum-conversion -Wno-float-conversion -Wno-non-literal-null-conversion -Wno-objc-literal-conversion -Wshorten-64-to-32 -Wpointer-sign -Wno-newline-eof -Wno-implicit-fallthrough -isysroot /Applications/Xcode.app/Contents/Developer/Platforms/MacOSX.platform/Developer/SDKs/MacOSX26.4.sdk -fstrict-aliasing -Wdeprecated-declarations -Wno-sign-conversion -Wno-infinite-recursion -Wno-comma -Wno-block-capture-autoreleasing -Wno-strict-prototypes -Wno-semicolon-before-method-body -index-store-path /var/folders/fj/v77kf6rs4dz1ybsm1_1_qhb00000gn/T/chainworks-test-gates/p042-swift-20260420T063001Z-DerivedData/Index.noindex/DataStore @/var/folders/fj/v77kf6rs4dz1ybsm1_1_qhb00000gn/T/chainworks-test-gates/p042-swift-20260420T063001Z-DerivedData/Build/Intermediates.noindex/Yams.build/Debug/CYaml.build/Objects-normal/arm64/7187679823f38a2a940e0043cdf9d637-common-args.resp -MMD -MT dependencies -MF /var/folders/fj/v77kf6rs4dz1ybsm1_1_qhb00000gn/T/chainworks-test-gates/p042-swift-20260420T063001Z-DerivedData/Build/Intermediates.noindex/Yams.build/Debug/CYaml.build/Objects-normal/arm64/api.d --serialize-diagnostics /var/folders/fj/v77kf6rs4dz1ybsm1_1_qhb00000gn/T/chainworks-test-gates/p042-swift-20260420T063001Z-DerivedData/Build/Intermediates.noindex/Yams.build/Debug/CYaml.build/Objects-normal/arm64/api.dia -c /var/folders/fj/v77kf6rs4dz1ybsm1_1_qhb00000gn/T/chainworks-test-gates/p042-swift-20260420T063001Z-DerivedData/SourcePackages/checkouts/Yams/Sources/CYaml/src/api.c -o /var/folders/fj/v77kf6rs4dz1ybsm1_1_qhb00000gn/T/chainworks-test-gates/p042-swift-20260420T063001Z-DerivedData/Build/Intermediates.noindex/Yams.build/Debug/CYaml.build/Objects-normal/arm64/api.o -index-unit-output-path /Yams.build/Debug/CYaml.build/Objects-normal/arm64/api.o

Ld /var/folders/fj/v77kf6rs4dz1ybsm1_1_qhb00000gn/T/chainworks-test-gates/p042-swift-20260420T063001Z-DerivedData/Build/Products/Debug/CYaml.o normal (in target 'CYaml' from project 'Yams')
    cd /var/folders/fj/v77kf6rs4dz1ybsm1_1_qhb00000gn/T/chainworks-test-gates/p042-swift-20260420T063001Z-DerivedData/SourcePackages/checkouts/Yams
    /Applications/Xcode.app/Contents/Developer/Toolchains/XcodeDefault.xctoolchain/usr/bin/clang -Xlinker -reproducible -target arm64-apple-macos10.13 -r -isysroot /Applications/Xcode.app/Contents/Developer/Platforms/MacOSX.platform/Developer/SDKs/MacOSX26.4.sdk -O0 -w -F/var/folders/fj/v77kf6rs4dz1ybsm1_1_qhb00000gn/T/chainworks-test-gates/p042-swift-20260420T063001Z-DerivedData/Build/Intermediates.noindex/EagerLinkingTBDs/Debug -F/var/folders/fj/v77kf6rs4dz1ybsm1_1_qhb00000gn/T/chainworks-test-gates/p042-swift-20260420T063001Z-DerivedData/Build/Products/Debug -iframework /Applications/Xcode.app/Contents/Developer/Platforms/MacOSX.platform/Developer/Library/Frameworks -filelist /var/folders/fj/v77kf6rs4dz1ybsm1_1_qhb00000gn/T/chainworks-test-gates/p042-swift-20260420T063001Z-DerivedData/Build/Intermediates.noindex/Yams.build/Debug/CYaml.build/Objects-normal/arm64/CYaml.LinkFileList -nostdlib -Xlinker -object_path_lto -Xlinker /var/folders/fj/v77kf6rs4dz1ybsm1_1_qhb00000gn/T/chainworks-test-gates/p042-swift-20260420T063001Z-DerivedData/Build/Intermediates.noindex/Yams.build/Debug/CYaml.build/Objects-normal/arm64/CYaml_lto.o -Xlinker -no_deduplicate -Xlinker -debug_variant -Xlinker -dependency_info -Xlinker /var/folders/fj/v77kf6rs4dz1ybsm1_1_qhb00000gn/T/chainworks-test-gates/p042-swift-20260420T063001Z-DerivedData/Build/Intermediates.noindex/Yams.build/Debug/CYaml.build/Objects-normal/arm64/CYaml_dependency_info.dat -o /var/folders/fj/v77kf6rs4dz1ybsm1_1_qhb00000gn/T/chainworks-test-gates/p042-swift-20260420T063001Z-DerivedData/Build/Products/Debug/CYaml.o

SwiftExplicitDependencyGeneratePcm arm64 /var/folders/fj/v77kf6rs4dz1ybsm1_1_qhb00000gn/T/chainworks-test-gates/p042-swift-20260420T063001Z-DerivedData/ModuleCache.noindex/ptrauth-7JMOHE7SVWFKYJPG55451FCP2.pcm

SwiftExplicitDependencyGeneratePcm arm64 /var/folders/fj/v77kf6rs4dz1ybsm1_1_qhb00000gn/T/chainworks-test-gates/p042-swift-20260420T063001Z-DerivedData/ModuleCache.noindex/_Builtin_stddef-9U8ALBE634XPE1XSY8IDUHEKJ.pcm

SwiftExplicitDependencyGeneratePcm arm64 /var/folders/fj/v77kf6rs4dz1ybsm1_1_qhb00000gn/T/chainworks-test-gates/p042-swift-20260420T063001Z-DerivedData/ModuleCache.noindex/_Builtin_stdarg-8LERVUKMNWZ1Q1MACJXNDGI2V.pcm

SwiftExplicitDependencyGeneratePcm arm64 /var/folders/fj/v77kf6rs4dz1ybsm1_1_qhb00000gn/T/chainworks-test-gates/p042-swift-20260420T063001Z-DerivedData/ModuleCache.noindex/ptrcheck-9VHTUFR49YFIO61YPDVP75MVH.pcm

SwiftExplicitDependencyGeneratePcm arm64 /var/folders/fj/v77kf6rs4dz1ybsm1_1_qhb00000gn/T/chainworks-test-gates/p042-swift-20260420T063001Z-DerivedData/ModuleCache.noindex/SwiftShims-CALN4CQKS7S1ZMOGDO2MY8K0G.pcm

SwiftExplicitDependencyGeneratePcm arm64 /var/folders/fj/v77kf6rs4dz1ybsm1_1_qhb00000gn/T/chainworks-test-gates/p042-swift-20260420T063001Z-DerivedData/ModuleCache.noindex/_Builtin_float-B1XXH2NLC7XVH9P7XU8YE008C.pcm

SwiftExplicitDependencyGeneratePcm arm64 /var/folders/fj/v77kf6rs4dz1ybsm1_1_qhb00000gn/T/chainworks-test-gates/p042-swift-20260420T063001Z-DerivedData/ModuleCache.noindex/_AvailabilityInternal-A65ROMOEKGP5YYY82SWKMME4G.pcm

SwiftExplicitDependencyGeneratePcm arm64 /var/folders/fj/v77kf6rs4dz1ybsm1_1_qhb00000gn/T/chainworks-test-gates/p042-swift-20260420T063001Z-DerivedData/ModuleCache.noindex/_SwiftConcurrencyShims-82YLU0T1SFMF4812F1J7M31K2.pcm

SwiftExplicitDependencyGeneratePcm arm64 /var/folders/fj/v77kf6rs4dz1ybsm1_1_qhb00000gn/T/chainworks-test-gates/p042-swift-20260420T063001Z-DerivedData/ModuleCache.noindex/_Builtin_stdbool-24HACCRSNLRVVS7ZJ3NU4U4D3.pcm

RegisterExecutionPolicyException /var/folders/fj/v77kf6rs4dz1ybsm1_1_qhb00000gn/T/chainworks-test-gates/p042-swift-20260420T063001Z-DerivedData/Build/Products/Debug/CYaml.o (in target 'CYaml' from project 'Yams')
    cd /var/folders/fj/v77kf6rs4dz1ybsm1_1_qhb00000gn/T/chainworks-test-gates/p042-swift-20260420T063001Z-DerivedData/SourcePackages/checkouts/Yams
    builtin-RegisterExecutionPolicyException /var/folders/fj/v77kf6rs4dz1ybsm1_1_qhb00000gn/T/chainworks-test-gates/p042-swift-20260420T063001Z-DerivedData/Build/Products/Debug/CYaml.o

SwiftExplicitDependencyGeneratePcm arm64 /var/folders/fj/v77kf6rs4dz1ybsm1_1_qhb00000gn/T/chainworks-test-gates/p042-swift-20260420T063001Z-DerivedData/ModuleCache.noindex/_DarwinFoundation1-2LHWHDRF59D9YAG9CM3H7ZPZH.pcm

SwiftExplicitDependencyGeneratePcm arm64 /var/folders/fj/v77kf6rs4dz1ybsm1_1_qhb00000gn/T/chainworks-test-gates/p042-swift-20260420T063001Z-DerivedData/ModuleCache.noindex/_Builtin_limits-5ZIWSYA4EOZ0U3U5U5WXSUGAM.pcm

SwiftExplicitDependencyGeneratePcm arm64 /var/folders/fj/v77kf6rs4dz1ybsm1_1_qhb00000gn/T/chainworks-test-gates/p042-swift-20260420T063001Z-DerivedData/ModuleCache.noindex/_DarwinFoundation2-CM67QWEQ2K08LDHKIWWE849V2.pcm

SwiftExplicitDependencyGeneratePcm arm64 /var/folders/fj/v77kf6rs4dz1ybsm1_1_qhb00000gn/T/chainworks-test-gates/p042-swift-20260420T063001Z-DerivedData/ModuleCache.noindex/sys_types-4CQD2RPHK14JHS7RDLYVKQK96.pcm

SwiftExplicitDependencyGeneratePcm arm64 /var/folders/fj/v77kf6rs4dz1ybsm1_1_qhb00000gn/T/chainworks-test-gates/p042-swift-20260420T063001Z-DerivedData/ModuleCache.noindex/_Builtin_stdint-CMED2USQORKHA2B7PDENN9L7B.pcm

SwiftExplicitDependencyGeneratePcm arm64 /var/folders/fj/v77kf6rs4dz1ybsm1_1_qhb00000gn/T/chainworks-test-gates/p042-swift-20260420T063001Z-DerivedData/ModuleCache.noindex/libDER-4FRYQBL3JTJ6S6A05QVOL4QEW.pcm

SwiftExplicitDependencyGeneratePcm arm64 /var/folders/fj/v77kf6rs4dz1ybsm1_1_qhb00000gn/T/chainworks-test-gates/p042-swift-20260420T063001Z-DerivedData/ModuleCache.noindex/_DarwinFoundation3-51QDKRP4308V7XL4XOXOX36A2.pcm

SwiftExplicitDependencyGeneratePcm arm64 /var/folders/fj/v77kf6rs4dz1ybsm1_1_qhb00000gn/T/chainworks-test-gates/p042-swift-20260420T063001Z-DerivedData/ModuleCache.noindex/_Builtin_inttypes-91WRKWIT7SSBUULL1435D9WL0.pcm

SwiftExplicitDependencyGeneratePcm arm64 /var/folders/fj/v77kf6rs4dz1ybsm1_1_qhb00000gn/T/chainworks-test-gates/p042-swift-20260420T063001Z-DerivedData/Build/Intermediates.noindex/SwiftExplicitPrecompiledModules/CYaml-85C3DS6BNM0KDI9X35K1TSV0V.pcm

SwiftExplicitDependencyGeneratePcm arm64 /var/folders/fj/v77kf6rs4dz1ybsm1_1_qhb00000gn/T/chainworks-test-gates/p042-swift-20260420T063001Z-DerivedData/ModuleCache.noindex/Darwin-AKXEN56LRF7CLIOX05QJXA2XJ.pcm

SwiftExplicitDependencyGeneratePcm arm64 /var/folders/fj/v77kf6rs4dz1ybsm1_1_qhb00000gn/T/chainworks-test-gates/p042-swift-20260420T063001Z-DerivedData/ModuleCache.noindex/libkern-4I8MQWQPTHACQ1XZEXAO0BU9U.pcm

SwiftExplicitDependencyGeneratePcm arm64 /var/folders/fj/v77kf6rs4dz1ybsm1_1_qhb00000gn/T/chainworks-test-gates/p042-swift-20260420T063001Z-DerivedData/ModuleCache.noindex/launch-521GLN4CFC0TETNL8XMKRJ0TF.pcm

SwiftExplicitDependencyGeneratePcm arm64 /var/folders/fj/v77kf6rs4dz1ybsm1_1_qhb00000gn/T/chainworks-test-gates/p042-swift-20260420T063001Z-DerivedData/ModuleCache.noindex/MachO-4OWB1H68EOSIKO2IKMRWSIEJ4.pcm

SwiftExplicitDependencyGeneratePcm arm64 /var/folders/fj/v77kf6rs4dz1ybsm1_1_qhb00000gn/T/chainworks-test-gates/p042-swift-20260420T063001Z-DerivedData/ModuleCache.noindex/ObjectiveC-1S9SCTMWW9JKRDZY1E286PJ2V.pcm

SwiftExplicitDependencyGeneratePcm arm64 /var/folders/fj/v77kf6rs4dz1ybsm1_1_qhb00000gn/T/chainworks-test-gates/p042-swift-20260420T063001Z-DerivedData/ModuleCache.noindex/os_object-5Y7TYL7NNV8MIKU3LVA1BHHDV.pcm

SwiftExplicitDependencyGeneratePcm arm64 /var/folders/fj/v77kf6rs4dz1ybsm1_1_qhb00000gn/T/chainworks-test-gates/p042-swift-20260420T063001Z-DerivedData/ModuleCache.noindex/os_workgroup-ANOKILYLX2KVZXCZSB5S1BX2I.pcm

SwiftExplicitDependencyGeneratePcm arm64 /var/folders/fj/v77kf6rs4dz1ybsm1_1_qhb00000gn/T/chainworks-test-gates/p042-swift-20260420T063001Z-DerivedData/ModuleCache.noindex/Dispatch-ALBBN3N6IG5V91Y5B20UM0H2E.pcm

SwiftExplicitDependencyGeneratePcm arm64 /var/folders/fj/v77kf6rs4dz1ybsm1_1_qhb00000gn/T/chainworks-test-gates/p042-swift-20260420T063001Z-DerivedData/ModuleCache.noindex/CoreFoundation-1TZN577LO296Z5QUICAFMC16.pcm

SwiftExplicitDependencyGeneratePcm arm64 /var/folders/fj/v77kf6rs4dz1ybsm1_1_qhb00000gn/T/chainworks-test-gates/p042-swift-20260420T063001Z-DerivedData/ModuleCache.noindex/XPC-1CTC1HEQ8QZRE37LVWA3A0JIZ.pcm

SwiftExplicitDependencyGeneratePcm arm64 /var/folders/fj/v77kf6rs4dz1ybsm1_1_qhb00000gn/T/chainworks-test-gates/p042-swift-20260420T063001Z-DerivedData/ModuleCache.noindex/IOKit-EE75RNSCPRMM2Z3YARPRBYGRN.pcm

SwiftExplicitDependencyGeneratePcm arm64 /var/folders/fj/v77kf6rs4dz1ybsm1_1_qhb00000gn/T/chainworks-test-gates/p042-swift-20260420T063001Z-DerivedData/ModuleCache.noindex/CFNetwork-D2LCGRPVM21ORIL2WE25D9TB8.pcm

SwiftExplicitDependencyGeneratePcm arm64 /var/folders/fj/v77kf6rs4dz1ybsm1_1_qhb00000gn/T/chainworks-test-gates/p042-swift-20260420T063001Z-DerivedData/ModuleCache.noindex/Security-A8HV4V3FM625UQVJMXICUQWZL.pcm

SwiftExplicitDependencyGeneratePcm arm64 /var/folders/fj/v77kf6rs4dz1ybsm1_1_qhb00000gn/T/chainworks-test-gates/p042-swift-20260420T063001Z-DerivedData/ModuleCache.noindex/DiskArbitration-9NL2OLXGZFDE8RPRMH3RG5B40.pcm

SwiftExplicitDependencyGeneratePcm arm64 /var/folders/fj/v77kf6rs4dz1ybsm1_1_qhb00000gn/T/chainworks-test-gates/p042-swift-20260420T063001Z-DerivedData/ModuleCache.noindex/CoreServices-C0VDUGVGKWN5MKOGQTTNWIRE.pcm

SwiftExplicitDependencyGeneratePcm arm64 /var/folders/fj/v77kf6rs4dz1ybsm1_1_qhb00000gn/T/chainworks-test-gates/p042-swift-20260420T063001Z-DerivedData/ModuleCache.noindex/Foundation-72QX82QBEMETUKPMIVU8OIPEQ.pcm

SwiftCompile normal arm64 Compiling\ Node.Scalar.swift,\ Node.Sequence.swift /var/folders/fj/v77kf6rs4dz1ybsm1_1_qhb00000gn/T/chainworks-test-gates/p042-swift-20260420T063001Z-DerivedData/SourcePackages/checkouts/Yams/Sources/Yams/Node.Scalar.swift /var/folders/fj/v77kf6rs4dz1ybsm1_1_qhb00000gn/T/chainworks-test-gates/p042-swift-20260420T063001Z-DerivedData/SourcePackages/checkouts/Yams/Sources/Yams/Node.Sequence.swift (in target 'Yams' from project 'Yams')

SwiftCompile normal arm64 /var/folders/fj/v77kf6rs4dz1ybsm1_1_qhb00000gn/T/chainworks-test-gates/p042-swift-20260420T063001Z-DerivedData/SourcePackages/checkouts/Yams/Sources/Yams/Node.Scalar.swift (in target 'Yams' from project 'Yams')
    cd /Users/user/Documents/Chainworks\ Forge/Chainworks\ Forge.xcodeproj
    

SwiftCompile normal arm64 /var/folders/fj/v77kf6rs4dz1ybsm1_1_qhb00000gn/T/chainworks-test-gates/p042-swift-20260420T063001Z-DerivedData/SourcePackages/checkouts/Yams/Sources/Yams/Node.Sequence.swift (in target 'Yams' from project 'Yams')
    cd /Users/user/Documents/Chainworks\ Forge/Chainworks\ Forge.xcodeproj
    

SwiftCompile normal arm64 Compiling\ Decoder.swift,\ Emitter.swift /var/folders/fj/v77kf6rs4dz1ybsm1_1_qhb00000gn/T/chainworks-test-gates/p042-swift-20260420T063001Z-DerivedData/SourcePackages/checkouts/Yams/Sources/Yams/Decoder.swift /var/folders/fj/v77kf6rs4dz1ybsm1_1_qhb00000gn/T/chainworks-test-gates/p042-swift-20260420T063001Z-DerivedData/SourcePackages/checkouts/Yams/Sources/Yams/Emitter.swift (in target 'Yams' from project 'Yams')
SwiftCompile normal arm64 /var/folders/fj/v77kf6rs4dz1ybsm1_1_qhb00000gn/T/chainworks-test-gates/p042-swift-20260420T063001Z-DerivedData/SourcePackages/checkouts/Yams/Sources/Yams/Decoder.swift (in target 'Yams' from project 'Yams')
    cd /Users/user/Documents/Chainworks\ Forge/Chainworks\ Forge.xcodeproj
    

SwiftCompile normal arm64 /var/folders/fj/v77kf6rs4dz1ybsm1_1_qhb00000gn/T/chainworks-test-gates/p042-swift-20260420T063001Z-DerivedData/SourcePackages/checkouts/Yams/Sources/Yams/Emitter.swift (in target 'Yams' from project 'Yams')
    cd /Users/user/Documents/Chainworks\ Forge/Chainworks\ Forge.xcodeproj
    

SwiftCompile normal arm64 Compiling\ Node.Alias.swift,\ Node.Mapping.swift /var/folders/fj/v77kf6rs4dz1ybsm1_1_qhb00000gn/T/chainworks-test-gates/p042-swift-20260420T063001Z-DerivedData/SourcePackages/checkouts/Yams/Sources/Yams/Node.Alias.swift /var/folders/fj/v77kf6rs4dz1ybsm1_1_qhb00000gn/T/chainworks-test-gates/p042-swift-20260420T063001Z-DerivedData/SourcePackages/checkouts/Yams/Sources/Yams/Node.Mapping.swift (in target 'Yams' from project 'Yams')

SwiftCompile normal arm64 /var/folders/fj/v77kf6rs4dz1ybsm1_1_qhb00000gn/T/chainworks-test-gates/p042-swift-20260420T063001Z-DerivedData/SourcePackages/checkouts/Yams/Sources/Yams/Node.Alias.swift (in target 'Yams' from project 'Yams')
    cd /Users/user/Documents/Chainworks\ Forge/Chainworks\ Forge.xcodeproj
    

SwiftCompile normal arm64 /var/folders/fj/v77kf6rs4dz1ybsm1_1_qhb00000gn/T/chainworks-test-gates/p042-swift-20260420T063001Z-DerivedData/SourcePackages/checkouts/Yams/Sources/Yams/Node.Mapping.swift (in target 'Yams' from project 'Yams')
    cd /Users/user/Documents/Chainworks\ Forge/Chainworks\ Forge.xcodeproj
    

SwiftCompile normal arm64 Compiling\ RedundancyAliasingStrategy.swift,\ Representer.swift /var/folders/fj/v77kf6rs4dz1ybsm1_1_qhb00000gn/T/chainworks-test-gates/p042-swift-20260420T063001Z-DerivedData/SourcePackages/checkouts/Yams/Sources/Yams/RedundancyAliasingStrategy.swift /var/folders/fj/v77kf6rs4dz1ybsm1_1_qhb00000gn/T/chainworks-test-gates/p042-swift-20260420T063001Z-DerivedData/SourcePackages/checkouts/Yams/Sources/Yams/Representer.swift (in target 'Yams' from project 'Yams')
SwiftCompile normal arm64 /var/folders/fj/v77kf6rs4dz1ybsm1_1_qhb00000gn/T/chainworks-test-gates/p042-swift-20260420T063001Z-DerivedData/SourcePackages/checkouts/Yams/Sources/Yams/RedundancyAliasingStrategy.swift (in target 'Yams' from project 'Yams')
    cd /Users/user/Documents/Chainworks\ Forge/Chainworks\ Forge.xcodeproj
    

SwiftCompile normal arm64 /var/folders/fj/v77kf6rs4dz1ybsm1_1_qhb00000gn/T/chainworks-test-gates/p042-swift-20260420T063001Z-DerivedData/SourcePackages/checkouts/Yams/Sources/Yams/Representer.swift (in target 'Yams' from project 'Yams')
    cd /Users/user/Documents/Chainworks\ Forge/Chainworks\ Forge.xcodeproj
    

SwiftEmitModule normal arm64 Emitting\ module\ for\ Yams (in target 'Yams' from project 'Yams')

EmitSwiftModule normal arm64 (in target 'Yams' from project 'Yams')
    cd /Users/user/Documents/Chainworks\ Forge/Chainworks\ Forge.xcodeproj
    

SwiftCompile normal arm64 Compiling\ Node.swift,\ Parser.swift /var/folders/fj/v77kf6rs4dz1ybsm1_1_qhb00000gn/T/chainworks-test-gates/p042-swift-20260420T063001Z-DerivedData/SourcePackages/checkouts/Yams/Sources/Yams/Node.swift /var/folders/fj/v77kf6rs4dz1ybsm1_1_qhb00000gn/T/chainworks-test-gates/p042-swift-20260420T063001Z-DerivedData/SourcePackages/checkouts/Yams/Sources/Yams/Parser.swift (in target 'Yams' from project 'Yams')
SwiftCompile normal arm64 /var/folders/fj/v77kf6rs4dz1ybsm1_1_qhb00000gn/T/chainworks-test-gates/p042-swift-20260420T063001Z-DerivedData/SourcePackages/checkouts/Yams/Sources/Yams/Node.swift (in target 'Yams' from project 'Yams')
    cd /Users/user/Documents/Chainworks\ Forge/Chainworks\ Forge.xcodeproj
    

SwiftCompile normal arm64 /var/folders/fj/v77kf6rs4dz1ybsm1_1_qhb00000gn/T/chainworks-test-gates/p042-swift-20260420T063001Z-DerivedData/SourcePackages/checkouts/Yams/Sources/Yams/Parser.swift (in target 'Yams' from project 'Yams')
    cd /Users/user/Documents/Chainworks\ Forge/Chainworks\ Forge.xcodeproj
    

SwiftCompile normal arm64 Compiling\ AliasDereferencingStrategy.swift,\ Anchor.swift,\ Constructor.swift /var/folders/fj/v77kf6rs4dz1ybsm1_1_qhb00000gn/T/chainworks-test-gates/p042-swift-20260420T063001Z-DerivedData/SourcePackages/checkouts/Yams/Sources/Yams/AliasDereferencingStrategy.swift /var/folders/fj/v77kf6rs4dz1ybsm1_1_qhb00000gn/T/chainworks-test-gates/p042-swift-20260420T063001Z-DerivedData/SourcePackages/checkouts/Yams/Sources/Yams/Anchor.swift /var/folders/fj/v77kf6rs4dz1ybsm1_1_qhb00000gn/T/chainworks-test-gates/p042-swift-20260420T063001Z-DerivedData/SourcePackages/checkouts/Yams/Sources/Yams/Constructor.swift (in target 'Yams' from project 'Yams')

SwiftCompile normal arm64 /var/folders/fj/v77kf6rs4dz1ybsm1_1_qhb00000gn/T/chainworks-test-gates/p042-swift-20260420T063001Z-DerivedData/SourcePackages/checkouts/Yams/Sources/Yams/AliasDereferencingStrategy.swift (in target 'Yams' from project 'Yams')
    cd /Users/user/Documents/Chainworks\ Forge/Chainworks\ Forge.xcodeproj
    

SwiftCompile normal arm64 /var/folders/fj/v77kf6rs4dz1ybsm1_1_qhb00000gn/T/chainworks-test-gates/p042-swift-20260420T063001Z-DerivedData/SourcePackages/checkouts/Yams/Sources/Yams/Anchor.swift (in target 'Yams' from project 'Yams')
    cd /Users/user/Documents/Chainworks\ Forge/Chainworks\ Forge.xcodeproj
    

SwiftCompile normal arm64 /var/folders/fj/v77kf6rs4dz1ybsm1_1_qhb00000gn/T/chainworks-test-gates/p042-swift-20260420T063001Z-DerivedData/SourcePackages/checkouts/Yams/Sources/Yams/Constructor.swift (in target 'Yams' from project 'Yams')
    cd /Users/user/Documents/Chainworks\ Forge/Chainworks\ Forge.xcodeproj
    

SwiftCompile normal arm64 Compiling\ Encoder.swift,\ Mark.swift /var/folders/fj/v77kf6rs4dz1ybsm1_1_qhb00000gn/T/chainworks-test-gates/p042-swift-20260420T063001Z-DerivedData/SourcePackages/checkouts/Yams/Sources/Yams/Encoder.swift /var/folders/fj/v77kf6rs4dz1ybsm1_1_qhb00000gn/T/chainworks-test-gates/p042-swift-20260420T063001Z-DerivedData/SourcePackages/checkouts/Yams/Sources/Yams/Mark.swift (in target 'Yams' from project 'Yams')

SwiftCompile normal arm64 /var/folders/fj/v77kf6rs4dz1ybsm1_1_qhb00000gn/T/chainworks-test-gates/p042-swift-20260420T063001Z-DerivedData/SourcePackages/checkouts/Yams/Sources/Yams/Encoder.swift (in target 'Yams' from project 'Yams')
    cd /Users/user/Documents/Chainworks\ Forge/Chainworks\ Forge.xcodeproj
    

SwiftCompile normal arm64 /var/folders/fj/v77kf6rs4dz1ybsm1_1_qhb00000gn/T/chainworks-test-gates/p042-swift-20260420T063001Z-DerivedData/SourcePackages/checkouts/Yams/Sources/Yams/Mark.swift (in target 'Yams' from project 'Yams')
    cd /Users/user/Documents/Chainworks\ Forge/Chainworks\ Forge.xcodeproj
    

SwiftCompile normal arm64 Compiling\ Resolver.swift,\ String+Yams.swift /var/folders/fj/v77kf6rs4dz1ybsm1_1_qhb00000gn/T/chainworks-test-gates/p042-swift-20260420T063001Z-DerivedData/SourcePackages/checkouts/Yams/Sources/Yams/Resolver.swift /var/folders/fj/v77kf6rs4dz1ybsm1_1_qhb00000gn/T/chainworks-test-gates/p042-swift-20260420T063001Z-DerivedData/SourcePackages/checkouts/Yams/Sources/Yams/String+Yams.swift (in target 'Yams' from project 'Yams')

SwiftCompile normal arm64 /var/folders/fj/v77kf6rs4dz1ybsm1_1_qhb00000gn/T/chainworks-test-gates/p042-swift-20260420T063001Z-DerivedData/SourcePackages/checkouts/Yams/Sources/Yams/Resolver.swift (in target 'Yams' from project 'Yams')
    cd /Users/user/Documents/Chainworks\ Forge/Chainworks\ Forge.xcodeproj
    

SwiftCompile normal arm64 /var/folders/fj/v77kf6rs4dz1ybsm1_1_qhb00000gn/T/chainworks-test-gates/p042-swift-20260420T063001Z-DerivedData/SourcePackages/checkouts/Yams/Sources/Yams/String+Yams.swift (in target 'Yams' from project 'Yams')
    cd /Users/user/Documents/Chainworks\ Forge/Chainworks\ Forge.xcodeproj
    

SwiftCompile normal arm64 Compiling\ Tag.swift,\ YamlAnchorProviding.swift /var/folders/fj/v77kf6rs4dz1ybsm1_1_qhb00000gn/T/chainworks-test-gates/p042-swift-20260420T063001Z-DerivedData/SourcePackages/checkouts/Yams/Sources/Yams/Tag.swift /var/folders/fj/v77kf6rs4dz1ybsm1_1_qhb00000gn/T/chainworks-test-gates/p042-swift-20260420T063001Z-DerivedData/SourcePackages/checkouts/Yams/Sources/Yams/YamlAnchorProviding.swift (in target 'Yams' from project 'Yams')

SwiftCompile normal arm64 /var/folders/fj/v77kf6rs4dz1ybsm1_1_qhb00000gn/T/chainworks-test-gates/p042-swift-20260420T063001Z-DerivedData/SourcePackages/checkouts/Yams/Sources/Yams/Tag.swift (in target 'Yams' from project 'Yams')
    cd /Users/user/Documents/Chainworks\ Forge/Chainworks\ Forge.xcodeproj
    

SwiftCompile normal arm64 /var/folders/fj/v77kf6rs4dz1ybsm1_1_qhb00000gn/T/chainworks-test-gates/p042-swift-20260420T063001Z-DerivedData/SourcePackages/checkouts/Yams/Sources/Yams/YamlAnchorProviding.swift (in target 'Yams' from project 'Yams')
    cd /Users/user/Documents/Chainworks\ Forge/Chainworks\ Forge.xcodeproj
    

SwiftCompile normal arm64 Compiling\ YamlError.swift,\ YamlTagProviding.swift /var/folders/fj/v77kf6rs4dz1ybsm1_1_qhb00000gn/T/chainworks-test-gates/p042-swift-20260420T063001Z-DerivedData/SourcePackages/checkouts/Yams/Sources/Yams/YamlError.swift /var/folders/fj/v77kf6rs4dz1ybsm1_1_qhb00000gn/T/chainworks-test-gates/p042-swift-20260420T063001Z-DerivedData/SourcePackages/checkouts/Yams/Sources/Yams/YamlTagProviding.swift (in target 'Yams' from project 'Yams')

SwiftCompile normal arm64 /var/folders/fj/v77kf6rs4dz1ybsm1_1_qhb00000gn/T/chainworks-test-gates/p042-swift-20260420T063001Z-DerivedData/SourcePackages/checkouts/Yams/Sources/Yams/YamlError.swift (in target 'Yams' from project 'Yams')
    cd /Users/user/Documents/Chainworks\ Forge/Chainworks\ Forge.xcodeproj
    

SwiftCompile normal arm64 /var/folders/fj/v77kf6rs4dz1ybsm1_1_qhb00000gn/T/chainworks-test-gates/p042-swift-20260420T063001Z-DerivedData/SourcePackages/checkouts/Yams/Sources/Yams/YamlTagProviding.swift (in target 'Yams' from project 'Yams')
    cd /Users/user/Documents/Chainworks\ Forge/Chainworks\ Forge.xcodeproj
    

SwiftDriverJobDiscovery normal arm64 Emitting module for Yams (in target 'Yams' from project 'Yams')

SwiftDriver\ Compilation\ Requirements Yams normal arm64 com.apple.xcode.tools.swift.compiler (in target 'Yams' from project 'Yams')
    cd /Users/user/Documents/Chainworks\ Forge/Chainworks\ Forge.xcodeproj
    builtin-Swift-Compilation-Requirements -- /Applications/Xcode.app/Contents/Developer/Toolchains/XcodeDefault.xctoolchain/usr/bin/swiftc -module-name Yams -Onone @/var/folders/fj/v77kf6rs4dz1ybsm1_1_qhb00000gn/T/chainworks-test-gates/p042-swift-20260420T063001Z-DerivedData/Build/Intermediates.noindex/Yams.build/Debug/Yams.build/Objects-normal/arm64/Yams.SwiftFileList -DSWIFT_PACKAGE -DDEBUG -DSWIFT_MODULE_RESOURCE_BUNDLE_UNAVAILABLE -DXcode -plugin-path /Applications/Xcode.app/Contents/Developer/Toolchains/XcodeDefault.xctoolchain/usr/lib/swift/host/plugins/testing -enable-experimental-feature DebugDescriptionMacro -sdk /Applications/Xcode.app/Contents/Developer/Platforms/MacOSX.platform/Developer/SDKs/MacOSX26.4.sdk -target arm64-apple-macos10.13 -g -module-cache-path /var/folders/fj/v77kf6rs4dz1ybsm1_1_qhb00000gn/T/chainworks-test-gates/p042-swift-20260420T063001Z-DerivedData/ModuleCache.noindex -Xfrontend -serialize-debugging-options -profile-coverage-mapping -profile-generate -enable-testing -suppress-warnings -index-store-path /var/folders/fj/v77kf6rs4dz1ybsm1_1_qhb00000gn/T/chainworks-test-gates/p042-swift-20260420T063001Z-DerivedData/Index.noindex/DataStore -Xcc -D_LIBCPP_HARDENING_MODE\=_LIBCPP_HARDENING_MODE_DEBUG -swift-version 5 -I /var/folders/fj/v77kf6rs4dz1ybsm1_1_qhb00000gn/T/chainworks-test-gates/p042-swift-20260420T063001Z-DerivedData/Build/Products/Debug -Isystem /Applications/Xcode.app/Contents/Developer/Platforms/MacOSX.platform/Developer/usr/lib -F /var/folders/fj/v77kf6rs4dz1ybsm1_1_qhb00000gn/T/chainworks-test-gates/p042-swift-20260420T063001Z-DerivedData/Build/Products/Debug/PackageFrameworks -F /var/folders/fj/v77kf6rs4dz1ybsm1_1_qhb00000gn/T/chainworks-test-gates/p042-swift-20260420T063001Z-DerivedData/Build/Products/Debug -F /Applications/Xcode.app/Contents/Developer/Platforms/MacOSX.platform/Developer/Library/Frameworks -c -j10 -enable-batch-mode -incremental -Xcc -ivfsstatcache -Xcc /var/folders/fj/v77kf6rs4dz1ybsm1_1_qhb00000gn/T/chainworks-test-gates/p042-swift-20260420T063001Z-DerivedData/SDKStatCaches.noindex/macosx26.4-25E251-30f9ca8789b706f8bd3fc906a70d770f.sdkstatcache -output-file-map /var/folders/fj/v77kf6rs4dz1ybsm1_1_qhb00000gn/T/chainworks-test-gates/p042-swift-20260420T063001Z-DerivedData/Build/Intermediates.noindex/Yams.build/Debug/Yams.build/Objects-normal/arm64/Yams-OutputFileMap.json -use-frontend-parseable-output -save-temps -no-color-diagnostics -explicit-module-build -module-cache-path /var/folders/fj/v77kf6rs4dz1ybsm1_1_qhb00000gn/T/chainworks-test-gates/p042-swift-20260420T063001Z-DerivedData/Build/Intermediates.noindex/SwiftExplicitPrecompiledModules -clang-scanner-module-cache-path /var/folders/fj/v77kf6rs4dz1ybsm1_1_qhb00000gn/T/chainworks-test-gates/p042-swift-20260420T063001Z-DerivedData/ModuleCache.noindex -sdk-module-cache-path /var/folders/fj/v77kf6rs4dz1ybsm1_1_qhb00000gn/T/chainworks-test-gates/p042-swift-20260420T063001Z-DerivedData/ModuleCache.noindex -serialize-diagnostics -emit-dependencies -emit-module -emit-module-path /var/folders/fj/v77kf6rs4dz1ybsm1_1_qhb00000gn/T/chainworks-test-gates/p042-swift-20260420T063001Z-DerivedData/Build/Intermediates.noindex/Yams.build/Debug/Yams.build/Objects-normal/arm64/Yams.swiftmodule -validate-clang-modules-once -clang-build-session-file /var/folders/fj/v77kf6rs4dz1ybsm1_1_qhb00000gn/T/chainworks-test-gates/p042-swift-20260420T063001Z-DerivedData/ModuleCache.noindex/Session.modulevalidation -Xcc -I/var/folders/fj/v77kf6rs4dz1ybsm1_1_qhb00000gn/T/chainworks-test-gates/p042-swift-20260420T063001Z-DerivedData/Build/Intermediates.noindex/Yams.build/Debug/Yams.build/swift-overrides.hmap -emit-const-values -Xfrontend -const-gather-protocols-file -Xfrontend /var/folders/fj/v77kf6rs4dz1ybsm1_1_qhb00000gn/T/chainworks-test-gates/p042-swift-20260420T063001Z-DerivedData/Build/Intermediates.noindex/Yams.build/Debug/Yams.build/Objects-normal/arm64/Yams_const_extract_protocols.json -Xcc -I/var/folders/fj/v77kf6rs4dz1ybsm1_1_qhb00000gn/T/chainworks-test-gates/p042-swift-20260420T063001Z-DerivedData/SourcePackages/checkouts/Yams/Sources/CYaml/include -Xcc -I/var/folders/fj/v77kf6rs4dz1ybsm1_1_qhb00000gn/T/chainworks-test-gates/p042-swift-20260420T063001Z-DerivedData/Build/Products/Debug/include -Xcc -I/var/folders/fj/v77kf6rs4dz1ybsm1_1_qhb00000gn/T/chainworks-test-gates/p042-swift-20260420T063001Z-DerivedData/Build/Intermediates.noindex/Yams.build/Debug/Yams.build/DerivedSources-normal/arm64 -Xcc -I/var/folders/fj/v77kf6rs4dz1ybsm1_1_qhb00000gn/T/chainworks-test-gates/p042-swift-20260420T063001Z-DerivedData/Build/Intermediates.noindex/Yams.build/Debug/Yams.build/DerivedSources/arm64 -Xcc -I/var/folders/fj/v77kf6rs4dz1ybsm1_1_qhb00000gn/T/chainworks-test-gates/p042-swift-20260420T063001Z-DerivedData/Build/Intermediates.noindex/Yams.build/Debug/Yams.build/DerivedSources -Xcc -DSWIFT_PACKAGE -Xcc -DDEBUG\=1 -Xcc -DYAML_DECLARE_STATIC -emit-objc-header -emit-objc-header-path /var/folders/fj/v77kf6rs4dz1ybsm1_1_qhb00000gn/T/chainworks-test-gates/p042-swift-20260420T063001Z-DerivedData/Build/Intermediates.noindex/Yams.build/Debug/Yams.build/Objects-normal/arm64/Yams-Swift.h -working-directory /Users/user/Documents/Chainworks\ Forge/Chainworks\ Forge.xcodeproj -experimental-emit-module-separately -disable-cmo

SwiftDriverJobDiscovery normal arm64 Compiling Tag.swift, YamlAnchorProviding.swift (in target 'Yams' from project 'Yams')

SwiftMergeGeneratedHeaders /var/folders/fj/v77kf6rs4dz1ybsm1_1_qhb00000gn/T/chainworks-test-gates/p042-swift-20260420T063001Z-DerivedData/Build/Intermediates.noindex/GeneratedModuleMaps/Yams-Swift.h /var/folders/fj/v77kf6rs4dz1ybsm1_1_qhb00000gn/T/chainworks-test-gates/p042-swift-20260420T063001Z-DerivedData/Build/Intermediates.noindex/Yams.build/Debug/Yams.build/Objects-normal/arm64/Yams-Swift.h (in target 'Yams' from project 'Yams')
    cd /var/folders/fj/v77kf6rs4dz1ybsm1_1_qhb00000gn/T/chainworks-test-gates/p042-swift-20260420T063001Z-DerivedData/SourcePackages/checkouts/Yams
    builtin-swiftHeaderTool -arch arm64 /var/folders/fj/v77kf6rs4dz1ybsm1_1_qhb00000gn/T/chainworks-test-gates/p042-swift-20260420T063001Z-DerivedData/Build/Intermediates.noindex/Yams.build/Debug/Yams.build/Objects-normal/arm64/Yams-Swift.h -o /var/folders/fj/v77kf6rs4dz1ybsm1_1_qhb00000gn/T/chainworks-test-gates/p042-swift-20260420T063001Z-DerivedData/Build/Intermediates.noindex/GeneratedModuleMaps/Yams-Swift.h

Copy /var/folders/fj/v77kf6rs4dz1ybsm1_1_qhb00000gn/T/chainworks-test-gates/p042-swift-20260420T063001Z-DerivedData/Build/Products/Debug/Yams.swiftmodule/arm64-apple-macos.swiftmodule /var/folders/fj/v77kf6rs4dz1ybsm1_1_qhb00000gn/T/chainworks-test-gates/p042-swift-20260420T063001Z-DerivedData/Build/Intermediates.noindex/Yams.build/Debug/Yams.build/Objects-normal/arm64/Yams.swiftmodule (in target 'Yams' from project 'Yams')
    cd /var/folders/fj/v77kf6rs4dz1ybsm1_1_qhb00000gn/T/chainworks-test-gates/p042-swift-20260420T063001Z-DerivedData/SourcePackages/checkouts/Yams
    builtin-copy -exclude .DS_Store -exclude CVS -exclude .svn -exclude .git -exclude .hg -resolve-src-symlinks -rename /var/folders/fj/v77kf6rs4dz1ybsm1_1_qhb00000gn/T/chainworks-test-gates/p042-swift-20260420T063001Z-DerivedData/Build/Intermediates.noindex/Yams.build/Debug/Yams.build/Objects-normal/arm64/Yams.swiftmodule /var/folders/fj/v77kf6rs4dz1ybsm1_1_qhb00000gn/T/chainworks-test-gates/p042-swift-20260420T063001Z-DerivedData/Build/Products/Debug/Yams.swiftmodule/arm64-apple-macos.swiftmodule

Copy /var/folders/fj/v77kf6rs4dz1ybsm1_1_qhb00000gn/T/chainworks-test-gates/p042-swift-20260420T063001Z-DerivedData/Build/Products/Debug/Yams.swiftmodule/arm64-apple-macos.swiftdoc /var/folders/fj/v77kf6rs4dz1ybsm1_1_qhb00000gn/T/chainworks-test-gates/p042-swift-20260420T063001Z-DerivedData/Build/Intermediates.noindex/Yams.build/Debug/Yams.build/Objects-normal/arm64/Yams.swiftdoc (in target 'Yams' from project 'Yams')
    cd /var/folders/fj/v77kf6rs4dz1ybsm1_1_qhb00000gn/T/chainworks-test-gates/p042-swift-20260420T063001Z-DerivedData/SourcePackages/checkouts/Yams
    builtin-copy -exclude .DS_Store -exclude CVS -exclude .svn -exclude .git -exclude .hg -resolve-src-symlinks -rename /var/folders/fj/v77kf6rs4dz1ybsm1_1_qhb00000gn/T/chainworks-test-gates/p042-swift-20260420T063001Z-DerivedData/Build/Intermediates.noindex/Yams.build/Debug/Yams.build/Objects-normal/arm64/Yams.swiftdoc /var/folders/fj/v77kf6rs4dz1ybsm1_1_qhb00000gn/T/chainworks-test-gates/p042-swift-20260420T063001Z-DerivedData/Build/Products/Debug/Yams.swiftmodule/arm64-apple-macos.swiftdoc

Copy /var/folders/fj/v77kf6rs4dz1ybsm1_1_qhb00000gn/T/chainworks-test-gates/p042-swift-20260420T063001Z-DerivedData/Build/Products/Debug/Yams.swiftmodule/arm64-apple-macos.abi.json /var/folders/fj/v77kf6rs4dz1ybsm1_1_qhb00000gn/T/chainworks-test-gates/p042-swift-20260420T063001Z-DerivedData/Build/Intermediates.noindex/Yams.build/Debug/Yams.build/Objects-normal/arm64/Yams.abi.json (in target 'Yams' from project 'Yams')
    cd /var/folders/fj/v77kf6rs4dz1ybsm1_1_qhb00000gn/T/chainworks-test-gates/p042-swift-20260420T063001Z-DerivedData/SourcePackages/checkouts/Yams
    builtin-copy -exclude .DS_Store -exclude CVS -exclude .svn -exclude .git -exclude .hg -resolve-src-symlinks -rename /var/folders/fj/v77kf6rs4dz1ybsm1_1_qhb00000gn/T/chainworks-test-gates/p042-swift-20260420T063001Z-DerivedData/Build/Intermediates.noindex/Yams.build/Debug/Yams.build/Objects-normal/arm64/Yams.abi.json /var/folders/fj/v77kf6rs4dz1ybsm1_1_qhb00000gn/T/chainworks-test-gates/p042-swift-20260420T063001Z-DerivedData/Build/Products/Debug/Yams.swiftmodule/arm64-apple-macos.abi.json

Copy /var/folders/fj/v77kf6rs4dz1ybsm1_1_qhb00000gn/T/chainworks-test-gates/p042-swift-20260420T063001Z-DerivedData/Build/Products/Debug/Yams.swiftmodule/Project/arm64-apple-macos.swiftsourceinfo /var/folders/fj/v77kf6rs4dz1ybsm1_1_qhb00000gn/T/chainworks-test-gates/p042-swift-20260420T063001Z-DerivedData/Build/Intermediates.noindex/Yams.build/Debug/Yams.build/Objects-normal/arm64/Yams.swiftsourceinfo (in target 'Yams' from project 'Yams')
    cd /var/folders/fj/v77kf6rs4dz1ybsm1_1_qhb00000gn/T/chainworks-test-gates/p042-swift-20260420T063001Z-DerivedData/SourcePackages/checkouts/Yams
    builtin-copy -exclude .DS_Store -exclude CVS -exclude .svn -exclude .git -exclude .hg -resolve-src-symlinks -rename /var/folders/fj/v77kf6rs4dz1ybsm1_1_qhb00000gn/T/chainworks-test-gates/p042-swift-20260420T063001Z-DerivedData/Build/Intermediates.noindex/Yams.build/Debug/Yams.build/Objects-normal/arm64/Yams.swiftsourceinfo /var/folders/fj/v77kf6rs4dz1ybsm1_1_qhb00000gn/T/chainworks-test-gates/p042-swift-20260420T063001Z-DerivedData/Build/Products/Debug/Yams.swiftmodule/Project/arm64-apple-macos.swiftsourceinfo

SwiftDriverJobDiscovery normal arm64 Compiling Node.Alias.swift, Node.Mapping.swift (in target 'Yams' from project 'Yams')

SwiftDriverJobDiscovery normal arm64 Compiling Node.Scalar.swift, Node.Sequence.swift (in target 'Yams' from project 'Yams')

ProcessProductPackaging "" /var/folders/fj/v77kf6rs4dz1ybsm1_1_qhb00000gn/T/chainworks-test-gates/p042-swift-20260420T063001Z-DerivedData/Build/Intermediates.noindex/Chainworks\ Forge.build/Debug/Chainworks\ Forge.build/Chainworks\ Forge.app.xcent (in target 'Chainworks Forge' from project 'Chainworks Forge')
    cd /Users/user/Documents/Chainworks\ Forge
    
    Entitlements:
    
    {
    "com.apple.security.get-task-allow" = 1;
}
    
    builtin-productPackagingUtility -entitlements -format xml -o /var/folders/fj/v77kf6rs4dz1ybsm1_1_qhb00000gn/T/chainworks-test-gates/p042-swift-20260420T063001Z-DerivedData/Build/Intermediates.noindex/Chainworks\ Forge.build/Debug/Chainworks\ Forge.build/Chainworks\ Forge.app.xcent

ProcessProductPackagingDER /var/folders/fj/v77kf6rs4dz1ybsm1_1_qhb00000gn/T/chainworks-test-gates/p042-swift-20260420T063001Z-DerivedData/Build/Intermediates.noindex/Chainworks\ Forge.build/Debug/Chainworks\ Forge.build/Chainworks\ Forge.app.xcent /var/folders/fj/v77kf6rs4dz1ybsm1_1_qhb00000gn/T/chainworks-test-gates/p042-swift-20260420T063001Z-DerivedData/Build/Intermediates.noindex/Chainworks\ Forge.build/Debug/Chainworks\ Forge.build/Chainworks\ Forge.app.xcent.der (in target 'Chainworks Forge' from project 'Chainworks Forge')
    cd /Users/user/Documents/Chainworks\ Forge
    /usr/bin/derq query -f xml -i /var/folders/fj/v77kf6rs4dz1ybsm1_1_qhb00000gn/T/chainworks-test-gates/p042-swift-20260420T063001Z-DerivedData/Build/Intermediates.noindex/Chainworks\ Forge.build/Debug/Chainworks\ Forge.build/Chainworks\ Forge.app.xcent -o /var/folders/fj/v77kf6rs4dz1ybsm1_1_qhb00000gn/T/chainworks-test-gates/p042-swift-20260420T063001Z-DerivedData/Build/Intermediates.noindex/Chainworks\ Forge.build/Debug/Chainworks\ Forge.build/Chainworks\ Forge.app.xcent.der --raw

MkDir /var/folders/fj/v77kf6rs4dz1ybsm1_1_qhb00000gn/T/chainworks-test-gates/p042-swift-20260420T063001Z-DerivedData/Build/Intermediates.noindex/Chainworks\ Forge.build/Debug/Chainworks\ Forge.build/assetcatalog_output/thinned (in target 'Chainworks Forge' from project 'Chainworks Forge')
    cd /Users/user/Documents/Chainworks\ Forge
    /bin/mkdir -p /var/folders/fj/v77kf6rs4dz1ybsm1_1_qhb00000gn/T/chainworks-test-gates/p042-swift-20260420T063001Z-DerivedData/Build/Intermediates.noindex/Chainworks\ Forge.build/Debug/Chainworks\ Forge.build/assetcatalog_output/thinned

MkDir /var/folders/fj/v77kf6rs4dz1ybsm1_1_qhb00000gn/T/chainworks-test-gates/p042-swift-20260420T063001Z-DerivedData/Build/Intermediates.noindex/Chainworks\ Forge.build/Debug/Chainworks\ Forge.build/assetcatalog_output/unthinned (in target 'Chainworks Forge' from project 'Chainworks Forge')
    cd /Users/user/Documents/Chainworks\ Forge
    /bin/mkdir -p /var/folders/fj/v77kf6rs4dz1ybsm1_1_qhb00000gn/T/chainworks-test-gates/p042-swift-20260420T063001Z-DerivedData/Build/Intermediates.noindex/Chainworks\ Forge.build/Debug/Chainworks\ Forge.build/assetcatalog_output/unthinned

GenerateAssetSymbols /Users/user/Documents/Chainworks\ Forge/Chainworks\ Forge/Assets.xcassets (in target 'Chainworks Forge' from project 'Chainworks Forge')
    cd /Users/user/Documents/Chainworks\ Forge
    /Applications/Xcode.app/Contents/Developer/usr/bin/actool /Users/user/Documents/Chainworks\ Forge/Chainworks\ Forge/Assets.xcassets --compile /var/folders/fj/v77kf6rs4dz1ybsm1_1_qhb00000gn/T/chainworks-test-gates/p042-swift-20260420T063001Z-DerivedData/Build/Products/Debug/Chainworks\ Forge.app/Contents/Resources --output-format human-readable-text --notices --warnings --export-dependency-info /var/folders/fj/v77kf6rs4dz1ybsm1_1_qhb00000gn/T/chainworks-test-gates/p042-swift-20260420T063001Z-DerivedData/Build/Intermediates.noindex/Chainworks\ Forge.build/Debug/Chainworks\ Forge.build/assetcatalog_dependencies --output-partial-info-plist /var/folders/fj/v77kf6rs4dz1ybsm1_1_qhb00000gn/T/chainworks-test-gates/p042-swift-20260420T063001Z-DerivedData/Build/Intermediates.noindex/Chainworks\ Forge.build/Debug/Chainworks\ Forge.build/assetcatalog_generated_info.plist --app-icon AppIcon --include-all-app-icons --accent-color AccentColor --enable-on-demand-resources NO --development-region en --target-device mac --minimum-deployment-target 26.2 --platform macosx --bundle-identifier xax.Chainworks-Forge --generate-swift-asset-symbols /var/folders/fj/v77kf6rs4dz1ybsm1_1_qhb00000gn/T/chainworks-test-gates/p042-swift-20260420T063001Z-DerivedData/Build/Intermediates.noindex/Chainworks\ Forge.build/Debug/Chainworks\ Forge.build/DerivedSources/GeneratedAssetSymbols.swift --generate-objc-asset-symbols /var/folders/fj/v77kf6rs4dz1ybsm1_1_qhb00000gn/T/chainworks-test-gates/p042-swift-20260420T063001Z-DerivedData/Build/Intermediates.noindex/Chainworks\ Forge.build/Debug/Chainworks\ Forge.build/DerivedSources/GeneratedAssetSymbols.h --generate-asset-symbol-index /var/folders/fj/v77kf6rs4dz1ybsm1_1_qhb00000gn/T/chainworks-test-gates/p042-swift-20260420T063001Z-DerivedData/Build/Intermediates.noindex/Chainworks\ Forge.build/Debug/Chainworks\ Forge.build/DerivedSources/GeneratedAssetSymbols-Index.plist
/* com.apple.actool.compilation-results */
/var/folders/fj/v77kf6rs4dz1ybsm1_1_qhb00000gn/T/chainworks-test-gates/p042-swift-20260420T063001Z-DerivedData/Build/Intermediates.noindex/Chainworks Forge.build/Debug/Chainworks Forge.build/DerivedSources/GeneratedAssetSymbols-Index.plist
/var/folders/fj/v77kf6rs4dz1ybsm1_1_qhb00000gn/T/chainworks-test-gates/p042-swift-20260420T063001Z-DerivedData/Build/Intermediates.noindex/Chainworks Forge.build/Debug/Chainworks Forge.build/DerivedSources/GeneratedAssetSymbols.h
/var/folders/fj/v77kf6rs4dz1ybsm1_1_qhb00000gn/T/chainworks-test-gates/p042-swift-20260420T063001Z-DerivedData/Build/Intermediates.noindex/Chainworks Forge.build/Debug/Chainworks Forge.build/DerivedSources/GeneratedAssetSymbols.swift


CompileAssetCatalogVariant thinned /var/folders/fj/v77kf6rs4dz1ybsm1_1_qhb00000gn/T/chainworks-test-gates/p042-swift-20260420T063001Z-DerivedData/Build/Products/Debug/Chainworks\ Forge.app/Contents/Resources /Users/user/Documents/Chainworks\ Forge/Chainworks\ Forge/Assets.xcassets (in target 'Chainworks Forge' from project 'Chainworks Forge')
    cd /Users/user/Documents/Chainworks\ Forge
    /Applications/Xcode.app/Contents/Developer/usr/bin/actool /Users/user/Documents/Chainworks\ Forge/Chainworks\ Forge/Assets.xcassets --compile /var/folders/fj/v77kf6rs4dz1ybsm1_1_qhb00000gn/T/chainworks-test-gates/p042-swift-20260420T063001Z-DerivedData/Build/Intermediates.noindex/Chainworks\ Forge.build/Debug/Chainworks\ Forge.build/assetcatalog_output/thinned --output-format human-readable-text --notices --warnings --export-dependency-info /var/folders/fj/v77kf6rs4dz1ybsm1_1_qhb00000gn/T/chainworks-test-gates/p042-swift-20260420T063001Z-DerivedData/Build/Intermediates.noindex/Chainworks\ Forge.build/Debug/Chainworks\ Forge.build/assetcatalog_dependencies_thinned --output-partial-info-plist /var/folders/fj/v77kf6rs4dz1ybsm1_1_qhb00000gn/T/chainworks-test-gates/p042-swift-20260420T063001Z-DerivedData/Build/Intermediates.noindex/Chainworks\ Forge.build/Debug/Chainworks\ Forge.build/assetcatalog_generated_info.plist_thinned --app-icon AppIcon --include-all-app-icons --accent-color AccentColor --enable-on-demand-resources NO --development-region en --target-device mac --minimum-deployment-target 26.2 --platform macosx
/* com.apple.actool.compilation-results */
/var/folders/fj/v77kf6rs4dz1ybsm1_1_qhb00000gn/T/chainworks-test-gates/p042-swift-20260420T063001Z-DerivedData/Build/Intermediates.noindex/Chainworks Forge.build/Debug/Chainworks Forge.build/assetcatalog_generated_info.plist_thinned
/var/folders/fj/v77kf6rs4dz1ybsm1_1_qhb00000gn/T/chainworks-test-gates/p042-swift-20260420T063001Z-DerivedData/Build/Intermediates.noindex/Chainworks Forge.build/Debug/Chainworks Forge.build/assetcatalog_output/thinned/AppIcon.icns
/var/folders/fj/v77kf6rs4dz1ybsm1_1_qhb00000gn/T/chainworks-test-gates/p042-swift-20260420T063001Z-DerivedData/Build/Intermediates.noindex/Chainworks Forge.build/Debug/Chainworks Forge.build/assetcatalog_output/thinned/Assets.car


SwiftDriverJobDiscovery normal arm64 Compiling Encoder.swift, Mark.swift (in target 'Yams' from project 'Yams')

SwiftDriver Chainworks\ Forge normal arm64 com.apple.xcode.tools.swift.compiler (in target 'Chainworks Forge' from project 'Chainworks Forge')
    cd /Users/user/Documents/Chainworks\ Forge
    builtin-SwiftDriver -- /Applications/Xcode.app/Contents/Developer/Toolchains/XcodeDefault.xctoolchain/usr/bin/swiftc -module-name Chainworks_Forge -Onone @/var/folders/fj/v77kf6rs4dz1ybsm1_1_qhb00000gn/T/chainworks-test-gates/p042-swift-20260420T063001Z-DerivedData/Build/Intermediates.noindex/Chainworks\ Forge.build/Debug/Chainworks\ Forge.build/Objects-normal/arm64/Chainworks\ Forge.SwiftFileList -DDEBUG -default-isolation\=MainActor -enable-bare-slash-regex -enable-upcoming-feature DisableOutwardActorInference -enable-upcoming-feature InferSendableFromCaptures -enable-upcoming-feature GlobalActorIsolatedTypesUsability -enable-upcoming-feature MemberImportVisibility -enable-upcoming-feature InferIsolatedConformances -enable-upcoming-feature NonisolatedNonsendingByDefault -enable-experimental-feature DebugDescriptionMacro -sdk /Applications/Xcode.app/Contents/Developer/Platforms/MacOSX.platform/Developer/SDKs/MacOSX26.4.sdk -target arm64-apple-macos26.2 -g -module-cache-path /var/folders/fj/v77kf6rs4dz1ybsm1_1_qhb00000gn/T/chainworks-test-gates/p042-swift-20260420T063001Z-DerivedData/ModuleCache.noindex -Xfrontend -serialize-debugging-options -profile-coverage-mapping -profile-generate -enable-testing -index-store-path /var/folders/fj/v77kf6rs4dz1ybsm1_1_qhb00000gn/T/chainworks-test-gates/p042-swift-20260420T063001Z-DerivedData/Index.noindex/DataStore -Xcc -D_LIBCPP_HARDENING_MODE\=_LIBCPP_HARDENING_MODE_DEBUG -swift-version 5 -I /var/folders/fj/v77kf6rs4dz1ybsm1_1_qhb00000gn/T/chainworks-test-gates/p042-swift-20260420T063001Z-DerivedData/Build/Products/Debug -F /var/folders/fj/v77kf6rs4dz1ybsm1_1_qhb00000gn/T/chainworks-test-gates/p042-swift-20260420T063001Z-DerivedData/Build/Products/Debug/PackageFrameworks -F /var/folders/fj/v77kf6rs4dz1ybsm1_1_qhb00000gn/T/chainworks-test-gates/p042-swift-20260420T063001Z-DerivedData/Build/Products/Debug/PackageFrameworks -F /var/folders/fj/v77kf6rs4dz1ybsm1_1_qhb00000gn/T/chainworks-test-gates/p042-swift-20260420T063001Z-DerivedData/Build/Products/Debug -emit-localized-strings -emit-localized-strings-path /var/folders/fj/v77kf6rs4dz1ybsm1_1_qhb00000gn/T/chainworks-test-gates/p042-swift-20260420T063001Z-DerivedData/Build/Intermediates.noindex/Chainworks\ Forge.build/Debug/Chainworks\ Forge.build/Objects-normal/arm64 -c -j10 -enable-batch-mode -incremental -Xcc -ivfsstatcache -Xcc /var/folders/fj/v77kf6rs4dz1ybsm1_1_qhb00000gn/T/chainworks-test-gates/p042-swift-20260420T063001Z-DerivedData/SDKStatCaches.noindex/macosx26.4-25E251-30f9ca8789b706f8bd3fc906a70d770f.sdkstatcache -output-file-map /var/folders/fj/v77kf6rs4dz1ybsm1_1_qhb00000gn/T/chainworks-test-gates/p042-swift-20260420T063001Z-DerivedData/Build/Intermediates.noindex/Chainworks\ Forge.build/Debug/Chainworks\ Forge.build/Objects-normal/arm64/Chainworks\ Forge-OutputFileMap.json -use-frontend-parseable-output -save-temps -no-color-diagnostics -explicit-module-build -module-cache-path /var/folders/fj/v77kf6rs4dz1ybsm1_1_qhb00000gn/T/chainworks-test-gates/p042-swift-20260420T063001Z-DerivedData/Build/Intermediates.noindex/SwiftExplicitPrecompiledModules -clang-scanner-module-cache-path /var/folders/fj/v77kf6rs4dz1ybsm1_1_qhb00000gn/T/chainworks-test-gates/p042-swift-20260420T063001Z-DerivedData/ModuleCache.noindex -sdk-module-cache-path /var/folders/fj/v77kf6rs4dz1ybsm1_1_qhb00000gn/T/chainworks-test-gates/p042-swift-20260420T063001Z-DerivedData/ModuleCache.noindex -serialize-diagnostics -emit-dependencies -emit-module -emit-module-path /var/folders/fj/v77kf6rs4dz1ybsm1_1_qhb00000gn/T/chainworks-test-gates/p042-swift-20260420T063001Z-DerivedData/Build/Intermediates.noindex/Chainworks\ Forge.build/Debug/Chainworks\ Forge.build/Objects-normal/arm64/Chainworks_Forge.swiftmodule -validate-clang-modules-once -clang-build-session-file /var/folders/fj/v77kf6rs4dz1ybsm1_1_qhb00000gn/T/chainworks-test-gates/p042-swift-20260420T063001Z-DerivedData/ModuleCache.noindex/Session.modulevalidation -Xcc -I/var/folders/fj/v77kf6rs4dz1ybsm1_1_qhb00000gn/T/chainworks-test-gates/p042-swift-20260420T063001Z-DerivedData/Build/Intermediates.noindex/Chainworks\ Forge.build/Debug/Chainworks\ Forge.build/swift-overrides.hmap -emit-const-values -Xfrontend -const-gather-protocols-file -Xfrontend /var/folders/fj/v77kf6rs4dz1ybsm1_1_qhb00000gn/T/chainworks-test-gates/p042-swift-20260420T063001Z-DerivedData/Build/Intermediates.noindex/Chainworks\ Forge.build/Debug/Chainworks\ Forge.build/Objects-normal/arm64/Chainworks\ Forge_const_extract_protocols.json -Xcc -iquote -Xcc /var/folders/fj/v77kf6rs4dz1ybsm1_1_qhb00000gn/T/chainworks-test-gates/p042-swift-20260420T063001Z-DerivedData/Build/Intermediates.noindex/Chainworks\ Forge.build/Debug/Chainworks\ Forge.build/Chainworks\ Forge-generated-files.hmap -Xcc -I/var/folders/fj/v77kf6rs4dz1ybsm1_1_qhb00000gn/T/chainworks-test-gates/p042-swift-20260420T063001Z-DerivedData/Build/Intermediates.noindex/Chainworks\ Forge.build/Debug/Chainworks\ Forge.build/Chainworks\ Forge-own-target-headers.hmap -Xcc -I/var/folders/fj/v77kf6rs4dz1ybsm1_1_qhb00000gn/T/chainworks-test-gates/p042-swift-20260420T063001Z-DerivedData/Build/Intermediates.noindex/Chainworks\ Forge.build/Debug/Chainworks\ Forge.build/Chainworks\ Forge-all-non-framework-target-headers.hmap -Xcc -ivfsoverlay -Xcc /var/folders/fj/v77kf6rs4dz1ybsm1_1_qhb00000gn/T/chainworks-test-gates/p042-swift-20260420T063001Z-DerivedData/Build/Intermediates.noindex/Chainworks\ Forge.build/Debug/Chainworks\ Forge-6a18b84c5887fced543750989b10baf6-VFS/all-product-headers.yaml -Xcc -iquote -Xcc /var/folders/fj/v77kf6rs4dz1ybsm1_1_qhb00000gn/T/chainworks-test-gates/p042-swift-20260420T063001Z-DerivedData/Build/Intermediates.noindex/Chainworks\ Forge.build/Debug/Chainworks\ Forge.build/Chainworks\ Forge-project-headers.hmap -Xcc -I/var/folders/fj/v77kf6rs4dz1ybsm1_1_qhb00000gn/T/chainworks-test-gates/p042-swift-20260420T063001Z-DerivedData/SourcePackages/checkouts/Yams/Sources/CYaml/include -Xcc -I/var/folders/fj/v77kf6rs4dz1ybsm1_1_qhb00000gn/T/chainworks-test-gates/p042-swift-20260420T063001Z-DerivedData/Build/Products/Debug/include -Xcc -I/var/folders/fj/v77kf6rs4dz1ybsm1_1_qhb00000gn/T/chainworks-test-gates/p042-swift-20260420T063001Z-DerivedData/Build/Intermediates.noindex/Chainworks\ Forge.build/Debug/Chainworks\ Forge.build/DerivedSources-normal/arm64 -Xcc -I/var/folders/fj/v77kf6rs4dz1ybsm1_1_qhb00000gn/T/chainworks-test-gates/p042-swift-20260420T063001Z-DerivedData/Build/Intermediates.noindex/Chainworks\ Forge.build/Debug/Chainworks\ Forge.build/DerivedSources/arm64 -Xcc -I/var/folders/fj/v77kf6rs4dz1ybsm1_1_qhb00000gn/T/chainworks-test-gates/p042-swift-20260420T063001Z-DerivedData/Build/Intermediates.noindex/Chainworks\ Forge.build/Debug/Chainworks\ Forge.build/DerivedSources -Xcc -DDEBUG\=1 -emit-objc-header -emit-objc-header-path /var/folders/fj/v77kf6rs4dz1ybsm1_1_qhb00000gn/T/chainworks-test-gates/p042-swift-20260420T063001Z-DerivedData/Build/Intermediates.noindex/Chainworks\ Forge.build/Debug/Chainworks\ Forge.build/Objects-normal/arm64/Chainworks_Forge-Swift.h -working-directory /Users/user/Documents/Chainworks\ Forge -experimental-emit-module-separately -disable-cmo

SwiftDriverJobDiscovery normal arm64 Compiling YamlError.swift, YamlTagProviding.swift (in target 'Yams' from project 'Yams')

SwiftDriverJobDiscovery normal arm64 Compiling Resolver.swift, String+Yams.swift (in target 'Yams' from project 'Yams')

SwiftDriverJobDiscovery normal arm64 Compiling Decoder.swift, Emitter.swift (in target 'Yams' from project 'Yams')

SwiftDriverJobDiscovery normal arm64 Compiling AliasDereferencingStrategy.swift, Anchor.swift, Constructor.swift (in target 'Yams' from project 'Yams')

SwiftDriverJobDiscovery normal arm64 Compiling RedundancyAliasingStrategy.swift, Representer.swift (in target 'Yams' from project 'Yams')

SwiftDriverJobDiscovery normal arm64 Compiling Node.swift, Parser.swift (in target 'Yams' from project 'Yams')

SwiftDriver\ Compilation Yams normal arm64 com.apple.xcode.tools.swift.compiler (in target 'Yams' from project 'Yams')
    cd /Users/user/Documents/Chainworks\ Forge/Chainworks\ Forge.xcodeproj
    builtin-Swift-Compilation -- /Applications/Xcode.app/Contents/Developer/Toolchains/XcodeDefault.xctoolchain/usr/bin/swiftc -module-name Yams -Onone @/var/folders/fj/v77kf6rs4dz1ybsm1_1_qhb00000gn/T/chainworks-test-gates/p042-swift-20260420T063001Z-DerivedData/Build/Intermediates.noindex/Yams.build/Debug/Yams.build/Objects-normal/arm64/Yams.SwiftFileList -DSWIFT_PACKAGE -DDEBUG -DSWIFT_MODULE_RESOURCE_BUNDLE_UNAVAILABLE -DXcode -plugin-path /Applications/Xcode.app/Contents/Developer/Toolchains/XcodeDefault.xctoolchain/usr/lib/swift/host/plugins/testing -enable-experimental-feature DebugDescriptionMacro -sdk /Applications/Xcode.app/Contents/Developer/Platforms/MacOSX.platform/Developer/SDKs/MacOSX26.4.sdk -target arm64-apple-macos10.13 -g -module-cache-path /var/folders/fj/v77kf6rs4dz1ybsm1_1_qhb00000gn/T/chainworks-test-gates/p042-swift-20260420T063001Z-DerivedData/ModuleCache.noindex -Xfrontend -serialize-debugging-options -profile-coverage-mapping -profile-generate -enable-testing -suppress-warnings -index-store-path /var/folders/fj/v77kf6rs4dz1ybsm1_1_qhb00000gn/T/chainworks-test-gates/p042-swift-20260420T063001Z-DerivedData/Index.noindex/DataStore -Xcc -D_LIBCPP_HARDENING_MODE\=_LIBCPP_HARDENING_MODE_DEBUG -swift-version 5 -I /var/folders/fj/v77kf6rs4dz1ybsm1_1_qhb00000gn/T/chainworks-test-gates/p042-swift-20260420T063001Z-DerivedData/Build/Products/Debug -Isystem /Applications/Xcode.app/Contents/Developer/Platforms/MacOSX.platform/Developer/usr/lib -F /var/folders/fj/v77kf6rs4dz1ybsm1_1_qhb00000gn/T/chainworks-test-gates/p042-swift-20260420T063001Z-DerivedData/Build/Products/Debug/PackageFrameworks -F /var/folders/fj/v77kf6rs4dz1ybsm1_1_qhb00000gn/T/chainworks-test-gates/p042-swift-20260420T063001Z-DerivedData/Build/Products/Debug -F /Applications/Xcode.app/Contents/Developer/Platforms/MacOSX.platform/Developer/Library/Frameworks -c -j10 -enable-batch-mode -incremental -Xcc -ivfsstatcache -Xcc /var/folders/fj/v77kf6rs4dz1ybsm1_1_qhb00000gn/T/chainworks-test-gates/p042-swift-20260420T063001Z-DerivedData/SDKStatCaches.noindex/macosx26.4-25E251-30f9ca8789b706f8bd3fc906a70d770f.sdkstatcache -output-file-map /var/folders/fj/v77kf6rs4dz1ybsm1_1_qhb00000gn/T/chainworks-test-gates/p042-swift-20260420T063001Z-DerivedData/Build/Intermediates.noindex/Yams.build/Debug/Yams.build/Objects-normal/arm64/Yams-OutputFileMap.json -use-frontend-parseable-output -save-temps -no-color-diagnostics -explicit-module-build -module-cache-path /var/folders/fj/v77kf6rs4dz1ybsm1_1_qhb00000gn/T/chainworks-test-gates/p042-swift-20260420T063001Z-DerivedData/Build/Intermediates.noindex/SwiftExplicitPrecompiledModules -clang-scanner-module-cache-path /var/folders/fj/v77kf6rs4dz1ybsm1_1_qhb00000gn/T/chainworks-test-gates/p042-swift-20260420T063001Z-DerivedData/ModuleCache.noindex -sdk-module-cache-path /var/folders/fj/v77kf6rs4dz1ybsm1_1_qhb00000gn/T/chainworks-test-gates/p042-swift-20260420T063001Z-DerivedData/ModuleCache.noindex -serialize-diagnostics -emit-dependencies -emit-module -emit-module-path /var/folders/fj/v77kf6rs4dz1ybsm1_1_qhb00000gn/T/chainworks-test-gates/p042-swift-20260420T063001Z-DerivedData/Build/Intermediates.noindex/Yams.build/Debug/Yams.build/Objects-normal/arm64/Yams.swiftmodule -validate-clang-modules-once -clang-build-session-file /var/folders/fj/v77kf6rs4dz1ybsm1_1_qhb00000gn/T/chainworks-test-gates/p042-swift-20260420T063001Z-DerivedData/ModuleCache.noindex/Session.modulevalidation -Xcc -I/var/folders/fj/v77kf6rs4dz1ybsm1_1_qhb00000gn/T/chainworks-test-gates/p042-swift-20260420T063001Z-DerivedData/Build/Intermediates.noindex/Yams.build/Debug/Yams.build/swift-overrides.hmap -emit-const-values -Xfrontend -const-gather-protocols-file -Xfrontend /var/folders/fj/v77kf6rs4dz1ybsm1_1_qhb00000gn/T/chainworks-test-gates/p042-swift-20260420T063001Z-DerivedData/Build/Intermediates.noindex/Yams.build/Debug/Yams.build/Objects-normal/arm64/Yams_const_extract_protocols.json -Xcc -I/var/folders/fj/v77kf6rs4dz1ybsm1_1_qhb00000gn/T/chainworks-test-gates/p042-swift-20260420T063001Z-DerivedData/SourcePackages/checkouts/Yams/Sources/CYaml/include -Xcc -I/var/folders/fj/v77kf6rs4dz1ybsm1_1_qhb00000gn/T/chainworks-test-gates/p042-swift-20260420T063001Z-DerivedData/Build/Products/Debug/include -Xcc -I/var/folders/fj/v77kf6rs4dz1ybsm1_1_qhb00000gn/T/chainworks-test-gates/p042-swift-20260420T063001Z-DerivedData/Build/Intermediates.noindex/Yams.build/Debug/Yams.build/DerivedSources-normal/arm64 -Xcc -I/var/folders/fj/v77kf6rs4dz1ybsm1_1_qhb00000gn/T/chainworks-test-gates/p042-swift-20260420T063001Z-DerivedData/Build/Intermediates.noindex/Yams.build/Debug/Yams.build/DerivedSources/arm64 -Xcc -I/var/folders/fj/v77kf6rs4dz1ybsm1_1_qhb00000gn/T/chainworks-test-gates/p042-swift-20260420T063001Z-DerivedData/Build/Intermediates.noindex/Yams.build/Debug/Yams.build/DerivedSources -Xcc -DSWIFT_PACKAGE -Xcc -DDEBUG\=1 -Xcc -DYAML_DECLARE_STATIC -emit-objc-header -emit-objc-header-path /var/folders/fj/v77kf6rs4dz1ybsm1_1_qhb00000gn/T/chainworks-test-gates/p042-swift-20260420T063001Z-DerivedData/Build/Intermediates.noindex/Yams.build/Debug/Yams.build/Objects-normal/arm64/Yams-Swift.h -working-directory /Users/user/Documents/Chainworks\ Forge/Chainworks\ Forge.xcodeproj -experimental-emit-module-separately -disable-cmo

Ld /var/folders/fj/v77kf6rs4dz1ybsm1_1_qhb00000gn/T/chainworks-test-gates/p042-swift-20260420T063001Z-DerivedData/Build/Products/Debug/Yams.o normal (in target 'Yams' from project 'Yams')
    cd /var/folders/fj/v77kf6rs4dz1ybsm1_1_qhb00000gn/T/chainworks-test-gates/p042-swift-20260420T063001Z-DerivedData/SourcePackages/checkouts/Yams
    /Applications/Xcode.app/Contents/Developer/Toolchains/XcodeDefault.xctoolchain/usr/bin/clang -Xlinker -reproducible -target arm64-apple-macos10.13 -r -isysroot /Applications/Xcode.app/Contents/Developer/Platforms/MacOSX.platform/Developer/SDKs/MacOSX26.4.sdk -O0 -w -F/var/folders/fj/v77kf6rs4dz1ybsm1_1_qhb00000gn/T/chainworks-test-gates/p042-swift-20260420T063001Z-DerivedData/Build/Intermediates.noindex/EagerLinkingTBDs/Debug -F/var/folders/fj/v77kf6rs4dz1ybsm1_1_qhb00000gn/T/chainworks-test-gates/p042-swift-20260420T063001Z-DerivedData/Build/Products/Debug/PackageFrameworks -F/var/folders/fj/v77kf6rs4dz1ybsm1_1_qhb00000gn/T/chainworks-test-gates/p042-swift-20260420T063001Z-DerivedData/Build/Products/Debug -iframework /Applications/Xcode.app/Contents/Developer/Platforms/MacOSX.platform/Developer/Library/Frameworks -filelist /var/folders/fj/v77kf6rs4dz1ybsm1_1_qhb00000gn/T/chainworks-test-gates/p042-swift-20260420T063001Z-DerivedData/Build/Intermediates.noindex/Yams.build/Debug/Yams.build/Objects-normal/arm64/Yams.LinkFileList -nostdlib -Xlinker -object_path_lto -Xlinker /var/folders/fj/v77kf6rs4dz1ybsm1_1_qhb00000gn/T/chainworks-test-gates/p042-swift-20260420T063001Z-DerivedData/Build/Intermediates.noindex/Yams.build/Debug/Yams.build/Objects-normal/arm64/Yams_lto.o -Xlinker -no_deduplicate -Xlinker -debug_variant -Xlinker -dependency_info -Xlinker /var/folders/fj/v77kf6rs4dz1ybsm1_1_qhb00000gn/T/chainworks-test-gates/p042-swift-20260420T063001Z-DerivedData/Build/Intermediates.noindex/Yams.build/Debug/Yams.build/Objects-normal/arm64/Yams_dependency_info.dat -fobjc-link-runtime -L/Applications/Xcode.app/Contents/Developer/Toolchains/XcodeDefault.xctoolchain/usr/lib/swift/macosx -L/usr/lib/swift -Xlinker -add_ast_path -Xlinker /var/folders/fj/v77kf6rs4dz1ybsm1_1_qhb00000gn/T/chainworks-test-gates/p042-swift-20260420T063001Z-DerivedData/Build/Intermediates.noindex/Yams.build/Debug/Yams.build/Objects-normal/arm64/Yams.swiftmodule @/var/folders/fj/v77kf6rs4dz1ybsm1_1_qhb00000gn/T/chainworks-test-gates/p042-swift-20260420T063001Z-DerivedData/Build/Intermediates.noindex/Yams.build/Debug/Yams.build/Objects-normal/arm64/Yams-linker-args.resp -o /var/folders/fj/v77kf6rs4dz1ybsm1_1_qhb00000gn/T/chainworks-test-gates/p042-swift-20260420T063001Z-DerivedData/Build/Products/Debug/Yams.o

ExtractAppIntentsMetadata (in target 'Yams' from project 'Yams')
    cd /var/folders/fj/v77kf6rs4dz1ybsm1_1_qhb00000gn/T/chainworks-test-gates/p042-swift-20260420T063001Z-DerivedData/SourcePackages/checkouts/Yams
    /Applications/Xcode.app/Contents/Developer/Toolchains/XcodeDefault.xctoolchain/usr/bin/appintentsmetadataprocessor --toolchain-dir /Applications/Xcode.app/Contents/Developer/Toolchains/XcodeDefault.xctoolchain --module-name Yams --sdk-root /Applications/Xcode.app/Contents/Developer/Platforms/MacOSX.platform/Developer/SDKs/MacOSX26.4.sdk --xcode-version 17E202 --platform-family macOS --deployment-target 10.13 --bundle-identifier yams.Yams --output /var/folders/fj/v77kf6rs4dz1ybsm1_1_qhb00000gn/T/chainworks-test-gates/p042-swift-20260420T063001Z-DerivedData/Build/Products/Debug/Yams.appintents --target-triple arm64-apple-macos10.13 --binary-file /var/folders/fj/v77kf6rs4dz1ybsm1_1_qhb00000gn/T/chainworks-test-gates/p042-swift-20260420T063001Z-DerivedData/Build/Products/Debug/Yams.o --dependency-file /var/folders/fj/v77kf6rs4dz1ybsm1_1_qhb00000gn/T/chainworks-test-gates/p042-swift-20260420T063001Z-DerivedData/Build/Intermediates.noindex/Yams.build/Debug/Yams.build/Objects-normal/arm64/Yams_dependency_info.dat --stringsdata-file /var/folders/fj/v77kf6rs4dz1ybsm1_1_qhb00000gn/T/chainworks-test-gates/p042-swift-20260420T063001Z-DerivedData/Build/Intermediates.noindex/Yams.build/Debug/Yams.build/Objects-normal/arm64/ExtractedAppShortcutsMetadata.stringsdata --source-file-list /var/folders/fj/v77kf6rs4dz1ybsm1_1_qhb00000gn/T/chainworks-test-gates/p042-swift-20260420T063001Z-DerivedData/Build/Intermediates.noindex/Yams.build/Debug/Yams.build/Objects-normal/arm64/Yams.SwiftFileList --metadata-file-list /var/folders/fj/v77kf6rs4dz1ybsm1_1_qhb00000gn/T/chainworks-test-gates/p042-swift-20260420T063001Z-DerivedData/Build/Intermediates.noindex/Yams.build/Debug/Yams.build/Yams.DependencyMetadataFileList --static-metadata-file-list /var/folders/fj/v77kf6rs4dz1ybsm1_1_qhb00000gn/T/chainworks-test-gates/p042-swift-20260420T063001Z-DerivedData/Build/Intermediates.noindex/Yams.build/Debug/Yams.build/Yams.DependencyStaticMetadataFileList --swift-const-vals-list /var/folders/fj/v77kf6rs4dz1ybsm1_1_qhb00000gn/T/chainworks-test-gates/p042-swift-20260420T063001Z-DerivedData/Build/Intermediates.noindex/Yams.build/Debug/Yams.build/Objects-normal/arm64/Yams.SwiftConstValuesFileList --force --compile-time-extraction --deployment-aware-processing --validate-assistant-intents --no-app-shortcuts-localization
2026-04-20 09:30:20.582 appintentsmetadataprocessor[26947:25579861] Starting appintentsmetadataprocessor export
2026-04-20 09:30:20.634 appintentsmetadataprocessor[26947:25579861] Extracted no relevant App Intents symbols, skipping writing output

SwiftExplicitDependencyGeneratePcm arm64 /var/folders/fj/v77kf6rs4dz1ybsm1_1_qhb00000gn/T/chainworks-test-gates/p042-swift-20260420T063001Z-DerivedData/ModuleCache.noindex/SwiftShims-33EQKZ0C6VXDA8WR5G18Q391D.pcm

SwiftExplicitDependencyGeneratePcm arm64 /var/folders/fj/v77kf6rs4dz1ybsm1_1_qhb00000gn/T/chainworks-test-gates/p042-swift-20260420T063001Z-DerivedData/ModuleCache.noindex/_AvailabilityInternal-C9WJGQ3R4MTGOWZZJS2G5XNXG.pcm

SwiftExplicitDependencyGeneratePcm arm64 /var/folders/fj/v77kf6rs4dz1ybsm1_1_qhb00000gn/T/chainworks-test-gates/p042-swift-20260420T063001Z-DerivedData/ModuleCache.noindex/DeveloperToolsSupport-4FM90WDE3FE62WSNRZT7W0RZ4.pcm

SwiftExplicitDependencyGeneratePcm arm64 /var/folders/fj/v77kf6rs4dz1ybsm1_1_qhb00000gn/T/chainworks-test-gates/p042-swift-20260420T063001Z-DerivedData/ModuleCache.noindex/_Builtin_stddef-22VEMZ5IKOR5BF6JAL54BWDX8.pcm

SwiftExplicitDependencyGeneratePcm arm64 /var/folders/fj/v77kf6rs4dz1ybsm1_1_qhb00000gn/T/chainworks-test-gates/p042-swift-20260420T063001Z-DerivedData/ModuleCache.noindex/_SwiftConcurrencyShims-694YRTDK30OXPLILAZDGMO1KV.pcm

SwiftExplicitDependencyGeneratePcm arm64 /var/folders/fj/v77kf6rs4dz1ybsm1_1_qhb00000gn/T/chainworks-test-gates/p042-swift-20260420T063001Z-DerivedData/ModuleCache.noindex/ptrcheck-AIEKO8A802DF5EGGHX6H3KH3O.pcm

SwiftExplicitDependencyGeneratePcm arm64 /var/folders/fj/v77kf6rs4dz1ybsm1_1_qhb00000gn/T/chainworks-test-gates/p042-swift-20260420T063001Z-DerivedData/ModuleCache.noindex/_Builtin_stdbool-3ZU4FS62VVBA0AU4Q63Z9A8MA.pcm

SwiftExplicitDependencyGeneratePcm arm64 /var/folders/fj/v77kf6rs4dz1ybsm1_1_qhb00000gn/T/chainworks-test-gates/p042-swift-20260420T063001Z-DerivedData/ModuleCache.noindex/_Builtin_float-BPKVTPOXVXKX9CRAHZQ91FNUY.pcm

SwiftExplicitDependencyGeneratePcm arm64 /var/folders/fj/v77kf6rs4dz1ybsm1_1_qhb00000gn/T/chainworks-test-gates/p042-swift-20260420T063001Z-DerivedData/ModuleCache.noindex/_Builtin_stdarg-1UXCU397KAX6U1T6YXI8B6R5B.pcm

SwiftExplicitDependencyGeneratePcm arm64 /var/folders/fj/v77kf6rs4dz1ybsm1_1_qhb00000gn/T/chainworks-test-gates/p042-swift-20260420T063001Z-DerivedData/ModuleCache.noindex/ptrauth-1E54EIDF6OC5D9T4REHICYJI6.pcm

RegisterExecutionPolicyException /var/folders/fj/v77kf6rs4dz1ybsm1_1_qhb00000gn/T/chainworks-test-gates/p042-swift-20260420T063001Z-DerivedData/Build/Products/Debug/Yams.o (in target 'Yams' from project 'Yams')
    cd /var/folders/fj/v77kf6rs4dz1ybsm1_1_qhb00000gn/T/chainworks-test-gates/p042-swift-20260420T063001Z-DerivedData/SourcePackages/checkouts/Yams
    builtin-RegisterExecutionPolicyException /var/folders/fj/v77kf6rs4dz1ybsm1_1_qhb00000gn/T/chainworks-test-gates/p042-swift-20260420T063001Z-DerivedData/Build/Products/Debug/Yams.o

SwiftExplicitDependencyGeneratePcm arm64 /var/folders/fj/v77kf6rs4dz1ybsm1_1_qhb00000gn/T/chainworks-test-gates/p042-swift-20260420T063001Z-DerivedData/ModuleCache.noindex/_DarwinFoundation1-2SMMPCI7FE8KQGB29NSKC1DB9.pcm

ProcessInfoPlistFile /var/folders/fj/v77kf6rs4dz1ybsm1_1_qhb00000gn/T/chainworks-test-gates/p042-swift-20260420T063001Z-DerivedData/Build/Products/Debug/PackageFrameworks/Yams_712EB057E_PackageProduct.framework/Versions/A/Resources/Info.plist /var/folders/fj/v77kf6rs4dz1ybsm1_1_qhb00000gn/T/chainworks-test-gates/p042-swift-20260420T063001Z-DerivedData/Build/Intermediates.noindex/Yams.build/Debug/Yams\ product.build/empty-Yams_712EB057E_PackageProduct.plist (in target 'Yams' from project 'Yams')
    cd /var/folders/fj/v77kf6rs4dz1ybsm1_1_qhb00000gn/T/chainworks-test-gates/p042-swift-20260420T063001Z-DerivedData/SourcePackages/checkouts/Yams
    builtin-infoPlistUtility /var/folders/fj/v77kf6rs4dz1ybsm1_1_qhb00000gn/T/chainworks-test-gates/p042-swift-20260420T063001Z-DerivedData/Build/Intermediates.noindex/Yams.build/Debug/Yams\ product.build/empty-Yams_712EB057E_PackageProduct.plist -producttype com.apple.product-type.framework -expandbuildsettings -platform macosx -o /var/folders/fj/v77kf6rs4dz1ybsm1_1_qhb00000gn/T/chainworks-test-gates/p042-swift-20260420T063001Z-DerivedData/Build/Products/Debug/PackageFrameworks/Yams_712EB057E_PackageProduct.framework/Versions/A/Resources/Info.plist

Ld /var/folders/fj/v77kf6rs4dz1ybsm1_1_qhb00000gn/T/chainworks-test-gates/p042-swift-20260420T063001Z-DerivedData/Build/Products/Debug/PackageFrameworks/Yams_712EB057E_PackageProduct.framework/Versions/A/Yams_712EB057E_PackageProduct normal (in target 'Yams' from project 'Yams')
    cd /var/folders/fj/v77kf6rs4dz1ybsm1_1_qhb00000gn/T/chainworks-test-gates/p042-swift-20260420T063001Z-DerivedData/SourcePackages/checkouts/Yams
    /Applications/Xcode.app/Contents/Developer/Toolchains/XcodeDefault.xctoolchain/usr/bin/clang -Xlinker -reproducible -target arm64-apple-macos10.13 -dynamiclib -isysroot /Applications/Xcode.app/Contents/Developer/Platforms/MacOSX.platform/Developer/SDKs/MacOSX26.4.sdk -O0 -w -L/var/folders/fj/v77kf6rs4dz1ybsm1_1_qhb00000gn/T/chainworks-test-gates/p042-swift-20260420T063001Z-DerivedData/Build/Intermediates.noindex/EagerLinkingTBDs/Debug -L/var/folders/fj/v77kf6rs4dz1ybsm1_1_qhb00000gn/T/chainworks-test-gates/p042-swift-20260420T063001Z-DerivedData/Build/Products/Debug -L/Applications/Xcode.app/Contents/Developer/Platforms/MacOSX.platform/Developer/usr/lib -F/var/folders/fj/v77kf6rs4dz1ybsm1_1_qhb00000gn/T/chainworks-test-gates/p042-swift-20260420T063001Z-DerivedData/Build/Intermediates.noindex/EagerLinkingTBDs/Debug -F/var/folders/fj/v77kf6rs4dz1ybsm1_1_qhb00000gn/T/chainworks-test-gates/p042-swift-20260420T063001Z-DerivedData/Build/Products/Debug/PackageFrameworks -F/var/folders/fj/v77kf6rs4dz1ybsm1_1_qhb00000gn/T/chainworks-test-gates/p042-swift-20260420T063001Z-DerivedData/Build/Products/Debug/PackageFrameworks -F/var/folders/fj/v77kf6rs4dz1ybsm1_1_qhb00000gn/T/chainworks-test-gates/p042-swift-20260420T063001Z-DerivedData/Build/Products/Debug -iframework /Applications/Xcode.app/Contents/Developer/Platforms/MacOSX.platform/Developer/Library/Frameworks -filelist /var/folders/fj/v77kf6rs4dz1ybsm1_1_qhb00000gn/T/chainworks-test-gates/p042-swift-20260420T063001Z-DerivedData/Build/Intermediates.noindex/Yams.build/Debug/Yams\ product.build/Objects-normal/arm64/Yams_712EB057E_PackageProduct.LinkFileList -install_name @rpath/Yams_712EB057E_PackageProduct.framework/Versions/A/Yams_712EB057E_PackageProduct -Xlinker -rpath -Xlinker /usr/lib/swift -Xlinker -rpath -Xlinker /var/folders/fj/v77kf6rs4dz1ybsm1_1_qhb00000gn/T/chainworks-test-gates/p042-swift-20260420T063001Z-DerivedData/Build/Products/Debug/PackageFrameworks -Xlinker -object_path_lto -Xlinker /var/folders/fj/v77kf6rs4dz1ybsm1_1_qhb00000gn/T/chainworks-test-gates/p042-swift-20260420T063001Z-DerivedData/Build/Intermediates.noindex/Yams.build/Debug/Yams\ product.build/Objects-normal/arm64/Yams_712EB057E_PackageProduct_lto.o -rdynamic -Xlinker -no_deduplicate -Xlinker -debug_variant -Xlinker -dependency_info -Xlinker /var/folders/fj/v77kf6rs4dz1ybsm1_1_qhb00000gn/T/chainworks-test-gates/p042-swift-20260420T063001Z-DerivedData/Build/Intermediates.noindex/Yams.build/Debug/Yams\ product.build/Objects-normal/arm64/Yams_712EB057E_PackageProduct_dependency_info.dat -fobjc-link-runtime -fprofile-instr-generate -L/Applications/Xcode.app/Contents/Developer/Toolchains/XcodeDefault.xctoolchain/usr/lib/swift/macosx -L/usr/lib/swift -Wl,-no_warn_duplicate_libraries -Wl,-no_warn_duplicate_libraries -o /var/folders/fj/v77kf6rs4dz1ybsm1_1_qhb00000gn/T/chainworks-test-gates/p042-swift-20260420T063001Z-DerivedData/Build/Products/Debug/PackageFrameworks/Yams_712EB057E_PackageProduct.framework/Versions/A/Yams_712EB057E_PackageProduct -Xlinker -add_ast_path -Xlinker /var/folders/fj/v77kf6rs4dz1ybsm1_1_qhb00000gn/T/chainworks-test-gates/p042-swift-20260420T063001Z-DerivedData/Build/Intermediates.noindex/Yams.build/Debug/Yams.build/Objects-normal/arm64/Yams.swiftmodule @/var/folders/fj/v77kf6rs4dz1ybsm1_1_qhb00000gn/T/chainworks-test-gates/p042-swift-20260420T063001Z-DerivedData/Build/Intermediates.noindex/Yams.build/Debug/Yams.build/Objects-normal/arm64/Yams-linker-args.resp

SwiftExplicitDependencyGeneratePcm arm64 /var/folders/fj/v77kf6rs4dz1ybsm1_1_qhb00000gn/T/chainworks-test-gates/p042-swift-20260420T063001Z-DerivedData/ModuleCache.noindex/_Builtin_limits-DHBS3DIC8CGEVQRUI4EU42P0M.pcm

SwiftExplicitDependencyGeneratePcm arm64 /var/folders/fj/v77kf6rs4dz1ybsm1_1_qhb00000gn/T/chainworks-test-gates/p042-swift-20260420T063001Z-DerivedData/ModuleCache.noindex/SQLite3-E2E736B72TQSH0RFAWH4TV2LT.pcm

SwiftExplicitDependencyGeneratePcm arm64 /var/folders/fj/v77kf6rs4dz1ybsm1_1_qhb00000gn/T/chainworks-test-gates/p042-swift-20260420T063001Z-DerivedData/ModuleCache.noindex/_DarwinFoundation2-7RQ6XF63VIHA7TDCMCE1SDOIY.pcm

GenerateTAPI /var/folders/fj/v77kf6rs4dz1ybsm1_1_qhb00000gn/T/chainworks-test-gates/p042-swift-20260420T063001Z-DerivedData/Build/Intermediates.noindex/EagerLinkingTBDs/Debug/Yams_712EB057E_PackageProduct.framework/Versions/A/Yams_712EB057E_PackageProduct.tbd (in target 'Yams' from project 'Yams')
    cd /var/folders/fj/v77kf6rs4dz1ybsm1_1_qhb00000gn/T/chainworks-test-gates/p042-swift-20260420T063001Z-DerivedData/SourcePackages/checkouts/Yams
    /Applications/Xcode.app/Contents/Developer/Toolchains/XcodeDefault.xctoolchain/usr/bin/tapi stubify -isysroot /Applications/Xcode.app/Contents/Developer/Platforms/MacOSX.platform/Developer/SDKs/MacOSX26.4.sdk -F/var/folders/fj/v77kf6rs4dz1ybsm1_1_qhb00000gn/T/chainworks-test-gates/p042-swift-20260420T063001Z-DerivedData/Build/Products/Debug/PackageFrameworks -F/var/folders/fj/v77kf6rs4dz1ybsm1_1_qhb00000gn/T/chainworks-test-gates/p042-swift-20260420T063001Z-DerivedData/Build/Products/Debug/PackageFrameworks -F/var/folders/fj/v77kf6rs4dz1ybsm1_1_qhb00000gn/T/chainworks-test-gates/p042-swift-20260420T063001Z-DerivedData/Build/Products/Debug -iframework /Applications/Xcode.app/Contents/Developer/Platforms/MacOSX.platform/Developer/Library/Frameworks -L/var/folders/fj/v77kf6rs4dz1ybsm1_1_qhb00000gn/T/chainworks-test-gates/p042-swift-20260420T063001Z-DerivedData/Build/Products/Debug -L/Applications/Xcode.app/Contents/Developer/Platforms/MacOSX.platform/Developer/usr/lib /var/folders/fj/v77kf6rs4dz1ybsm1_1_qhb00000gn/T/chainworks-test-gates/p042-swift-20260420T063001Z-DerivedData/Build/Products/Debug/PackageFrameworks/Yams_712EB057E_PackageProduct.framework/Versions/A/Yams_712EB057E_PackageProduct -o /var/folders/fj/v77kf6rs4dz1ybsm1_1_qhb00000gn/T/chainworks-test-gates/p042-swift-20260420T063001Z-DerivedData/Build/Intermediates.noindex/EagerLinkingTBDs/Debug/Yams_712EB057E_PackageProduct.framework/Versions/A/Yams_712EB057E_PackageProduct.tbd

SwiftExplicitDependencyGeneratePcm arm64 /var/folders/fj/v77kf6rs4dz1ybsm1_1_qhb00000gn/T/chainworks-test-gates/p042-swift-20260420T063001Z-DerivedData/ModuleCache.noindex/_Builtin_stdint-EJ3SISKJDGXPLOHNPEYSO81C6.pcm

SwiftExplicitDependencyGeneratePcm arm64 /var/folders/fj/v77kf6rs4dz1ybsm1_1_qhb00000gn/T/chainworks-test-gates/p042-swift-20260420T063001Z-DerivedData/ModuleCache.noindex/sys_types-2PGA491EU9P7BIO0N28JYO4MG.pcm

SwiftExplicitDependencyGeneratePcm arm64 /var/folders/fj/v77kf6rs4dz1ybsm1_1_qhb00000gn/T/chainworks-test-gates/p042-swift-20260420T063001Z-DerivedData/ModuleCache.noindex/_Builtin_tgmath-4EHYZ71KGSNTH98D75NKN4K0E.pcm

RegisterExecutionPolicyException /var/folders/fj/v77kf6rs4dz1ybsm1_1_qhb00000gn/T/chainworks-test-gates/p042-swift-20260420T063001Z-DerivedData/Build/Products/Debug/PackageFrameworks/Yams_712EB057E_PackageProduct.framework (in target 'Yams' from project 'Yams')
    cd /var/folders/fj/v77kf6rs4dz1ybsm1_1_qhb00000gn/T/chainworks-test-gates/p042-swift-20260420T063001Z-DerivedData/SourcePackages/checkouts/Yams
    builtin-RegisterExecutionPolicyException /var/folders/fj/v77kf6rs4dz1ybsm1_1_qhb00000gn/T/chainworks-test-gates/p042-swift-20260420T063001Z-DerivedData/Build/Products/Debug/PackageFrameworks/Yams_712EB057E_PackageProduct.framework

SwiftExplicitDependencyGeneratePcm arm64 /var/folders/fj/v77kf6rs4dz1ybsm1_1_qhb00000gn/T/chainworks-test-gates/p042-swift-20260420T063001Z-DerivedData/ModuleCache.noindex/OpenGL-E8KN0W94T85660UP506MV54IE.pcm

SwiftExplicitDependencyGeneratePcm arm64 /var/folders/fj/v77kf6rs4dz1ybsm1_1_qhb00000gn/T/chainworks-test-gates/p042-swift-20260420T063001Z-DerivedData/ModuleCache.noindex/_Builtin_stdatomic-ANXBR6481FZSKQ45H6STKVYVV.pcm

SwiftExplicitDependencyGeneratePcm arm64 /var/folders/fj/v77kf6rs4dz1ybsm1_1_qhb00000gn/T/chainworks-test-gates/p042-swift-20260420T063001Z-DerivedData/ModuleCache.noindex/libDER-4HYCGG4D1QHWBF4ZB2WZFI0LX.pcm

SwiftExplicitDependencyGeneratePcm arm64 /var/folders/fj/v77kf6rs4dz1ybsm1_1_qhb00000gn/T/chainworks-test-gates/p042-swift-20260420T063001Z-DerivedData/ModuleCache.noindex/_DarwinFoundation3-1DEY0YMKIT8N39HR3YSYB1AIJ.pcm

SwiftExplicitDependencyGeneratePcm arm64 /var/folders/fj/v77kf6rs4dz1ybsm1_1_qhb00000gn/T/chainworks-test-gates/p042-swift-20260420T063001Z-DerivedData/ModuleCache.noindex/_Builtin_intrinsics-2DQ6QCW49J8BJFXGI8ZLEYSEA.pcm

Touch /var/folders/fj/v77kf6rs4dz1ybsm1_1_qhb00000gn/T/chainworks-test-gates/p042-swift-20260420T063001Z-DerivedData/Build/Products/Debug/PackageFrameworks/Yams_712EB057E_PackageProduct.framework (in target 'Yams' from project 'Yams')
    cd /var/folders/fj/v77kf6rs4dz1ybsm1_1_qhb00000gn/T/chainworks-test-gates/p042-swift-20260420T063001Z-DerivedData/SourcePackages/checkouts/Yams
    /usr/bin/touch -c /var/folders/fj/v77kf6rs4dz1ybsm1_1_qhb00000gn/T/chainworks-test-gates/p042-swift-20260420T063001Z-DerivedData/Build/Products/Debug/PackageFrameworks/Yams_712EB057E_PackageProduct.framework

SymLink /var/folders/fj/v77kf6rs4dz1ybsm1_1_qhb00000gn/T/chainworks-test-gates/p042-swift-20260420T063001Z-DerivedData/Build/Intermediates.noindex/EagerLinkingTBDs/Debug/Yams_712EB057E_PackageProduct.framework/Yams_712EB057E_PackageProduct.tbd /var/folders/fj/v77kf6rs4dz1ybsm1_1_qhb00000gn/T/chainworks-test-gates/p042-swift-20260420T063001Z-DerivedData/Build/Intermediates.noindex/EagerLinkingTBDs/Debug/Yams_712EB057E_PackageProduct.framework/Versions/A/Yams_712EB057E_PackageProduct.tbd (in target 'Yams' from project 'Yams')
    cd /var/folders/fj/v77kf6rs4dz1ybsm1_1_qhb00000gn/T/chainworks-test-gates/p042-swift-20260420T063001Z-DerivedData/SourcePackages/checkouts/Yams
    /bin/ln -sfh /var/folders/fj/v77kf6rs4dz1ybsm1_1_qhb00000gn/T/chainworks-test-gates/p042-swift-20260420T063001Z-DerivedData/Build/Intermediates.noindex/EagerLinkingTBDs/Debug/Yams_712EB057E_PackageProduct.framework/Versions/A/Yams_712EB057E_PackageProduct.tbd /var/folders/fj/v77kf6rs4dz1ybsm1_1_qhb00000gn/T/chainworks-test-gates/p042-swift-20260420T063001Z-DerivedData/Build/Intermediates.noindex/EagerLinkingTBDs/Debug/Yams_712EB057E_PackageProduct.framework/Yams_712EB057E_PackageProduct.tbd

Copy /var/folders/fj/v77kf6rs4dz1ybsm1_1_qhb00000gn/T/chainworks-test-gates/p042-swift-20260420T063001Z-DerivedData/Build/Products/Debug/Chainworks\ Forge.app/Contents/Frameworks/libXCTestSwiftSupport.dylib /Applications/Xcode.app/Contents/Developer/Platforms/MacOSX.platform/Developer/usr/lib/libXCTestSwiftSupport.dylib (in target 'Chainworks Forge' from project 'Chainworks Forge')
    cd /Users/user/Documents/Chainworks\ Forge
    builtin-copy -exclude .DS_Store -exclude CVS -exclude .svn -exclude .git -exclude .hg -exclude Headers -exclude PrivateHeaders -exclude Modules -exclude \*.tbd -resolve-src-symlinks /Applications/Xcode.app/Contents/Developer/Platforms/MacOSX.platform/Developer/usr/lib/libXCTestSwiftSupport.dylib /var/folders/fj/v77kf6rs4dz1ybsm1_1_qhb00000gn/T/chainworks-test-gates/p042-swift-20260420T063001Z-DerivedData/Build/Products/Debug/Chainworks\ Forge.app/Contents/Frameworks

Copy /var/folders/fj/v77kf6rs4dz1ybsm1_1_qhb00000gn/T/chainworks-test-gates/p042-swift-20260420T063001Z-DerivedData/Build/Products/Debug/Chainworks\ Forge.app/Contents/Frameworks/libXCTestBundleInject.dylib /Applications/Xcode.app/Contents/Developer/Platforms/MacOSX.platform/Developer/usr/lib/libXCTestBundleInject.dylib (in target 'Chainworks Forge' from project 'Chainworks Forge')
    cd /Users/user/Documents/Chainworks\ Forge
    builtin-copy -exclude .DS_Store -exclude CVS -exclude .svn -exclude .git -exclude .hg -exclude Headers -exclude PrivateHeaders -exclude Modules -exclude \*.tbd -resolve-src-symlinks /Applications/Xcode.app/Contents/Developer/Platforms/MacOSX.platform/Developer/usr/lib/libXCTestBundleInject.dylib /var/folders/fj/v77kf6rs4dz1ybsm1_1_qhb00000gn/T/chainworks-test-gates/p042-swift-20260420T063001Z-DerivedData/Build/Products/Debug/Chainworks\ Forge.app/Contents/Frameworks

Copy /var/folders/fj/v77kf6rs4dz1ybsm1_1_qhb00000gn/T/chainworks-test-gates/p042-swift-20260420T063001Z-DerivedData/Build/Products/Debug/Chainworks\ Forge.app/Contents/Frameworks/XCUnit.framework /Applications/Xcode.app/Contents/Developer/Platforms/MacOSX.platform/Developer/Library/PrivateFrameworks/XCUnit.framework (in target 'Chainworks Forge' from project 'Chainworks Forge')
    cd /Users/user/Documents/Chainworks\ Forge
    builtin-copy -exclude .DS_Store -exclude CVS -exclude .svn -exclude .git -exclude .hg -exclude Headers -exclude PrivateHeaders -exclude Modules -exclude \*.tbd -resolve-src-symlinks /Applications/Xcode.app/Contents/Developer/Platforms/MacOSX.platform/Developer/Library/PrivateFrameworks/XCUnit.framework /var/folders/fj/v77kf6rs4dz1ybsm1_1_qhb00000gn/T/chainworks-test-gates/p042-swift-20260420T063001Z-DerivedData/Build/Products/Debug/Chainworks\ Forge.app/Contents/Frameworks

Copy /var/folders/fj/v77kf6rs4dz1ybsm1_1_qhb00000gn/T/chainworks-test-gates/p042-swift-20260420T063001Z-DerivedData/Build/Products/Debug/Chainworks\ Forge.app/Contents/Frameworks/Yams_712EB057E_PackageProduct.framework /var/folders/fj/v77kf6rs4dz1ybsm1_1_qhb00000gn/T/chainworks-test-gates/p042-swift-20260420T063001Z-DerivedData/Build/Products/Debug/PackageFrameworks/Yams_712EB057E_PackageProduct.framework (in target 'Chainworks Forge' from project 'Chainworks Forge')
    cd /Users/user/Documents/Chainworks\ Forge
    builtin-copy -exclude .DS_Store -exclude CVS -exclude .svn -exclude .git -exclude .hg -resolve-src-symlinks -remove-static-executable /var/folders/fj/v77kf6rs4dz1ybsm1_1_qhb00000gn/T/chainworks-test-gates/p042-swift-20260420T063001Z-DerivedData/Build/Products/Debug/PackageFrameworks/Yams_712EB057E_PackageProduct.framework /var/folders/fj/v77kf6rs4dz1ybsm1_1_qhb00000gn/T/chainworks-test-gates/p042-swift-20260420T063001Z-DerivedData/Build/Products/Debug/Chainworks\ Forge.app/Contents/Frameworks

Ld /var/folders/fj/v77kf6rs4dz1ybsm1_1_qhb00000gn/T/chainworks-test-gates/p042-swift-20260420T063001Z-DerivedData/Build/Products/Debug/Chainworks\ Forge.app/Contents/MacOS/__preview.dylib normal (in target 'Chainworks Forge' from project 'Chainworks Forge')
    cd /Users/user/Documents/Chainworks\ Forge
    /Applications/Xcode.app/Contents/Developer/Toolchains/XcodeDefault.xctoolchain/usr/bin/clang -Xlinker -reproducible -target arm64-apple-macos26.2 -dynamiclib -isysroot /Applications/Xcode.app/Contents/Developer/Platforms/MacOSX.platform/Developer/SDKs/MacOSX26.4.sdk -O0 -L/var/folders/fj/v77kf6rs4dz1ybsm1_1_qhb00000gn/T/chainworks-test-gates/p042-swift-20260420T063001Z-DerivedData/Build/Products/Debug -F/var/folders/fj/v77kf6rs4dz1ybsm1_1_qhb00000gn/T/chainworks-test-gates/p042-swift-20260420T063001Z-DerivedData/Build/Products/Debug/PackageFrameworks -F/var/folders/fj/v77kf6rs4dz1ybsm1_1_qhb00000gn/T/chainworks-test-gates/p042-swift-20260420T063001Z-DerivedData/Build/Products/Debug/PackageFrameworks -F/var/folders/fj/v77kf6rs4dz1ybsm1_1_qhb00000gn/T/chainworks-test-gates/p042-swift-20260420T063001Z-DerivedData/Build/Products/Debug -install_name @rpath/Chainworks\ Forge.debug.dylib -Xlinker -dead_strip -rdynamic -Xlinker -no_deduplicate -Xlinker -debug_variant -Xlinker -dependency_info -Xlinker /var/folders/fj/v77kf6rs4dz1ybsm1_1_qhb00000gn/T/chainworks-test-gates/p042-swift-20260420T063001Z-DerivedData/Build/Intermediates.noindex/Chainworks\ Forge.build/Debug/Chainworks\ Forge.build/Objects-normal/arm64/Chainworks\ Forge_dependency_info.dat -Xlinker -no_adhoc_codesign -o /var/folders/fj/v77kf6rs4dz1ybsm1_1_qhb00000gn/T/chainworks-test-gates/p042-swift-20260420T063001Z-DerivedData/Build/Products/Debug/Chainworks\ Forge.app/Contents/MacOS/__preview.dylib

Copy /var/folders/fj/v77kf6rs4dz1ybsm1_1_qhb00000gn/T/chainworks-test-gates/p042-swift-20260420T063001Z-DerivedData/Build/Products/Debug/Chainworks\ Forge.app/Contents/Frameworks/XCUIAutomation.framework /Applications/Xcode.app/Contents/Developer/Platforms/MacOSX.platform/Developer/Library/Frameworks/XCUIAutomation.framework (in target 'Chainworks Forge' from project 'Chainworks Forge')
    cd /Users/user/Documents/Chainworks\ Forge
    builtin-copy -exclude .DS_Store -exclude CVS -exclude .svn -exclude .git -exclude .hg -exclude Headers -exclude PrivateHeaders -exclude Modules -exclude \*.tbd -resolve-src-symlinks /Applications/Xcode.app/Contents/Developer/Platforms/MacOSX.platform/Developer/Library/Frameworks/XCUIAutomation.framework /var/folders/fj/v77kf6rs4dz1ybsm1_1_qhb00000gn/T/chainworks-test-gates/p042-swift-20260420T063001Z-DerivedData/Build/Products/Debug/Chainworks\ Forge.app/Contents/Frameworks

Copy /var/folders/fj/v77kf6rs4dz1ybsm1_1_qhb00000gn/T/chainworks-test-gates/p042-swift-20260420T063001Z-DerivedData/Build/Products/Debug/Chainworks\ Forge.app/Contents/Frameworks/XCTestSupport.framework /Applications/Xcode.app/Contents/Developer/Platforms/MacOSX.platform/Developer/Library/PrivateFrameworks/XCTestSupport.framework (in target 'Chainworks Forge' from project 'Chainworks Forge')
    cd /Users/user/Documents/Chainworks\ Forge
    builtin-copy -exclude .DS_Store -exclude CVS -exclude .svn -exclude .git -exclude .hg -exclude Headers -exclude PrivateHeaders -exclude Modules -exclude \*.tbd -resolve-src-symlinks /Applications/Xcode.app/Contents/Developer/Platforms/MacOSX.platform/Developer/Library/PrivateFrameworks/XCTestSupport.framework /var/folders/fj/v77kf6rs4dz1ybsm1_1_qhb00000gn/T/chainworks-test-gates/p042-swift-20260420T063001Z-DerivedData/Build/Products/Debug/Chainworks\ Forge.app/Contents/Frameworks

Copy /var/folders/fj/v77kf6rs4dz1ybsm1_1_qhb00000gn/T/chainworks-test-gates/p042-swift-20260420T063001Z-DerivedData/Build/Products/Debug/Chainworks\ Forge.app/Contents/Frameworks/XCTestCore.framework /Applications/Xcode.app/Contents/Developer/Platforms/MacOSX.platform/Developer/Library/PrivateFrameworks/XCTestCore.framework (in target 'Chainworks Forge' from project 'Chainworks Forge')
    cd /Users/user/Documents/Chainworks\ Forge
    builtin-copy -exclude .DS_Store -exclude CVS -exclude .svn -exclude .git -exclude .hg -exclude Headers -exclude PrivateHeaders -exclude Modules -exclude \*.tbd -resolve-src-symlinks /Applications/Xcode.app/Contents/Developer/Platforms/MacOSX.platform/Developer/Library/PrivateFrameworks/XCTestCore.framework /var/folders/fj/v77kf6rs4dz1ybsm1_1_qhb00000gn/T/chainworks-test-gates/p042-swift-20260420T063001Z-DerivedData/Build/Products/Debug/Chainworks\ Forge.app/Contents/Frameworks

Copy /var/folders/fj/v77kf6rs4dz1ybsm1_1_qhb00000gn/T/chainworks-test-gates/p042-swift-20260420T063001Z-DerivedData/Build/Products/Debug/Chainworks\ Forge.app/Contents/Frameworks/XCTest.framework /Applications/Xcode.app/Contents/Developer/Platforms/MacOSX.platform/Developer/Library/Frameworks/XCTest.framework (in target 'Chainworks Forge' from project 'Chainworks Forge')
    cd /Users/user/Documents/Chainworks\ Forge
    builtin-copy -exclude .DS_Store -exclude CVS -exclude .svn -exclude .git -exclude .hg -exclude Headers -exclude PrivateHeaders -exclude Modules -exclude \*.tbd -resolve-src-symlinks /Applications/Xcode.app/Contents/Developer/Platforms/MacOSX.platform/Developer/Library/Frameworks/XCTest.framework /var/folders/fj/v77kf6rs4dz1ybsm1_1_qhb00000gn/T/chainworks-test-gates/p042-swift-20260420T063001Z-DerivedData/Build/Products/Debug/Chainworks\ Forge.app/Contents/Frameworks

Copy /var/folders/fj/v77kf6rs4dz1ybsm1_1_qhb00000gn/T/chainworks-test-gates/p042-swift-20260420T063001Z-DerivedData/Build/Products/Debug/Chainworks\ Forge.app/Contents/Frameworks/XCTAutomationSupport.framework /Applications/Xcode.app/Contents/Developer/Platforms/MacOSX.platform/Developer/Library/PrivateFrameworks/XCTAutomationSupport.framework (in target 'Chainworks Forge' from project 'Chainworks Forge')
    cd /Users/user/Documents/Chainworks\ Forge
    builtin-copy -exclude .DS_Store -exclude CVS -exclude .svn -exclude .git -exclude .hg -exclude Headers -exclude PrivateHeaders -exclude Modules -exclude \*.tbd -resolve-src-symlinks /Applications/Xcode.app/Contents/Developer/Platforms/MacOSX.platform/Developer/Library/PrivateFrameworks/XCTAutomationSupport.framework /var/folders/fj/v77kf6rs4dz1ybsm1_1_qhb00000gn/T/chainworks-test-gates/p042-swift-20260420T063001Z-DerivedData/Build/Products/Debug/Chainworks\ Forge.app/Contents/Frameworks

Copy /var/folders/fj/v77kf6rs4dz1ybsm1_1_qhb00000gn/T/chainworks-test-gates/p042-swift-20260420T063001Z-DerivedData/Build/Products/Debug/Chainworks\ Forge.app/Contents/Frameworks/Testing.framework /Applications/Xcode.app/Contents/Developer/Platforms/MacOSX.platform/Developer/Library/Frameworks/Testing.framework (in target 'Chainworks Forge' from project 'Chainworks Forge')
    cd /Users/user/Documents/Chainworks\ Forge
    builtin-copy -exclude .DS_Store -exclude CVS -exclude .svn -exclude .git -exclude .hg -exclude Headers -exclude PrivateHeaders -exclude Modules -exclude \*.tbd -resolve-src-symlinks /Applications/Xcode.app/Contents/Developer/Platforms/MacOSX.platform/Developer/Library/Frameworks/Testing.framework /var/folders/fj/v77kf6rs4dz1ybsm1_1_qhb00000gn/T/chainworks-test-gates/p042-swift-20260420T063001Z-DerivedData/Build/Products/Debug/Chainworks\ Forge.app/Contents/Frameworks

CodeSign /var/folders/fj/v77kf6rs4dz1ybsm1_1_qhb00000gn/T/chainworks-test-gates/p042-swift-20260420T063001Z-DerivedData/Build/Products/Debug/Chainworks\ Forge.app/Contents/Frameworks/libXCTestSwiftSupport.dylib (in target 'Chainworks Forge' from project 'Chainworks Forge')
    cd /Users/user/Documents/Chainworks\ Forge
    
    Signing Identity:     "Apple Development: Андрей Khasanov (TTB66998BK)"
    
    /usr/bin/codesign --force --sign 2160021861DD1F9EDCBC401D6FE67C44FF285171 --timestamp\=none --preserve-metadata\=identifier,entitlements,flags --generate-entitlement-der /var/folders/fj/v77kf6rs4dz1ybsm1_1_qhb00000gn/T/chainworks-test-gates/p042-swift-20260420T063001Z-DerivedData/Build/Products/Debug/Chainworks\ Forge.app/Contents/Frameworks/libXCTestSwiftSupport.dylib
/var/folders/fj/v77kf6rs4dz1ybsm1_1_qhb00000gn/T/chainworks-test-gates/p042-swift-20260420T063001Z-DerivedData/Build/Products/Debug/Chainworks Forge.app/Contents/Frameworks/libXCTestSwiftSupport.dylib: replacing existing signature

CodeSign /var/folders/fj/v77kf6rs4dz1ybsm1_1_qhb00000gn/T/chainworks-test-gates/p042-swift-20260420T063001Z-DerivedData/Build/Products/Debug/Chainworks\ Forge.app/Contents/Frameworks/libXCTestBundleInject.dylib (in target 'Chainworks Forge' from project 'Chainworks Forge')
    cd /Users/user/Documents/Chainworks\ Forge
    
    Signing Identity:     "Apple Development: Андрей Khasanov (TTB66998BK)"
    
    /usr/bin/codesign --force --sign 2160021861DD1F9EDCBC401D6FE67C44FF285171 --timestamp\=none --preserve-metadata\=identifier,entitlements,flags --generate-entitlement-der /var/folders/fj/v77kf6rs4dz1ybsm1_1_qhb00000gn/T/chainworks-test-gates/p042-swift-20260420T063001Z-DerivedData/Build/Products/Debug/Chainworks\ Forge.app/Contents/Frameworks/libXCTestBundleInject.dylib
/var/folders/fj/v77kf6rs4dz1ybsm1_1_qhb00000gn/T/chainworks-test-gates/p042-swift-20260420T063001Z-DerivedData/Build/Products/Debug/Chainworks Forge.app/Contents/Frameworks/libXCTestBundleInject.dylib: replacing existing signature

CodeSign /var/folders/fj/v77kf6rs4dz1ybsm1_1_qhb00000gn/T/chainworks-test-gates/p042-swift-20260420T063001Z-DerivedData/Build/Products/Debug/Chainworks\ Forge.app/Contents/Frameworks/Yams_712EB057E_PackageProduct.framework/Versions/A (in target 'Chainworks Forge' from project 'Chainworks Forge')
    cd /Users/user/Documents/Chainworks\ Forge
    
    Signing Identity:     "Apple Development: Андрей Khasanov (TTB66998BK)"
    
    /usr/bin/codesign --force --sign 2160021861DD1F9EDCBC401D6FE67C44FF285171 --timestamp\=none --preserve-metadata\=identifier,entitlements,flags --generate-entitlement-der /var/folders/fj/v77kf6rs4dz1ybsm1_1_qhb00000gn/T/chainworks-test-gates/p042-swift-20260420T063001Z-DerivedData/Build/Products/Debug/Chainworks\ Forge.app/Contents/Frameworks/Yams_712EB057E_PackageProduct.framework/Versions/A
/var/folders/fj/v77kf6rs4dz1ybsm1_1_qhb00000gn/T/chainworks-test-gates/p042-swift-20260420T063001Z-DerivedData/Build/Products/Debug/Chainworks Forge.app/Contents/Frameworks/Yams_712EB057E_PackageProduct.framework/Versions/A: replacing existing signature

CodeSign /var/folders/fj/v77kf6rs4dz1ybsm1_1_qhb00000gn/T/chainworks-test-gates/p042-swift-20260420T063001Z-DerivedData/Build/Products/Debug/Chainworks\ Forge.app/Contents/Frameworks/XCUnit.framework (in target 'Chainworks Forge' from project 'Chainworks Forge')
    cd /Users/user/Documents/Chainworks\ Forge
    
    Signing Identity:     "Apple Development: Андрей Khasanov (TTB66998BK)"
    
    /usr/bin/codesign --force --sign 2160021861DD1F9EDCBC401D6FE67C44FF285171 --timestamp\=none --preserve-metadata\=identifier,entitlements,flags --generate-entitlement-der /var/folders/fj/v77kf6rs4dz1ybsm1_1_qhb00000gn/T/chainworks-test-gates/p042-swift-20260420T063001Z-DerivedData/Build/Products/Debug/Chainworks\ Forge.app/Contents/Frameworks/XCUnit.framework
/var/folders/fj/v77kf6rs4dz1ybsm1_1_qhb00000gn/T/chainworks-test-gates/p042-swift-20260420T063001Z-DerivedData/Build/Products/Debug/Chainworks Forge.app/Contents/Frameworks/XCUnit.framework: replacing existing signature

CodeSign /var/folders/fj/v77kf6rs4dz1ybsm1_1_qhb00000gn/T/chainworks-test-gates/p042-swift-20260420T063001Z-DerivedData/Build/Products/Debug/Chainworks\ Forge.app/Contents/Frameworks/XCUIAutomation.framework (in target 'Chainworks Forge' from project 'Chainworks Forge')
    cd /Users/user/Documents/Chainworks\ Forge
    
    Signing Identity:     "Apple Development: Андрей Khasanov (TTB66998BK)"
    
    /usr/bin/codesign --force --sign 2160021861DD1F9EDCBC401D6FE67C44FF285171 --timestamp\=none --preserve-metadata\=identifier,entitlements,flags --generate-entitlement-der /var/folders/fj/v77kf6rs4dz1ybsm1_1_qhb00000gn/T/chainworks-test-gates/p042-swift-20260420T063001Z-DerivedData/Build/Products/Debug/Chainworks\ Forge.app/Contents/Frameworks/XCUIAutomation.framework
/var/folders/fj/v77kf6rs4dz1ybsm1_1_qhb00000gn/T/chainworks-test-gates/p042-swift-20260420T063001Z-DerivedData/Build/Products/Debug/Chainworks Forge.app/Contents/Frameworks/XCUIAutomation.framework: replacing existing signature

CodeSign /var/folders/fj/v77kf6rs4dz1ybsm1_1_qhb00000gn/T/chainworks-test-gates/p042-swift-20260420T063001Z-DerivedData/Build/Products/Debug/Chainworks\ Forge.app/Contents/Frameworks/XCTestSupport.framework (in target 'Chainworks Forge' from project 'Chainworks Forge')
    cd /Users/user/Documents/Chainworks\ Forge
    
    Signing Identity:     "Apple Development: Андрей Khasanov (TTB66998BK)"
    
    /usr/bin/codesign --force --sign 2160021861DD1F9EDCBC401D6FE67C44FF285171 --timestamp\=none --preserve-metadata\=identifier,entitlements,flags --generate-entitlement-der /var/folders/fj/v77kf6rs4dz1ybsm1_1_qhb00000gn/T/chainworks-test-gates/p042-swift-20260420T063001Z-DerivedData/Build/Products/Debug/Chainworks\ Forge.app/Contents/Frameworks/XCTestSupport.framework
/var/folders/fj/v77kf6rs4dz1ybsm1_1_qhb00000gn/T/chainworks-test-gates/p042-swift-20260420T063001Z-DerivedData/Build/Products/Debug/Chainworks Forge.app/Contents/Frameworks/XCTestSupport.framework: replacing existing signature

CodeSign /var/folders/fj/v77kf6rs4dz1ybsm1_1_qhb00000gn/T/chainworks-test-gates/p042-swift-20260420T063001Z-DerivedData/Build/Products/Debug/Chainworks\ Forge.app/Contents/Frameworks/XCTestCore.framework (in target 'Chainworks Forge' from project 'Chainworks Forge')
    cd /Users/user/Documents/Chainworks\ Forge
    
    Signing Identity:     "Apple Development: Андрей Khasanov (TTB66998BK)"
    
    /usr/bin/codesign --force --sign 2160021861DD1F9EDCBC401D6FE67C44FF285171 --timestamp\=none --preserve-metadata\=identifier,entitlements,flags --generate-entitlement-der /var/folders/fj/v77kf6rs4dz1ybsm1_1_qhb00000gn/T/chainworks-test-gates/p042-swift-20260420T063001Z-DerivedData/Build/Products/Debug/Chainworks\ Forge.app/Contents/Frameworks/XCTestCore.framework
/var/folders/fj/v77kf6rs4dz1ybsm1_1_qhb00000gn/T/chainworks-test-gates/p042-swift-20260420T063001Z-DerivedData/Build/Products/Debug/Chainworks Forge.app/Contents/Frameworks/XCTestCore.framework: replacing existing signature

SwiftExplicitDependencyGeneratePcm arm64 /var/folders/fj/v77kf6rs4dz1ybsm1_1_qhb00000gn/T/chainworks-test-gates/p042-swift-20260420T063001Z-DerivedData/ModuleCache.noindex/_Builtin_inttypes-8JE276A0S3S0SFMYEVWW8TL7H.pcm

SwiftExplicitDependencyGeneratePcm arm64 /var/folders/fj/v77kf6rs4dz1ybsm1_1_qhb00000gn/T/chainworks-test-gates/p042-swift-20260420T063001Z-DerivedData/Build/Intermediates.noindex/SwiftExplicitPrecompiledModules/CYaml-5DV0WQJLSKLXJTEXIJSXXUMON.pcm

CodeSign /var/folders/fj/v77kf6rs4dz1ybsm1_1_qhb00000gn/T/chainworks-test-gates/p042-swift-20260420T063001Z-DerivedData/Build/Products/Debug/Chainworks\ Forge.app/Contents/Frameworks/XCTest.framework (in target 'Chainworks Forge' from project 'Chainworks Forge')
    cd /Users/user/Documents/Chainworks\ Forge
    
    Signing Identity:     "Apple Development: Андрей Khasanov (TTB66998BK)"
    
    /usr/bin/codesign --force --sign 2160021861DD1F9EDCBC401D6FE67C44FF285171 --timestamp\=none --preserve-metadata\=identifier,entitlements,flags --generate-entitlement-der /var/folders/fj/v77kf6rs4dz1ybsm1_1_qhb00000gn/T/chainworks-test-gates/p042-swift-20260420T063001Z-DerivedData/Build/Products/Debug/Chainworks\ Forge.app/Contents/Frameworks/XCTest.framework
/var/folders/fj/v77kf6rs4dz1ybsm1_1_qhb00000gn/T/chainworks-test-gates/p042-swift-20260420T063001Z-DerivedData/Build/Products/Debug/Chainworks Forge.app/Contents/Frameworks/XCTest.framework: replacing existing signature

SwiftExplicitDependencyGeneratePcm arm64 /var/folders/fj/v77kf6rs4dz1ybsm1_1_qhb00000gn/T/chainworks-test-gates/p042-swift-20260420T063001Z-DerivedData/ModuleCache.noindex/Darwin-7IWU6YTIWZ98H55G966I3SOH2.pcm

SwiftExplicitDependencyGeneratePcm arm64 /var/folders/fj/v77kf6rs4dz1ybsm1_1_qhb00000gn/T/chainworks-test-gates/p042-swift-20260420T063001Z-DerivedData/ModuleCache.noindex/simd-CZZLWU3USHE38XM28EK8GSORD.pcm

CodeSign /var/folders/fj/v77kf6rs4dz1ybsm1_1_qhb00000gn/T/chainworks-test-gates/p042-swift-20260420T063001Z-DerivedData/Build/Products/Debug/Chainworks\ Forge.app/Contents/Frameworks/XCTAutomationSupport.framework (in target 'Chainworks Forge' from project 'Chainworks Forge')
    cd /Users/user/Documents/Chainworks\ Forge
    
    Signing Identity:     "Apple Development: Андрей Khasanov (TTB66998BK)"
    
    /usr/bin/codesign --force --sign 2160021861DD1F9EDCBC401D6FE67C44FF285171 --timestamp\=none --preserve-metadata\=identifier,entitlements,flags --generate-entitlement-der /var/folders/fj/v77kf6rs4dz1ybsm1_1_qhb00000gn/T/chainworks-test-gates/p042-swift-20260420T063001Z-DerivedData/Build/Products/Debug/Chainworks\ Forge.app/Contents/Frameworks/XCTAutomationSupport.framework
/var/folders/fj/v77kf6rs4dz1ybsm1_1_qhb00000gn/T/chainworks-test-gates/p042-swift-20260420T063001Z-DerivedData/Build/Products/Debug/Chainworks Forge.app/Contents/Frameworks/XCTAutomationSupport.framework: replacing existing signature

CodeSign /var/folders/fj/v77kf6rs4dz1ybsm1_1_qhb00000gn/T/chainworks-test-gates/p042-swift-20260420T063001Z-DerivedData/Build/Products/Debug/Chainworks\ Forge.app/Contents/Frameworks/Testing.framework (in target 'Chainworks Forge' from project 'Chainworks Forge')
    cd /Users/user/Documents/Chainworks\ Forge
    
    Signing Identity:     "Apple Development: Андрей Khasanov (TTB66998BK)"
    
    /usr/bin/codesign --force --sign 2160021861DD1F9EDCBC401D6FE67C44FF285171 --timestamp\=none --preserve-metadata\=identifier,entitlements,flags --generate-entitlement-der /var/folders/fj/v77kf6rs4dz1ybsm1_1_qhb00000gn/T/chainworks-test-gates/p042-swift-20260420T063001Z-DerivedData/Build/Products/Debug/Chainworks\ Forge.app/Contents/Frameworks/Testing.framework
/var/folders/fj/v77kf6rs4dz1ybsm1_1_qhb00000gn/T/chainworks-test-gates/p042-swift-20260420T063001Z-DerivedData/Build/Products/Debug/Chainworks Forge.app/Contents/Frameworks/Testing.framework: replacing existing signature

SwiftExplicitDependencyGeneratePcm arm64 /var/folders/fj/v77kf6rs4dz1ybsm1_1_qhb00000gn/T/chainworks-test-gates/p042-swift-20260420T063001Z-DerivedData/ModuleCache.noindex/CUPS-6OTDRVSB657D42ROV1VDBOCKO.pcm

SwiftExplicitDependencyGeneratePcm arm64 /var/folders/fj/v77kf6rs4dz1ybsm1_1_qhb00000gn/T/chainworks-test-gates/p042-swift-20260420T063001Z-DerivedData/ModuleCache.noindex/libkern-52IMITX5QDFKKU5GILB107VTG.pcm

SwiftExplicitDependencyGeneratePcm arm64 /var/folders/fj/v77kf6rs4dz1ybsm1_1_qhb00000gn/T/chainworks-test-gates/p042-swift-20260420T063001Z-DerivedData/ModuleCache.noindex/MachO-DS6ZPXVXDRYAID5DKA2BQ4FY8.pcm

SwiftExplicitDependencyGeneratePcm arm64 /var/folders/fj/v77kf6rs4dz1ybsm1_1_qhb00000gn/T/chainworks-test-gates/p042-swift-20260420T063001Z-DerivedData/ModuleCache.noindex/launch-7RWNF6T1L1L3P009HS8W4OL8E.pcm

SwiftExplicitDependencyGeneratePcm arm64 /var/folders/fj/v77kf6rs4dz1ybsm1_1_qhb00000gn/T/chainworks-test-gates/p042-swift-20260420T063001Z-DerivedData/ModuleCache.noindex/Spatial-EZ5UUE66KSVGGD18E2L3O73KE.pcm

SwiftExplicitDependencyGeneratePcm arm64 /var/folders/fj/v77kf6rs4dz1ybsm1_1_qhb00000gn/T/chainworks-test-gates/p042-swift-20260420T063001Z-DerivedData/ModuleCache.noindex/ObjectiveC-65K64YJ8228TIBKUPE9YIIYC7.pcm

SwiftExplicitDependencyGeneratePcm arm64 /var/folders/fj/v77kf6rs4dz1ybsm1_1_qhb00000gn/T/chainworks-test-gates/p042-swift-20260420T063001Z-DerivedData/ModuleCache.noindex/os_object-4IF7JEF8TER16Q4YJ3TCUXD09.pcm

SwiftExplicitDependencyGeneratePcm arm64 /var/folders/fj/v77kf6rs4dz1ybsm1_1_qhb00000gn/T/chainworks-test-gates/p042-swift-20260420T063001Z-DerivedData/ModuleCache.noindex/os_workgroup-8J2F38KHTTXVRWZ9X9XI1PSKT.pcm

SwiftExplicitDependencyGeneratePcm arm64 /var/folders/fj/v77kf6rs4dz1ybsm1_1_qhb00000gn/T/chainworks-test-gates/p042-swift-20260420T063001Z-DerivedData/ModuleCache.noindex/Dispatch-7C5RBFM38C2HJ1U9DKZ6LBTS7.pcm

SwiftExplicitDependencyGeneratePcm arm64 /var/folders/fj/v77kf6rs4dz1ybsm1_1_qhb00000gn/T/chainworks-test-gates/p042-swift-20260420T063001Z-DerivedData/ModuleCache.noindex/XPC-1ZZBHXMSUK2D2V1HGQU76QVIT.pcm

SwiftExplicitDependencyGeneratePcm arm64 /var/folders/fj/v77kf6rs4dz1ybsm1_1_qhb00000gn/T/chainworks-test-gates/p042-swift-20260420T063001Z-DerivedData/ModuleCache.noindex/CoreFoundation-8M9331P2POI8JNSW2NPQN0RPL.pcm

SwiftExplicitDependencyGeneratePcm arm64 /var/folders/fj/v77kf6rs4dz1ybsm1_1_qhb00000gn/T/chainworks-test-gates/p042-swift-20260420T063001Z-DerivedData/ModuleCache.noindex/os-8SFMJ7FQ7HE7KNUX9Q8EITS1.pcm

SwiftExplicitDependencyGeneratePcm arm64 /var/folders/fj/v77kf6rs4dz1ybsm1_1_qhb00000gn/T/chainworks-test-gates/p042-swift-20260420T063001Z-DerivedData/ModuleCache.noindex/IOKit-5NGJWNORJ7GJWPFFWNODPNHG7.pcm

SwiftExplicitDependencyGeneratePcm arm64 /var/folders/fj/v77kf6rs4dz1ybsm1_1_qhb00000gn/T/chainworks-test-gates/p042-swift-20260420T063001Z-DerivedData/ModuleCache.noindex/ColorSync-8UVUI06PMWWTBCVFMPBDPOLPX.pcm

SwiftExplicitDependencyGeneratePcm arm64 /var/folders/fj/v77kf6rs4dz1ybsm1_1_qhb00000gn/T/chainworks-test-gates/p042-swift-20260420T063001Z-DerivedData/ModuleCache.noindex/CFNetwork-1WTEC99H60IDC9JGDKYEAXZPN.pcm

SwiftExplicitDependencyGeneratePcm arm64 /var/folders/fj/v77kf6rs4dz1ybsm1_1_qhb00000gn/T/chainworks-test-gates/p042-swift-20260420T063001Z-DerivedData/ModuleCache.noindex/Security-8J6WM5KJZG2WK2H6S56QF1JK5.pcm

SwiftExplicitDependencyGeneratePcm arm64 /var/folders/fj/v77kf6rs4dz1ybsm1_1_qhb00000gn/T/chainworks-test-gates/p042-swift-20260420T063001Z-DerivedData/ModuleCache.noindex/CoreGraphics-741Q7ZYDAOTVBMRD7FIVQMY3Y.pcm

SwiftExplicitDependencyGeneratePcm arm64 /var/folders/fj/v77kf6rs4dz1ybsm1_1_qhb00000gn/T/chainworks-test-gates/p042-swift-20260420T063001Z-DerivedData/ModuleCache.noindex/DiskArbitration-6ANPQCSSZ1D4FX5IW0Q4AGKZ9.pcm

LinkAssetCatalog /Users/user/Documents/Chainworks\ Forge/Chainworks\ Forge/Assets.xcassets (in target 'Chainworks Forge' from project 'Chainworks Forge')
    cd /Users/user/Documents/Chainworks\ Forge
    builtin-linkAssetCatalog --thinned /var/folders/fj/v77kf6rs4dz1ybsm1_1_qhb00000gn/T/chainworks-test-gates/p042-swift-20260420T063001Z-DerivedData/Build/Intermediates.noindex/Chainworks\ Forge.build/Debug/Chainworks\ Forge.build/assetcatalog_output/thinned --thinned-dependencies /var/folders/fj/v77kf6rs4dz1ybsm1_1_qhb00000gn/T/chainworks-test-gates/p042-swift-20260420T063001Z-DerivedData/Build/Intermediates.noindex/Chainworks\ Forge.build/Debug/Chainworks\ Forge.build/assetcatalog_dependencies_thinned --thinned-info-plist-content /var/folders/fj/v77kf6rs4dz1ybsm1_1_qhb00000gn/T/chainworks-test-gates/p042-swift-20260420T063001Z-DerivedData/Build/Intermediates.noindex/Chainworks\ Forge.build/Debug/Chainworks\ Forge.build/assetcatalog_generated_info.plist_thinned --unthinned /var/folders/fj/v77kf6rs4dz1ybsm1_1_qhb00000gn/T/chainworks-test-gates/p042-swift-20260420T063001Z-DerivedData/Build/Intermediates.noindex/Chainworks\ Forge.build/Debug/Chainworks\ Forge.build/assetcatalog_output/unthinned --unthinned-dependencies /var/folders/fj/v77kf6rs4dz1ybsm1_1_qhb00000gn/T/chainworks-test-gates/p042-swift-20260420T063001Z-DerivedData/Build/Intermediates.noindex/Chainworks\ Forge.build/Debug/Chainworks\ Forge.build/assetcatalog_dependencies_unthinned --unthinned-info-plist-content /var/folders/fj/v77kf6rs4dz1ybsm1_1_qhb00000gn/T/chainworks-test-gates/p042-swift-20260420T063001Z-DerivedData/Build/Intermediates.noindex/Chainworks\ Forge.build/Debug/Chainworks\ Forge.build/assetcatalog_generated_info.plist_unthinned --output /var/folders/fj/v77kf6rs4dz1ybsm1_1_qhb00000gn/T/chainworks-test-gates/p042-swift-20260420T063001Z-DerivedData/Build/Products/Debug/Chainworks\ Forge.app/Contents/Resources --plist-output /var/folders/fj/v77kf6rs4dz1ybsm1_1_qhb00000gn/T/chainworks-test-gates/p042-swift-20260420T063001Z-DerivedData/Build/Intermediates.noindex/Chainworks\ Forge.build/Debug/Chainworks\ Forge.build/assetcatalog_generated_info.plist
note: Emplaced /var/folders/fj/v77kf6rs4dz1ybsm1_1_qhb00000gn/T/chainworks-test-gates/p042-swift-20260420T063001Z-DerivedData/Build/Products/Debug/Chainworks Forge.app/Contents/Resources/AppIcon.icns (in target 'Chainworks Forge' from project 'Chainworks Forge')
note: Emplaced /var/folders/fj/v77kf6rs4dz1ybsm1_1_qhb00000gn/T/chainworks-test-gates/p042-swift-20260420T063001Z-DerivedData/Build/Products/Debug/Chainworks Forge.app/Contents/Resources/Assets.car (in target 'Chainworks Forge' from project 'Chainworks Forge')

ProcessInfoPlistFile /var/folders/fj/v77kf6rs4dz1ybsm1_1_qhb00000gn/T/chainworks-test-gates/p042-swift-20260420T063001Z-DerivedData/Build/Products/Debug/Chainworks\ Forge.app/Contents/Info.plist /var/folders/fj/v77kf6rs4dz1ybsm1_1_qhb00000gn/T/chainworks-test-gates/p042-swift-20260420T063001Z-DerivedData/Build/Intermediates.noindex/Chainworks\ Forge.build/Debug/Chainworks\ Forge.build/empty-Chainworks\ Forge.plist (in target 'Chainworks Forge' from project 'Chainworks Forge')
    cd /Users/user/Documents/Chainworks\ Forge
    builtin-infoPlistUtility /var/folders/fj/v77kf6rs4dz1ybsm1_1_qhb00000gn/T/chainworks-test-gates/p042-swift-20260420T063001Z-DerivedData/Build/Intermediates.noindex/Chainworks\ Forge.build/Debug/Chainworks\ Forge.build/empty-Chainworks\ Forge.plist -producttype com.apple.product-type.application -genpkginfo /var/folders/fj/v77kf6rs4dz1ybsm1_1_qhb00000gn/T/chainworks-test-gates/p042-swift-20260420T063001Z-DerivedData/Build/Products/Debug/Chainworks\ Forge.app/Contents/PkgInfo -expandbuildsettings -platform macosx -additionalcontentfile /var/folders/fj/v77kf6rs4dz1ybsm1_1_qhb00000gn/T/chainworks-test-gates/p042-swift-20260420T063001Z-DerivedData/Build/Intermediates.noindex/Chainworks\ Forge.build/Debug/Chainworks\ Forge.build/assetcatalog_generated_info.plist -scanforprivacyfile /var/folders/fj/v77kf6rs4dz1ybsm1_1_qhb00000gn/T/chainworks-test-gates/p042-swift-20260420T063001Z-DerivedData/Build/Products/Debug/Chainworks\ Forge.app/Contents/Frameworks/Yams_712EB057E_PackageProduct.framework -o /var/folders/fj/v77kf6rs4dz1ybsm1_1_qhb00000gn/T/chainworks-test-gates/p042-swift-20260420T063001Z-DerivedData/Build/Products/Debug/Chainworks\ Forge.app/Contents/Info.plist

SwiftExplicitDependencyGeneratePcm arm64 /var/folders/fj/v77kf6rs4dz1ybsm1_1_qhb00000gn/T/chainworks-test-gates/p042-swift-20260420T063001Z-DerivedData/ModuleCache.noindex/CoreServices-9CCS46B79Q66917QE3UXL3NL8.pcm

SwiftExplicitDependencyGeneratePcm arm64 /var/folders/fj/v77kf6rs4dz1ybsm1_1_qhb00000gn/T/chainworks-test-gates/p042-swift-20260420T063001Z-DerivedData/ModuleCache.noindex/CoreText-AF70KIJXZUO27S6HIQCQWS6C4.pcm

SwiftExplicitDependencyGeneratePcm arm64 /var/folders/fj/v77kf6rs4dz1ybsm1_1_qhb00000gn/T/chainworks-test-gates/p042-swift-20260420T063001Z-DerivedData/ModuleCache.noindex/ImageIO-QVOM0505LT9IXXE2KF09ECSD.pcm

SwiftExplicitDependencyGeneratePcm arm64 /var/folders/fj/v77kf6rs4dz1ybsm1_1_qhb00000gn/T/chainworks-test-gates/p042-swift-20260420T063001Z-DerivedData/ModuleCache.noindex/Foundation-AMSCGWOB7RFN8WYG3NLV8E8VT.pcm

SwiftExplicitDependencyGeneratePcm arm64 /var/folders/fj/v77kf6rs4dz1ybsm1_1_qhb00000gn/T/chainworks-test-gates/p042-swift-20260420T063001Z-DerivedData/ModuleCache.noindex/IOSurface-D9P87GMRMWT6Q9I7FJG8LRK5Q.pcm

SwiftExplicitDependencyGeneratePcm arm64 /var/folders/fj/v77kf6rs4dz1ybsm1_1_qhb00000gn/T/chainworks-test-gates/p042-swift-20260420T063001Z-DerivedData/ModuleCache.noindex/ApplicationServices-3GS53OQNIZVUADTMZHMJ1XPXU.pcm

SwiftExplicitDependencyGeneratePcm arm64 /var/folders/fj/v77kf6rs4dz1ybsm1_1_qhb00000gn/T/chainworks-test-gates/p042-swift-20260420T063001Z-DerivedData/ModuleCache.noindex/DataDetection-4VYG6A7WIK647M03Y9PO8W01K.pcm

SwiftExplicitDependencyGeneratePcm arm64 /var/folders/fj/v77kf6rs4dz1ybsm1_1_qhb00000gn/T/chainworks-test-gates/p042-swift-20260420T063001Z-DerivedData/ModuleCache.noindex/UniformTypeIdentifiers-141BKI8RX6DODY87MY3XV95KT.pcm

SwiftExplicitDependencyGeneratePcm arm64 /var/folders/fj/v77kf6rs4dz1ybsm1_1_qhb00000gn/T/chainworks-test-gates/p042-swift-20260420T063001Z-DerivedData/ModuleCache.noindex/OSLog-D2VL2PLJ31Q4F3UDMEBOYFLE3.pcm

SwiftExplicitDependencyGeneratePcm arm64 /var/folders/fj/v77kf6rs4dz1ybsm1_1_qhb00000gn/T/chainworks-test-gates/p042-swift-20260420T063001Z-DerivedData/ModuleCache.noindex/Accessibility-29AWYOQ9IVMTLNIA73YSDXO3Z.pcm

SwiftExplicitDependencyGeneratePcm arm64 /var/folders/fj/v77kf6rs4dz1ybsm1_1_qhb00000gn/T/chainworks-test-gates/p042-swift-20260420T063001Z-DerivedData/ModuleCache.noindex/ServiceManagement-4RZA65WHYSI92PZM7Z8AXQR0P.pcm

SwiftExplicitDependencyGeneratePcm arm64 /var/folders/fj/v77kf6rs4dz1ybsm1_1_qhb00000gn/T/chainworks-test-gates/p042-swift-20260420T063001Z-DerivedData/ModuleCache.noindex/LocalAuthentication-EI28II2KVPBJCHOLMOCY3GSQH.pcm

SwiftExplicitDependencyGeneratePcm arm64 /var/folders/fj/v77kf6rs4dz1ybsm1_1_qhb00000gn/T/chainworks-test-gates/p042-swift-20260420T063001Z-DerivedData/ModuleCache.noindex/CoreTransferable-3D9NE4WFKXG9NBJ21PVITHO.pcm

SwiftExplicitDependencyGeneratePcm arm64 /var/folders/fj/v77kf6rs4dz1ybsm1_1_qhb00000gn/T/chainworks-test-gates/p042-swift-20260420T063001Z-DerivedData/ModuleCache.noindex/CoreData-5ID0JEFTDCNF01DBA50GVLUC1.pcm

SwiftExplicitDependencyGeneratePcm arm64 /var/folders/fj/v77kf6rs4dz1ybsm1_1_qhb00000gn/T/chainworks-test-gates/p042-swift-20260420T063001Z-DerivedData/ModuleCache.noindex/Symbols-6K2PHK5S6Q025A8KHYAT0W738.pcm

SwiftExplicitDependencyGeneratePcm arm64 /var/folders/fj/v77kf6rs4dz1ybsm1_1_qhb00000gn/T/chainworks-test-gates/p042-swift-20260420T063001Z-DerivedData/ModuleCache.noindex/UserNotifications-B3YATJ0CYF1OX0W96AW0Y13HP.pcm

SwiftExplicitDependencyGeneratePcm arm64 /var/folders/fj/v77kf6rs4dz1ybsm1_1_qhb00000gn/T/chainworks-test-gates/p042-swift-20260420T063001Z-DerivedData/ModuleCache.noindex/Metal-7H9CXUQF2ND5QXAC18P2W17LW.pcm

SwiftExplicitDependencyGeneratePcm arm64 /var/folders/fj/v77kf6rs4dz1ybsm1_1_qhb00000gn/T/chainworks-test-gates/p042-swift-20260420T063001Z-DerivedData/ModuleCache.noindex/CoreVideo-EZOM0GBLRTYOSLK6MWYVXOJP4.pcm

SwiftExplicitDependencyGeneratePcm arm64 /var/folders/fj/v77kf6rs4dz1ybsm1_1_qhb00000gn/T/chainworks-test-gates/p042-swift-20260420T063001Z-DerivedData/ModuleCache.noindex/CoreImage-CKOV4S9QSLEZZI07GUESJFHRQ.pcm

SwiftExplicitDependencyGeneratePcm arm64 /var/folders/fj/v77kf6rs4dz1ybsm1_1_qhb00000gn/T/chainworks-test-gates/p042-swift-20260420T063001Z-DerivedData/ModuleCache.noindex/QuartzCore-BFC7311ECTZAALLNEWOD42TT4.pcm

SwiftExplicitDependencyGeneratePcm arm64 /var/folders/fj/v77kf6rs4dz1ybsm1_1_qhb00000gn/T/chainworks-test-gates/p042-swift-20260420T063001Z-DerivedData/ModuleCache.noindex/SwiftUICore-2E06U7VT9PI37GWGZCE1X38Q0.pcm

SwiftExplicitDependencyGeneratePcm arm64 /var/folders/fj/v77kf6rs4dz1ybsm1_1_qhb00000gn/T/chainworks-test-gates/p042-swift-20260420T063001Z-DerivedData/ModuleCache.noindex/AppKit-8XL96714VHWR228JR0LKSE5CG.pcm

SwiftExplicitDependencyGeneratePcm arm64 /var/folders/fj/v77kf6rs4dz1ybsm1_1_qhb00000gn/T/chainworks-test-gates/p042-swift-20260420T063001Z-DerivedData/ModuleCache.noindex/SwiftUI-9P7M3EHNDD0ZG2MAZ81B4LVV2.pcm

SwiftEmitModule normal arm64 Emitting\ module\ for\ Chainworks_Forge (in target 'Chainworks Forge' from project 'Chainworks Forge')

EmitSwiftModule normal arm64 (in target 'Chainworks Forge' from project 'Chainworks Forge')
    cd /Users/user/Documents/Chainworks\ Forge
    
/Users/user/Documents/Chainworks Forge/Chainworks Forge/Support/DaemonProcessSupervisor.swift:113:48: warning: call to main actor-isolated static method 'crashBudgetURL(appSupportDir:)' in a synchronous nonisolated context
        crashBudgetURL: URL = CrashBudgetFiles.crashBudgetURL(
                                               ^
/Users/user/Documents/Chainworks Forge/Chainworks Forge/Support/CrashBudgetReset.swift:48:17: note: calls to static method 'crashBudgetURL(appSupportDir:)' from outside of its actor context are implicitly asynchronous
    static func crashBudgetURL(appSupportDir: URL) -> URL {
                ^
/Users/user/Documents/Chainworks Forge/Chainworks Forge/Support/DaemonProcessSupervisor.swift:114:45: warning: call to main actor-isolated static method 'defaultAppSupportDir(fileManager:)' in a synchronous nonisolated context
            appSupportDir: CrashBudgetFiles.defaultAppSupportDir()
                                            ^
/Users/user/Documents/Chainworks Forge/Chainworks Forge/Support/CrashBudgetReset.swift:36:17: note: calls to static method 'defaultAppSupportDir(fileManager:)' from outside of its actor context are implicitly asynchronous
    static func defaultAppSupportDir(
                ^

SwiftCompile normal arm64 Compiling\ StatusCapsule.swift,\ AgentCatalogView.swift,\ AgentSessionInspector.swift,\ ApprovalGateView.swift,\ ArchivedIdeasView.swift,\ ArtifactContentRenderer.swift,\ ArtifactInspectorView.swift,\ BlockedRunRecoveryView.swift,\ CompletedRunExportHub.swift,\ DaemonLifecycleSurface.swift,\ DeliveryPreflightReportView.swift,\ FailedStageEvidencePanel.swift,\ FirstRunSetupWizard.swift,\ ForegroundBannerView.swift,\ IdeaListView.swift,\ IdeasArchiveView.swift,\ MenuBarStatusView.swift,\ MVPSignOffSummaryView.swift,\ PilotReadinessView.swift,\ PreflightReportView.swift,\ ProviderSettingsView.swift,\ ProviderSetupEvidencePanel.swift /Users/user/Documents/Chainworks\ Forge/Chainworks\ Forge/Support/StatusCapsule.swift /Users/user/Documents/Chainworks\ Forge/Chainworks\ Forge/Views/AgentCatalogView.swift /Users/user/Documents/Chainworks\ Forge/Chainworks\ Forge/Views/AgentSessionInspector.swift /Users/user/Documents/Chainworks\ Forge/Chainworks\ Forge/Views/ApprovalGateView.swift /Users/user/Documents/Chainworks\ Forge/Chainworks\ Forge/Views/ArchivedIdeasView.swift /Users/user/Documents/Chainworks\ Forge/Chainworks\ Forge/Views/ArtifactContentRenderer.swift /Users/user/Documents/Chainworks\ Forge/Chainworks\ Forge/Views/ArtifactInspectorView.swift /Users/user/Documents/Chainworks\ Forge/Chainworks\ Forge/Views/BlockedRunRecoveryView.swift /Users/user/Documents/Chainworks\ Forge/Chainworks\ Forge/Views/CompletedRunExportHub.swift /Users/user/Documents/Chainworks\ Forge/Chainworks\ Forge/Views/DaemonLifecycleSurface.swift /Users/user/Documents/Chainworks\ Forge/Chainworks\ Forge/Views/DeliveryPreflightReportView.swift /Users/user/Documents/Chainworks\ Forge/Chainworks\ Forge/Views/FailedStageEvidencePanel.swift /Users/user/Documents/Chainworks\ Forge/Chainworks\ Forge/Views/FirstRunSetupWizard.swift /Users/user/Documents/Chainworks\ Forge/Chainworks\ Forge/Views/ForegroundBannerView.swift /Users/user/Documents/Chainworks\ Forge/Chainworks\ Forge/Views/IdeaListView.swift /Users/user/Documents/Chainworks\ Forge/Chainworks\ Forge/Views/IdeasArchiveView.swift /Users/user/Documents/Chainworks\ Forge/Chainworks\ Forge/Views/MenuBarStatusView.swift /Users/user/Documents/Chainworks\ Forge/Chainworks\ Forge/Views/MVPSignOffSummaryView.swift /Users/user/Documents/Chainworks\ Forge/Chainworks\ Forge/Views/PilotReadinessView.swift /Users/user/Documents/Chainworks\ Forge/Chainworks\ Forge/Views/PreflightReportView.swift /Users/user/Documents/Chainworks\ Forge/Chainworks\ Forge/Views/ProviderSettingsView.swift /Users/user/Documents/Chainworks\ Forge/Chainworks\ Forge/Views/ProviderSetupEvidencePanel.swift (in target 'Chainworks Forge' from project 'Chainworks Forge')
SwiftCompile normal arm64 /Users/user/Documents/Chainworks\ Forge/Chainworks\ Forge/Support/StatusCapsule.swift (in target 'Chainworks Forge' from project 'Chainworks Forge')
    cd /Users/user/Documents/Chainworks\ Forge
    

SwiftCompile normal arm64 /Users/user/Documents/Chainworks\ Forge/Chainworks\ Forge/Views/AgentCatalogView.swift (in target 'Chainworks Forge' from project 'Chainworks Forge')
    cd /Users/user/Documents/Chainworks\ Forge
    

SwiftCompile normal arm64 /Users/user/Documents/Chainworks\ Forge/Chainworks\ Forge/Views/AgentSessionInspector.swift (in target 'Chainworks Forge' from project 'Chainworks Forge')
    cd /Users/user/Documents/Chainworks\ Forge
    

SwiftCompile normal arm64 /Users/user/Documents/Chainworks\ Forge/Chainworks\ Forge/Views/ApprovalGateView.swift (in target 'Chainworks Forge' from project 'Chainworks Forge')
    cd /Users/user/Documents/Chainworks\ Forge
    

SwiftCompile normal arm64 /Users/user/Documents/Chainworks\ Forge/Chainworks\ Forge/Views/ArchivedIdeasView.swift (in target 'Chainworks Forge' from project 'Chainworks Forge')
    cd /Users/user/Documents/Chainworks\ Forge
    

SwiftCompile normal arm64 /Users/user/Documents/Chainworks\ Forge/Chainworks\ Forge/Views/ArtifactContentRenderer.swift (in target 'Chainworks Forge' from project 'Chainworks Forge')
    cd /Users/user/Documents/Chainworks\ Forge
    
/Users/user/Documents/Chainworks Forge/Chainworks Forge/Views/ArtifactContentRenderer.swift:232:33: warning: call to main actor-isolated static method 'parseStandaloneImage(_:localRoots:policy:)' in a synchronous nonisolated context
            if let imageBlock = parseStandaloneImage(trimmed, localRoots: localRoots, policy: policy) {
                                ^
/Users/user/Documents/Chainworks Forge/Chainworks Forge/Views/ArtifactContentRenderer.swift:280:25: note: calls to static method 'parseStandaloneImage(_:localRoots:policy:)' from outside of its actor context are implicitly asynchronous
    private static func parseStandaloneImage(
                        ^
/Users/user/Documents/Chainworks Forge/Chainworks Forge/Views/ArtifactContentRenderer.swift:238:30: warning: call to main actor-isolated static method 'parseHeading' in a synchronous nonisolated context
            if let heading = parseHeading(trimmed) {
                             ^
/Users/user/Documents/Chainworks Forge/Chainworks Forge/Views/ArtifactContentRenderer.swift:304:25: note: calls to static method 'parseHeading' from outside of its actor context are implicitly asynchronous
    private static func parseHeading(_ line: String) -> MarkdownDocumentBlock? {
                        ^
/Users/user/Documents/Chainworks Forge/Chainworks Forge/Views/ArtifactContentRenderer.swift:244:32: warning: call to main actor-isolated static method 'parseCodeBlock(lines:startingAt:)' in a synchronous nonisolated context
            if let codeBlock = parseCodeBlock(lines: lines, startingAt: index) {
                               ^
/Users/user/Documents/Chainworks Forge/Chainworks Forge/Views/ArtifactContentRenderer.swift:317:25: note: calls to static method 'parseCodeBlock(lines:startingAt:)' from outside of its actor context are implicitly asynchronous
    private static func parseCodeBlock(lines: [String], startingAt index: Int) -> (language: String?, code: String, nextIndex: Int)? {
                        ^
/Users/user/Documents/Chainworks Forge/Chainworks Forge/Views/ArtifactContentRenderer.swift:250:33: warning: call to main actor-isolated static method 'parseTable(lines:startingAt:)' in a synchronous nonisolated context
            if let tableBlock = parseTable(lines: lines, startingAt: index) {
                                ^
/Users/user/Documents/Chainworks Forge/Chainworks Forge/Views/ArtifactContentRenderer.swift:345:25: note: calls to static method 'parseTable(lines:startingAt:)' from outside of its actor context are implicitly asynchronous
    private static func parseTable(lines: [String], startingAt index: Int) -> (table: MarkdownTableBlock, nextIndex: Int)? {
                        ^
/Users/user/Documents/Chainworks Forge/Chainworks Forge/Views/ArtifactContentRenderer.swift:256:32: warning: call to main actor-isolated static method 'parseList(lines:startingAt:)' in a synchronous nonisolated context
            if let listBlock = parseList(lines: lines, startingAt: index) {
                               ^
/Users/user/Documents/Chainworks Forge/Chainworks Forge/Views/ArtifactContentRenderer.swift:362:25: note: calls to static method 'parseList(lines:startingAt:)' from outside of its actor context are implicitly asynchronous
    private static func parseList(lines: [String], startingAt index: Int) -> (items: [MarkdownListItem], ordered: Bool, nextIndex: Int)? {
                        ^
/Users/user/Documents/Chainworks Forge/Chainworks Forge/Views/ArtifactContentRenderer.swift:262:33: warning: call to main actor-isolated static method 'parseBlockQuote(lines:startingAt:)' in a synchronous nonisolated context
            if let quoteBlock = parseBlockQuote(lines: lines, startingAt: index) {
                                ^
/Users/user/Documents/Chainworks Forge/Chainworks Forge/Views/ArtifactContentRenderer.swift:424:25: note: calls to static method 'parseBlockQuote(lines:startingAt:)' from outside of its actor context are implicitly asynchronous
    private static func parseBlockQuote(lines: [String], startingAt index: Int) -> (text: String, nextIndex: Int)? {
                        ^
/Users/user/Documents/Chainworks Forge/Chainworks Forge/Views/ArtifactContentRenderer.swift:268:29: warning: call to main actor-isolated static method 'parseParagraph(lines:startingAt:)' in a synchronous nonisolated context
            let paragraph = parseParagraph(lines: lines, startingAt: index)
                            ^
/Users/user/Documents/Chainworks Forge/Chainworks Forge/Views/ArtifactContentRenderer.swift:440:25: note: calls to static method 'parseParagraph(lines:startingAt:)' from outside of its actor context are implicitly asynchronous
    private static func parseParagraph(lines: [String], startingAt index: Int) -> (text: String, nextIndex: Int) {
                        ^

SwiftCompile normal arm64 /Users/user/Documents/Chainworks\ Forge/Chainworks\ Forge/Views/ArtifactInspectorView.swift (in target 'Chainworks Forge' from project 'Chainworks Forge')
    cd /Users/user/Documents/Chainworks\ Forge
    

SwiftCompile normal arm64 /Users/user/Documents/Chainworks\ Forge/Chainworks\ Forge/Views/BlockedRunRecoveryView.swift (in target 'Chainworks Forge' from project 'Chainworks Forge')
    cd /Users/user/Documents/Chainworks\ Forge
    

SwiftCompile normal arm64 /Users/user/Documents/Chainworks\ Forge/Chainworks\ Forge/Views/CompletedRunExportHub.swift (in target 'Chainworks Forge' from project 'Chainworks Forge')
    cd /Users/user/Documents/Chainworks\ Forge
    

SwiftCompile normal arm64 /Users/user/Documents/Chainworks\ Forge/Chainworks\ Forge/Views/DaemonLifecycleSurface.swift (in target 'Chainworks Forge' from project 'Chainworks Forge')
    cd /Users/user/Documents/Chainworks\ Forge
    
/Users/user/Documents/Chainworks Forge/Chainworks Forge/Views/DaemonLifecycleSurface.swift:37:25: warning: expression is 'async' but is not marked with 'await'; this is an error in the Swift 6 language mode
                    _ = try DiagnosticsBundleBuilder.export(
                        ^~~~~~~~~~~~~~~~~~~~~~~~~~~~~~~~~~~~
                            await 
/Users/user/Documents/Chainworks Forge/Chainworks Forge/Views/DaemonLifecycleSurface.swift:37:29: note: calls to static method 'export(inputs:to:exportedAt:)' from outside of its actor context are implicitly asynchronous
                    _ = try DiagnosticsBundleBuilder.export(
                            ^
/Users/user/Documents/Chainworks Forge/Chainworks Forge/Views/DaemonLifecycleSurface.swift:38:33: note: calls to static method 'defaults(status:)' from outside of its actor context are implicitly asynchronous
                        inputs: .defaults(status: status),
                                ^

SwiftCompile normal arm64 /Users/user/Documents/Chainworks\ Forge/Chainworks\ Forge/Views/DeliveryPreflightReportView.swift (in target 'Chainworks Forge' from project 'Chainworks Forge')
    cd /Users/user/Documents/Chainworks\ Forge
    

SwiftCompile normal arm64 /Users/user/Documents/Chainworks\ Forge/Chainworks\ Forge/Views/FailedStageEvidencePanel.swift (in target 'Chainworks Forge' from project 'Chainworks Forge')
    cd /Users/user/Documents/Chainworks\ Forge
    

SwiftCompile normal arm64 /Users/user/Documents/Chainworks\ Forge/Chainworks\ Forge/Views/FirstRunSetupWizard.swift (in target 'Chainworks Forge' from project 'Chainworks Forge')
    cd /Users/user/Documents/Chainworks\ Forge
    

SwiftCompile normal arm64 /Users/user/Documents/Chainworks\ Forge/Chainworks\ Forge/Views/ForegroundBannerView.swift (in target 'Chainworks Forge' from project 'Chainworks Forge')
    cd /Users/user/Documents/Chainworks\ Forge
    

SwiftCompile normal arm64 /Users/user/Documents/Chainworks\ Forge/Chainworks\ Forge/Views/IdeaListView.swift (in target 'Chainworks Forge' from project 'Chainworks Forge')
    cd /Users/user/Documents/Chainworks\ Forge
    

SwiftCompile normal arm64 /Users/user/Documents/Chainworks\ Forge/Chainworks\ Forge/Views/IdeasArchiveView.swift (in target 'Chainworks Forge' from project 'Chainworks Forge')
    cd /Users/user/Documents/Chainworks\ Forge
    

SwiftCompile normal arm64 /Users/user/Documents/Chainworks\ Forge/Chainworks\ Forge/Views/MenuBarStatusView.swift (in target 'Chainworks Forge' from project 'Chainworks Forge')
    cd /Users/user/Documents/Chainworks\ Forge
    

SwiftCompile normal arm64 /Users/user/Documents/Chainworks\ Forge/Chainworks\ Forge/Views/MVPSignOffSummaryView.swift (in target 'Chainworks Forge' from project 'Chainworks Forge')
    cd /Users/user/Documents/Chainworks\ Forge
    
/Users/user/Documents/Chainworks Forge/Chainworks Forge/Views/MVPSignOffSummaryView.swift:702:26: warning: no calls to throwing functions occur within 'try' expression
            let packet = try builder.buildCohortPacket(cohort: cohort, snapshot: snapshot)
                         ^

SwiftCompile normal arm64 /Users/user/Documents/Chainworks\ Forge/Chainworks\ Forge/Views/PilotReadinessView.swift (in target 'Chainworks Forge' from project 'Chainworks Forge')
    cd /Users/user/Documents/Chainworks\ Forge
    

SwiftCompile normal arm64 /Users/user/Documents/Chainworks\ Forge/Chainworks\ Forge/Views/PreflightReportView.swift (in target 'Chainworks Forge' from project 'Chainworks Forge')
    cd /Users/user/Documents/Chainworks\ Forge
    

SwiftCompile normal arm64 /Users/user/Documents/Chainworks\ Forge/Chainworks\ Forge/Views/ProviderSettingsView.swift (in target 'Chainworks Forge' from project 'Chainworks Forge')
    cd /Users/user/Documents/Chainworks\ Forge
    

SwiftCompile normal arm64 /Users/user/Documents/Chainworks\ Forge/Chainworks\ Forge/Views/ProviderSetupEvidencePanel.swift (in target 'Chainworks Forge' from project 'Chainworks Forge')
    cd /Users/user/Documents/Chainworks\ Forge
    

SwiftCompile normal arm64 Compiling\ DeliveryPreflightService.swift,\ DeliveryReceiptBuilder.swift,\ EvidencePackBuilder.swift,\ ExecutionEventBridge.swift,\ ExecutionReceiptBuilder.swift,\ ExecutionService.swift,\ FailedStageEvidenceBuilder.swift,\ FixtureACPTransport.swift,\ GitReleaseService.swift,\ IdeaArchiveService.swift,\ ImplementationDeliveryPreset.swift,\ ImplementationFailureArtifactSynthesizer.swift,\ InvocationOwnerKeyBuilder.swift,\ ManualBaselineImport.swift,\ MCPPolicyRuntime.swift,\ MVPSignOffEvaluator.swift,\ NotificationService.swift,\ OutputContractDeclarativeBridge.swift,\ OutputContractResolverV2.swift,\ OutputContractSchemaV2.swift,\ OutputContractTemplates.swift,\ OutputRetrievalSLOProbe.swift,\ PersistedRunGraph.swift /Users/user/Documents/Chainworks\ Forge/Chainworks\ Forge/Engine/DeliveryPreflightService.swift /Users/user/Documents/Chainworks\ Forge/Chainworks\ Forge/Engine/DeliveryReceiptBuilder.swift /Users/user/Documents/Chainworks\ Forge/Chainworks\ Forge/Engine/EvidencePackBuilder.swift /Users/user/Documents/Chainworks\ Forge/Chainworks\ Forge/Engine/ExecutionEventBridge.swift /Users/user/Documents/Chainworks\ Forge/Chainworks\ Forge/Engine/ExecutionReceiptBuilder.swift /Users/user/Documents/Chainworks\ Forge/Chainworks\ Forge/Engine/ExecutionService.swift /Users/user/Documents/Chainworks\ Forge/Chainworks\ Forge/Engine/FailedStageEvidenceBuilder.swift /Users/user/Documents/Chainworks\ Forge/Chainworks\ Forge/Engine/FixtureACPTransport.swift /Users/user/Documents/Chainworks\ Forge/Chainworks\ Forge/Engine/GitReleaseService.swift /Users/user/Documents/Chainworks\ Forge/Chainworks\ Forge/Engine/IdeaArchiveService.swift /Users/user/Documents/Chainworks\ Forge/Chainworks\ Forge/Engine/ImplementationDeliveryPreset.swift /Users/user/Documents/Chainworks\ Forge/Chainworks\ Forge/Engine/ImplementationFailureArtifactSynthesizer.swift /Users/user/Documents/Chainworks\ Forge/Chainworks\ Forge/Engine/InvocationOwnerKeyBuilder.swift /Users/user/Documents/Chainworks\ Forge/Chainworks\ Forge/Engine/ManualBaselineImport.swift /Users/user/Documents/Chainworks\ Forge/Chainworks\ Forge/Engine/MCPPolicyRuntime.swift /Users/user/Documents/Chainworks\ Forge/Chainworks\ Forge/Engine/MVPSignOffEvaluator.swift /Users/user/Documents/Chainworks\ Forge/Chainworks\ Forge/Engine/NotificationService.swift /Users/user/Documents/Chainworks\ Forge/Chainworks\ Forge/Engine/OutputContractDeclarativeBridge.swift /Users/user/Documents/Chainworks\ Forge/Chainworks\ Forge/Engine/OutputContractResolverV2.swift /Users/user/Documents/Chainworks\ Forge/Chainworks\ Forge/Engine/OutputContractSchemaV2.swift /Users/user/Documents/Chainworks\ Forge/Chainworks\ Forge/Engine/OutputContractTemplates.swift /Users/user/Documents/Chainworks\ Forge/Chainworks\ Forge/Engine/OutputRetrievalSLOProbe.swift /Users/user/Documents/Chainworks\ Forge/Chainworks\ Forge/Engine/PersistedRunGraph.swift (in target 'Chainworks Forge' from project 'Chainworks Forge')

SwiftCompile normal arm64 /Users/user/Documents/Chainworks\ Forge/Chainworks\ Forge/Engine/DeliveryPreflightService.swift (in target 'Chainworks Forge' from project 'Chainworks Forge')
    cd /Users/user/Documents/Chainworks\ Forge
    

SwiftCompile normal arm64 /Users/user/Documents/Chainworks\ Forge/Chainworks\ Forge/Engine/DeliveryReceiptBuilder.swift (in target 'Chainworks Forge' from project 'Chainworks Forge')
    cd /Users/user/Documents/Chainworks\ Forge
    

SwiftCompile normal arm64 /Users/user/Documents/Chainworks\ Forge/Chainworks\ Forge/Engine/EvidencePackBuilder.swift (in target 'Chainworks Forge' from project 'Chainworks Forge')
    cd /Users/user/Documents/Chainworks\ Forge
    
/Users/user/Documents/Chainworks Forge/Chainworks Forge/Engine/EvidencePackBuilder.swift:138:14: warning: 'flatMap' is deprecated: Please use compactMap(_:) for the case where closure returns an optional value
            .flatMap { stage in
             ^
/Users/user/Documents/Chainworks Forge/Chainworks Forge/Engine/EvidencePackBuilder.swift:138:14: note: use 'compactMap(_:)' instead
            .flatMap { stage in
             ^~~~~~~
             compactMap

SwiftCompile normal arm64 /Users/user/Documents/Chainworks\ Forge/Chainworks\ Forge/Engine/ExecutionEventBridge.swift (in target 'Chainworks Forge' from project 'Chainworks Forge')
    cd /Users/user/Documents/Chainworks\ Forge
    

SwiftCompile normal arm64 /Users/user/Documents/Chainworks\ Forge/Chainworks\ Forge/Engine/ExecutionReceiptBuilder.swift (in target 'Chainworks Forge' from project 'Chainworks Forge')
    cd /Users/user/Documents/Chainworks\ Forge
    

SwiftCompile normal arm64 /Users/user/Documents/Chainworks\ Forge/Chainworks\ Forge/Engine/ExecutionService.swift (in target 'Chainworks Forge' from project 'Chainworks Forge')
    cd /Users/user/Documents/Chainworks\ Forge
    

SwiftCompile normal arm64 /Users/user/Documents/Chainworks\ Forge/Chainworks\ Forge/Engine/FailedStageEvidenceBuilder.swift (in target 'Chainworks Forge' from project 'Chainworks Forge')
    cd /Users/user/Documents/Chainworks\ Forge
    
/Users/user/Documents/Chainworks Forge/Chainworks Forge/Engine/FailedStageEvidenceBuilder.swift:61:55: warning: call to main actor-isolated static method 'decodeOutcomeEnvelope(from:)' in a synchronous nonisolated context
        let failedAgentEnvelope = failedAgent.flatMap(decodeOutcomeEnvelope(from:))
                                                      ^
/Users/user/Documents/Chainworks Forge/Chainworks Forge/Engine/FailedStageEvidenceBuilder.swift:87:25: note: calls to static method 'decodeOutcomeEnvelope(from:)' from outside of its actor context are implicitly asynchronous
    private static func decodeOutcomeEnvelope(from agent: AgentExecution) -> OutcomeEnvelope? {
                        ^

SwiftCompile normal arm64 /Users/user/Documents/Chainworks\ Forge/Chainworks\ Forge/Engine/FixtureACPTransport.swift (in target 'Chainworks Forge' from project 'Chainworks Forge')
    cd /Users/user/Documents/Chainworks\ Forge
    
/Users/user/Documents/Chainworks Forge/Chainworks Forge/Engine/FixtureACPTransport.swift:905:17: warning: result of 'try?' is unused
                try? handle.seekToEnd()
                ^~~~~~~~~~~~~~~~~~~~~~~

SwiftCompile normal arm64 /Users/user/Documents/Chainworks\ Forge/Chainworks\ Forge/Engine/GitReleaseService.swift (in target 'Chainworks Forge' from project 'Chainworks Forge')
    cd /Users/user/Documents/Chainworks\ Forge
    

SwiftCompile normal arm64 /Users/user/Documents/Chainworks\ Forge/Chainworks\ Forge/Engine/IdeaArchiveService.swift (in target 'Chainworks Forge' from project 'Chainworks Forge')
    cd /Users/user/Documents/Chainworks\ Forge
    

SwiftCompile normal arm64 /Users/user/Documents/Chainworks\ Forge/Chainworks\ Forge/Engine/ImplementationDeliveryPreset.swift (in target 'Chainworks Forge' from project 'Chainworks Forge')
    cd /Users/user/Documents/Chainworks\ Forge
    

SwiftCompile normal arm64 /Users/user/Documents/Chainworks\ Forge/Chainworks\ Forge/Engine/ImplementationFailureArtifactSynthesizer.swift (in target 'Chainworks Forge' from project 'Chainworks Forge')
    cd /Users/user/Documents/Chainworks\ Forge
    
/Users/user/Documents/Chainworks Forge/Chainworks Forge/Engine/ImplementationFailureArtifactSynthesizer.swift:46:65: warning: main actor-isolated static property 'progressArtifactName' can not be referenced from a nonisolated context
                "deferred_items": missingOutputs.filter { $0 != progressArtifactName },
                                                                ^
/Users/user/Documents/Chainworks Forge/Chainworks Forge/Engine/ImplementationFailureArtifactSynthesizer.swift:4:16: note: static property declared here
    static let progressArtifactName = "implementation_progress"
               ^
/Users/user/Documents/Chainworks Forge/Chainworks Forge/Engine/ImplementationFailureArtifactSynthesizer.swift:41:20: warning: main actor-isolated static property 'progressArtifactName' cannot be accessed from outside of the actor; this is an error in the Swift 6 language mode
        if outputs[progressArtifactName] == nil, expectedOutputs.contains(progressArtifactName) {
           ~~~~~~~~^~~~~~~~~~~~~~~~~~~~~~~~~~~~
           await 
/Users/user/Documents/Chainworks Forge/Chainworks Forge/Engine/ImplementationFailureArtifactSynthesizer.swift:41:75: warning: main actor-isolated static property 'progressArtifactName' cannot be accessed from outside of the actor; this is an error in the Swift 6 language mode
        if outputs[progressArtifactName] == nil, expectedOutputs.contains(progressArtifactName) {
                                                 ~~~~~~~~~~~~~~~~~~~~~~~~~^~~~~~~~~~~~~~~~~~~~~
                                                 await 
/Users/user/Documents/Chainworks Forge/Chainworks Forge/Engine/ImplementationFailureArtifactSynthesizer.swift:42:21: warning: main actor-isolated static property 'progressArtifactName' cannot be accessed from outside of the actor; this is an error in the Swift 6 language mode
            outputs[progressArtifactName] = makeJSONData([
            ~~~~~~~~^~~~~~~~~~~~~~~~~~~~~
            await 
/Users/user/Documents/Chainworks Forge/Chainworks Forge/Engine/ImplementationFailureArtifactSynthesizer.swift:51:20: warning: main actor-isolated static property 'selfAssessmentArtifactName' cannot be accessed from outside of the actor; this is an error in the Swift 6 language mode
        if outputs[selfAssessmentArtifactName] == nil, expectedOutputs.contains(selfAssessmentArtifactName) {
           ~~~~~~~~^~~~~~~~~~~~~~~~~~~~~~~~~~~~~~~~~~
           await 
/Users/user/Documents/Chainworks Forge/Chainworks Forge/Engine/ImplementationFailureArtifactSynthesizer.swift:51:81: warning: main actor-isolated static property 'selfAssessmentArtifactName' cannot be accessed from outside of the actor; this is an error in the Swift 6 language mode
        if outputs[selfAssessmentArtifactName] == nil, expectedOutputs.contains(selfAssessmentArtifactName) {
                                                       ~~~~~~~~~~~~~~~~~~~~~~~~~^~~~~~~~~~~~~~~~~~~~~~~~~~~
                                                       await 
/Users/user/Documents/Chainworks Forge/Chainworks Forge/Engine/ImplementationFailureArtifactSynthesizer.swift:52:21: warning: main actor-isolated static property 'selfAssessmentArtifactName' cannot be accessed from outside of the actor; this is an error in the Swift 6 language mode
            outputs[selfAssessmentArtifactName] = makeJSONData([
            ~~~~~~~~^~~~~~~~~~~~~~~~~~~~~~~~~~~
            await 
/Users/user/Documents/Chainworks Forge/Chainworks Forge/Engine/ImplementationFailureArtifactSynthesizer.swift:61:20: warning: main actor-isolated static property 'changedFilesArtifactName' cannot be accessed from outside of the actor; this is an error in the Swift 6 language mode
        if outputs[changedFilesArtifactName] == nil, expectedOutputs.contains(changedFilesArtifactName) {
           ~~~~~~~~^~~~~~~~~~~~~~~~~~~~~~~~~~~~~~~~
           await 
/Users/user/Documents/Chainworks Forge/Chainworks Forge/Engine/ImplementationFailureArtifactSynthesizer.swift:61:79: warning: main actor-isolated static property 'changedFilesArtifactName' cannot be accessed from outside of the actor; this is an error in the Swift 6 language mode
        if outputs[changedFilesArtifactName] == nil, expectedOutputs.contains(changedFilesArtifactName) {
                                                     ~~~~~~~~~~~~~~~~~~~~~~~~~^~~~~~~~~~~~~~~~~~~~~~~~~
                                                     await 
/Users/user/Documents/Chainworks Forge/Chainworks Forge/Engine/ImplementationFailureArtifactSynthesizer.swift:62:21: warning: main actor-isolated static property 'changedFilesArtifactName' cannot be accessed from outside of the actor; this is an error in the Swift 6 language mode
            outputs[changedFilesArtifactName] = makeJSONData([
            ~~~~~~~~^~~~~~~~~~~~~~~~~~~~~~~~~
            await 
/Users/user/Documents/Chainworks Forge/Chainworks Forge/Engine/ImplementationFailureArtifactSynthesizer.swift:70:20: warning: main actor-isolated static property 'testsResultArtifactName' cannot be accessed from outside of the actor; this is an error in the Swift 6 language mode
        if outputs[testsResultArtifactName] == nil, expectedOutputs.contains(testsResultArtifactName) {
           ~~~~~~~~^~~~~~~~~~~~~~~~~~~~~~~~~~~~~~~
           await 
/Users/user/Documents/Chainworks Forge/Chainworks Forge/Engine/ImplementationFailureArtifactSynthesizer.swift:70:78: warning: main actor-isolated static property 'testsResultArtifactName' cannot be accessed from outside of the actor; this is an error in the Swift 6 language mode
        if outputs[testsResultArtifactName] == nil, expectedOutputs.contains(testsResultArtifactName) {
                                                    ~~~~~~~~~~~~~~~~~~~~~~~~~^~~~~~~~~~~~~~~~~~~~~~~~
                                                    await 
/Users/user/Documents/Chainworks Forge/Chainworks Forge/Engine/ImplementationFailureArtifactSynthesizer.swift:71:21: warning: main actor-isolated static property 'testsResultArtifactName' cannot be accessed from outside of the actor; this is an error in the Swift 6 language mode
            outputs[testsResultArtifactName] = makeJSONData([
            ~~~~~~~~^~~~~~~~~~~~~~~~~~~~~~~~
            await 
/Users/user/Documents/Chainworks Forge/Chainworks Forge/Engine/ImplementationFailureArtifactSynthesizer.swift:81:9: warning: main actor-isolated static property 'supportedArtifactNames' can not be referenced from a nonisolated context
        supportedArtifactNames.allSatisfy { outputs[$0] != nil }
        ^
/Users/user/Documents/Chainworks Forge/Chainworks Forge/Engine/ImplementationFailureArtifactSynthesizer.swift:9:24: note: static property declared here
    private static let supportedArtifactNames: Set<String> = [
                       ^
/Users/user/Documents/Chainworks Forge/Chainworks Forge/Engine/ImplementationFailureArtifactSynthesizer.swift:92:17: warning: main actor-isolated static property 'supportedArtifactNames' can not be referenced from a nonisolated context
        return !supportedArtifactNames.isDisjoint(with: expectedOutputs)
                ^
/Users/user/Documents/Chainworks Forge/Chainworks Forge/Engine/ImplementationFailureArtifactSynthesizer.swift:9:24: note: static property declared here
    private static let supportedArtifactNames: Set<String> = [
                       ^

SwiftCompile normal arm64 /Users/user/Documents/Chainworks\ Forge/Chainworks\ Forge/Engine/InvocationOwnerKeyBuilder.swift (in target 'Chainworks Forge' from project 'Chainworks Forge')
    cd /Users/user/Documents/Chainworks\ Forge
    

SwiftCompile normal arm64 /Users/user/Documents/Chainworks\ Forge/Chainworks\ Forge/Engine/ManualBaselineImport.swift (in target 'Chainworks Forge' from project 'Chainworks Forge')
    cd /Users/user/Documents/Chainworks\ Forge
    

SwiftCompile normal arm64 /Users/user/Documents/Chainworks\ Forge/Chainworks\ Forge/Engine/MCPPolicyRuntime.swift (in target 'Chainworks Forge' from project 'Chainworks Forge')
    cd /Users/user/Documents/Chainworks\ Forge
    
/Users/user/Documents/Chainworks Forge/Chainworks Forge/Engine/MCPPolicyRuntime.swift:267:13: warning: variable 'warnings' was never mutated; consider changing to 'let' constant
        var warnings: [String] = []
        ~~~ ^
        let

SwiftCompile normal arm64 /Users/user/Documents/Chainworks\ Forge/Chainworks\ Forge/Engine/MVPSignOffEvaluator.swift (in target 'Chainworks Forge' from project 'Chainworks Forge')
    cd /Users/user/Documents/Chainworks\ Forge
    

SwiftCompile normal arm64 /Users/user/Documents/Chainworks\ Forge/Chainworks\ Forge/Engine/NotificationService.swift (in target 'Chainworks Forge' from project 'Chainworks Forge')
    cd /Users/user/Documents/Chainworks\ Forge
    

SwiftCompile normal arm64 /Users/user/Documents/Chainworks\ Forge/Chainworks\ Forge/Engine/OutputContractDeclarativeBridge.swift (in target 'Chainworks Forge' from project 'Chainworks Forge')
    cd /Users/user/Documents/Chainworks\ Forge
    

SwiftCompile normal arm64 /Users/user/Documents/Chainworks\ Forge/Chainworks\ Forge/Engine/OutputContractResolverV2.swift (in target 'Chainworks Forge' from project 'Chainworks Forge')
    cd /Users/user/Documents/Chainworks\ Forge
    

SwiftCompile normal arm64 /Users/user/Documents/Chainworks\ Forge/Chainworks\ Forge/Engine/OutputContractSchemaV2.swift (in target 'Chainworks Forge' from project 'Chainworks Forge')
    cd /Users/user/Documents/Chainworks\ Forge
    

SwiftCompile normal arm64 /Users/user/Documents/Chainworks\ Forge/Chainworks\ Forge/Engine/OutputContractTemplates.swift (in target 'Chainworks Forge' from project 'Chainworks Forge')
    cd /Users/user/Documents/Chainworks\ Forge
    

SwiftCompile normal arm64 /Users/user/Documents/Chainworks\ Forge/Chainworks\ Forge/Engine/OutputRetrievalSLOProbe.swift (in target 'Chainworks Forge' from project 'Chainworks Forge')
    cd /Users/user/Documents/Chainworks\ Forge
    

SwiftCompile normal arm64 /Users/user/Documents/Chainworks\ Forge/Chainworks\ Forge/Engine/PersistedRunGraph.swift (in target 'Chainworks Forge' from project 'Chainworks Forge')
    cd /Users/user/Documents/Chainworks\ Forge
    

SwiftCompile normal arm64 Compiling\ ProviderTroubleshootingPanel.swift,\ RecoverySheet.swift,\ ReleaseGateView.swift,\ RunArtifactHierarchyView.swift,\ RunComparisonView.swift,\ RunProgressView.swift,\ RunReportView.swift,\ RunsHomeView.swift,\ RunStartModePresentation.swift,\ RunStartOverridesView.swift,\ RunSurfacePaneRouting.swift,\ RunTimelineInspectorView.swift,\ SessionReuseBadge.swift,\ StageDetailView.swift,\ StartRunSheet.swift,\ StrategyBadge.swift,\ UITestDirectSurfaces.swift,\ WorkflowInspectorView.swift,\ WorkflowMapView.swift,\ Chainworks_ForgeApp.swift,\ ContentView.swift,\ GeneratedAssetSymbols.swift /Users/user/Documents/Chainworks\ Forge/Chainworks\ Forge/Views/ProviderTroubleshootingPanel.swift /Users/user/Documents/Chainworks\ Forge/Chainworks\ Forge/Views/RecoverySheet.swift /Users/user/Documents/Chainworks\ Forge/Chainworks\ Forge/Views/ReleaseGateView.swift /Users/user/Documents/Chainworks\ Forge/Chainworks\ Forge/Views/RunArtifactHierarchyView.swift /Users/user/Documents/Chainworks\ Forge/Chainworks\ Forge/Views/RunComparisonView.swift /Users/user/Documents/Chainworks\ Forge/Chainworks\ Forge/Views/RunProgressView.swift /Users/user/Documents/Chainworks\ Forge/Chainworks\ Forge/Views/RunReportView.swift /Users/user/Documents/Chainworks\ Forge/Chainworks\ Forge/Views/RunsHomeView.swift /Users/user/Documents/Chainworks\ Forge/Chainworks\ Forge/Views/RunStartModePresentation.swift /Users/user/Documents/Chainworks\ Forge/Chainworks\ Forge/Views/RunStartOverridesView.swift /Users/user/Documents/Chainworks\ Forge/Chainworks\ Forge/Views/RunSurfacePaneRouting.swift /Users/user/Documents/Chainworks\ Forge/Chainworks\ Forge/Views/RunTimelineInspectorView.swift /Users/user/Documents/Chainworks\ Forge/Chainworks\ Forge/Views/SessionReuseBadge.swift /Users/user/Documents/Chainworks\ Forge/Chainworks\ Forge/Views/StageDetailView.swift /Users/user/Documents/Chainworks\ Forge/Chainworks\ Forge/Views/StartRunSheet.swift /Users/user/Documents/Chainworks\ Forge/Chainworks\ Forge/Views/StrategyBadge.swift /Users/user/Documents/Chainworks\ Forge/Chainworks\ Forge/Views/UITestDirectSurfaces.swift /Users/user/Documents/Chainworks\ Forge/Chainworks\ Forge/Views/WorkflowInspectorView.swift /Users/user/Documents/Chainworks\ Forge/Chainworks\ Forge/Views/WorkflowMapView.swift /Users/user/Documents/Chainworks\ Forge/Chainworks\ Forge/Chainworks_ForgeApp.swift /Users/user/Documents/Chainworks\ Forge/Chainworks\ Forge/ContentView.swift /var/folders/fj/v77kf6rs4dz1ybsm1_1_qhb00000gn/T/chainworks-test-gates/p042-swift-20260420T063001Z-DerivedData/Build/Intermediates.noindex/Chainworks\ Forge.build/Debug/Chainworks\ Forge.build/DerivedSources/GeneratedAssetSymbols.swift (in target 'Chainworks Forge' from project 'Chainworks Forge')

SwiftCompile normal arm64 /Users/user/Documents/Chainworks\ Forge/Chainworks\ Forge/Views/ProviderTroubleshootingPanel.swift (in target 'Chainworks Forge' from project 'Chainworks Forge')
    cd /Users/user/Documents/Chainworks\ Forge
    

SwiftCompile normal arm64 /Users/user/Documents/Chainworks\ Forge/Chainworks\ Forge/Views/RecoverySheet.swift (in target 'Chainworks Forge' from project 'Chainworks Forge')
    cd /Users/user/Documents/Chainworks\ Forge
    

SwiftCompile normal arm64 /Users/user/Documents/Chainworks\ Forge/Chainworks\ Forge/Views/ReleaseGateView.swift (in target 'Chainworks Forge' from project 'Chainworks Forge')
    cd /Users/user/Documents/Chainworks\ Forge
    
/Users/user/Documents/Chainworks Forge/Chainworks Forge/Views/ReleaseGateView.swift:304:24: warning: value 'changedFiles' was defined but never used; consider replacing with boolean test
                if let changedFiles = artifacts.first(where: { $0.name == "changed_files_manifest" }) {
                   ~~~~^~~~~~~~~~~~~~~
                                                                                                      != nil

SwiftCompile normal arm64 /Users/user/Documents/Chainworks\ Forge/Chainworks\ Forge/Views/RunArtifactHierarchyView.swift (in target 'Chainworks Forge' from project 'Chainworks Forge')
    cd /Users/user/Documents/Chainworks\ Forge
    

SwiftCompile normal arm64 /Users/user/Documents/Chainworks\ Forge/Chainworks\ Forge/Views/RunComparisonView.swift (in target 'Chainworks Forge' from project 'Chainworks Forge')
    cd /Users/user/Documents/Chainworks\ Forge
    

SwiftCompile normal arm64 /Users/user/Documents/Chainworks\ Forge/Chainworks\ Forge/Views/RunProgressView.swift (in target 'Chainworks Forge' from project 'Chainworks Forge')
    cd /Users/user/Documents/Chainworks\ Forge
    

SwiftCompile normal arm64 /Users/user/Documents/Chainworks\ Forge/Chainworks\ Forge/Views/RunReportView.swift (in target 'Chainworks Forge' from project 'Chainworks Forge')
    cd /Users/user/Documents/Chainworks\ Forge
    

SwiftCompile normal arm64 /Users/user/Documents/Chainworks\ Forge/Chainworks\ Forge/Views/RunsHomeView.swift (in target 'Chainworks Forge' from project 'Chainworks Forge')
    cd /Users/user/Documents/Chainworks\ Forge
    

SwiftCompile normal arm64 /Users/user/Documents/Chainworks\ Forge/Chainworks\ Forge/Views/RunStartModePresentation.swift (in target 'Chainworks Forge' from project 'Chainworks Forge')
    cd /Users/user/Documents/Chainworks\ Forge
    

SwiftCompile normal arm64 /Users/user/Documents/Chainworks\ Forge/Chainworks\ Forge/Views/RunStartOverridesView.swift (in target 'Chainworks Forge' from project 'Chainworks Forge')
    cd /Users/user/Documents/Chainworks\ Forge
    

SwiftCompile normal arm64 /Users/user/Documents/Chainworks\ Forge/Chainworks\ Forge/Views/RunSurfacePaneRouting.swift (in target 'Chainworks Forge' from project 'Chainworks Forge')
    cd /Users/user/Documents/Chainworks\ Forge
    

SwiftCompile normal arm64 /Users/user/Documents/Chainworks\ Forge/Chainworks\ Forge/Views/RunTimelineInspectorView.swift (in target 'Chainworks Forge' from project 'Chainworks Forge')
    cd /Users/user/Documents/Chainworks\ Forge
    
/Users/user/Documents/Chainworks Forge/Chainworks Forge/Views/RunTimelineInspectorView.swift:381:18: warning: call to main actor-isolated static method 'compactLine' in a synchronous nonisolated context
            .map(compactLine)
                 ^
/Users/user/Documents/Chainworks Forge/Chainworks Forge/Views/RunTimelineInspectorView.swift:387:25: note: calls to static method 'compactLine' from outside of its actor context are implicitly asynchronous
    private static func compactLine(_ line: String) -> String {
                        ^

SwiftCompile normal arm64 /Users/user/Documents/Chainworks\ Forge/Chainworks\ Forge/Views/SessionReuseBadge.swift (in target 'Chainworks Forge' from project 'Chainworks Forge')
    cd /Users/user/Documents/Chainworks\ Forge
    

SwiftCompile normal arm64 /Users/user/Documents/Chainworks\ Forge/Chainworks\ Forge/Views/StageDetailView.swift (in target 'Chainworks Forge' from project 'Chainworks Forge')
    cd /Users/user/Documents/Chainworks\ Forge
    

SwiftCompile normal arm64 /Users/user/Documents/Chainworks\ Forge/Chainworks\ Forge/Views/StartRunSheet.swift (in target 'Chainworks Forge' from project 'Chainworks Forge')
    cd /Users/user/Documents/Chainworks\ Forge
    

SwiftCompile normal arm64 /Users/user/Documents/Chainworks\ Forge/Chainworks\ Forge/Views/StrategyBadge.swift (in target 'Chainworks Forge' from project 'Chainworks Forge')
    cd /Users/user/Documents/Chainworks\ Forge
    

SwiftCompile normal arm64 /Users/user/Documents/Chainworks\ Forge/Chainworks\ Forge/Views/UITestDirectSurfaces.swift (in target 'Chainworks Forge' from project 'Chainworks Forge')
    cd /Users/user/Documents/Chainworks\ Forge
    

SwiftCompile normal arm64 /Users/user/Documents/Chainworks\ Forge/Chainworks\ Forge/Views/WorkflowInspectorView.swift (in target 'Chainworks Forge' from project 'Chainworks Forge')
    cd /Users/user/Documents/Chainworks\ Forge
    

SwiftCompile normal arm64 /Users/user/Documents/Chainworks\ Forge/Chainworks\ Forge/Views/WorkflowMapView.swift (in target 'Chainworks Forge' from project 'Chainworks Forge')
    cd /Users/user/Documents/Chainworks\ Forge
    

SwiftCompile normal arm64 /Users/user/Documents/Chainworks\ Forge/Chainworks\ Forge/Chainworks_ForgeApp.swift (in target 'Chainworks Forge' from project 'Chainworks Forge')
    cd /Users/user/Documents/Chainworks\ Forge
    

SwiftCompile normal arm64 /Users/user/Documents/Chainworks\ Forge/Chainworks\ Forge/ContentView.swift (in target 'Chainworks Forge' from project 'Chainworks Forge')
    cd /Users/user/Documents/Chainworks\ Forge
    

SwiftCompile normal arm64 /var/folders/fj/v77kf6rs4dz1ybsm1_1_qhb00000gn/T/chainworks-test-gates/p042-swift-20260420T063001Z-DerivedData/Build/Intermediates.noindex/Chainworks\ Forge.build/Debug/Chainworks\ Forge.build/DerivedSources/GeneratedAssetSymbols.swift (in target 'Chainworks Forge' from project 'Chainworks Forge')
    cd /Users/user/Documents/Chainworks\ Forge
    

SwiftCompile normal arm64 Compiling\ ForgeSpacing.swift,\ ForgeStatusColor.swift,\ ForgeTypography.swift,\ AppConfiguration.swift,\ AppConfigurationStore.swift,\ ArtifactPathClipboard.swift,\ BenchmarkCohortDefinition.swift,\ BootstrapConfigurationResolver.swift,\ CrashBudgetReset.swift,\ DaemonLifecycleClient.swift,\ DaemonProcessSupervisor.swift,\ DesignTokens.swift,\ DiagnosticsBundle.swift,\ EmptyStateView.swift,\ ForgeLogger.swift,\ MVPBoundaryPolicy.swift,\ NotificationPreferences.swift,\ PersistentStoreRepair.swift,\ PreviewSupport.swift,\ ProjectRootPolicy.swift,\ SecurityScopedAccess.swift,\ SettingsTransferService.swift /Users/user/Documents/Chainworks\ Forge/Chainworks\ Forge/Support/Design/ForgeSpacing.swift /Users/user/Documents/Chainworks\ Forge/Chainworks\ Forge/Support/Design/ForgeStatusColor.swift /Users/user/Documents/Chainworks\ Forge/Chainworks\ Forge/Support/Design/ForgeTypography.swift /Users/user/Documents/Chainworks\ Forge/Chainworks\ Forge/Support/AppConfiguration.swift /Users/user/Documents/Chainworks\ Forge/Chainworks\ Forge/Support/AppConfigurationStore.swift /Users/user/Documents/Chainworks\ Forge/Chainworks\ Forge/Support/ArtifactPathClipboard.swift /Users/user/Documents/Chainworks\ Forge/Chainworks\ Forge/Support/BenchmarkCohortDefinition.swift /Users/user/Documents/Chainworks\ Forge/Chainworks\ Forge/Support/BootstrapConfigurationResolver.swift /Users/user/Documents/Chainworks\ Forge/Chainworks\ Forge/Support/CrashBudgetReset.swift /Users/user/Documents/Chainworks\ Forge/Chainworks\ Forge/Support/DaemonLifecycleClient.swift /Users/user/Documents/Chainworks\ Forge/Chainworks\ Forge/Support/DaemonProcessSupervisor.swift /Users/user/Documents/Chainworks\ Forge/Chainworks\ Forge/Support/DesignTokens.swift /Users/user/Documents/Chainworks\ Forge/Chainworks\ Forge/Support/DiagnosticsBundle.swift /Users/user/Documents/Chainworks\ Forge/Chainworks\ Forge/Support/EmptyStateView.swift /Users/user/Documents/Chainworks\ Forge/Chainworks\ Forge/Support/ForgeLogger.swift /Users/user/Documents/Chainworks\ Forge/Chainworks\ Forge/Support/MVPBoundaryPolicy.swift /Users/user/Documents/Chainworks\ Forge/Chainworks\ Forge/Support/NotificationPreferences.swift /Users/user/Documents/Chainworks\ Forge/Chainworks\ Forge/Support/PersistentStoreRepair.swift /Users/user/Documents/Chainworks\ Forge/Chainworks\ Forge/Support/PreviewSupport.swift /Users/user/Documents/Chainworks\ Forge/Chainworks\ Forge/Support/ProjectRootPolicy.swift /Users/user/Documents/Chainworks\ Forge/Chainworks\ Forge/Support/SecurityScopedAccess.swift /Users/user/Documents/Chainworks\ Forge/Chainworks\ Forge/Support/SettingsTransferService.swift (in target 'Chainworks Forge' from project 'Chainworks Forge')

SwiftCompile normal arm64 /Users/user/Documents/Chainworks\ Forge/Chainworks\ Forge/Support/Design/ForgeSpacing.swift (in target 'Chainworks Forge' from project 'Chainworks Forge')
    cd /Users/user/Documents/Chainworks\ Forge
    

SwiftCompile normal arm64 /Users/user/Documents/Chainworks\ Forge/Chainworks\ Forge/Support/Design/ForgeStatusColor.swift (in target 'Chainworks Forge' from project 'Chainworks Forge')
    cd /Users/user/Documents/Chainworks\ Forge
    

SwiftCompile normal arm64 /Users/user/Documents/Chainworks\ Forge/Chainworks\ Forge/Support/Design/ForgeTypography.swift (in target 'Chainworks Forge' from project 'Chainworks Forge')
    cd /Users/user/Documents/Chainworks\ Forge
    

SwiftCompile normal arm64 /Users/user/Documents/Chainworks\ Forge/Chainworks\ Forge/Support/AppConfiguration.swift (in target 'Chainworks Forge' from project 'Chainworks Forge')
    cd /Users/user/Documents/Chainworks\ Forge
    

SwiftCompile normal arm64 /Users/user/Documents/Chainworks\ Forge/Chainworks\ Forge/Support/AppConfigurationStore.swift (in target 'Chainworks Forge' from project 'Chainworks Forge')
    cd /Users/user/Documents/Chainworks\ Forge
    

SwiftCompile normal arm64 /Users/user/Documents/Chainworks\ Forge/Chainworks\ Forge/Support/ArtifactPathClipboard.swift (in target 'Chainworks Forge' from project 'Chainworks Forge')
    cd /Users/user/Documents/Chainworks\ Forge
    

SwiftCompile normal arm64 /Users/user/Documents/Chainworks\ Forge/Chainworks\ Forge/Support/BenchmarkCohortDefinition.swift (in target 'Chainworks Forge' from project 'Chainworks Forge')
    cd /Users/user/Documents/Chainworks\ Forge
    

SwiftCompile normal arm64 /Users/user/Documents/Chainworks\ Forge/Chainworks\ Forge/Support/BootstrapConfigurationResolver.swift (in target 'Chainworks Forge' from project 'Chainworks Forge')
    cd /Users/user/Documents/Chainworks\ Forge
    

SwiftCompile normal arm64 /Users/user/Documents/Chainworks\ Forge/Chainworks\ Forge/Support/CrashBudgetReset.swift (in target 'Chainworks Forge' from project 'Chainworks Forge')
    cd /Users/user/Documents/Chainworks\ Forge
    

SwiftCompile normal arm64 /Users/user/Documents/Chainworks\ Forge/Chainworks\ Forge/Support/DaemonLifecycleClient.swift (in target 'Chainworks Forge' from project 'Chainworks Forge')
    cd /Users/user/Documents/Chainworks\ Forge
    

SwiftCompile normal arm64 /Users/user/Documents/Chainworks\ Forge/Chainworks\ Forge/Support/DaemonProcessSupervisor.swift (in target 'Chainworks Forge' from project 'Chainworks Forge')
    cd /Users/user/Documents/Chainworks\ Forge
    
/Users/user/Documents/Chainworks Forge/Chainworks Forge/Support/DaemonProcessSupervisor.swift:113:48: warning: call to main actor-isolated static method 'crashBudgetURL(appSupportDir:)' in a synchronous nonisolated context
        crashBudgetURL: URL = CrashBudgetFiles.crashBudgetURL(
                                               ^
/Users/user/Documents/Chainworks Forge/Chainworks Forge/Support/CrashBudgetReset.swift:48:17: note: calls to static method 'crashBudgetURL(appSupportDir:)' from outside of its actor context are implicitly asynchronous
    static func crashBudgetURL(appSupportDir: URL) -> URL {
                ^
/Users/user/Documents/Chainworks Forge/Chainworks Forge/Support/DaemonProcessSupervisor.swift:114:45: warning: call to main actor-isolated static method 'defaultAppSupportDir(fileManager:)' in a synchronous nonisolated context
            appSupportDir: CrashBudgetFiles.defaultAppSupportDir()
                                            ^
/Users/user/Documents/Chainworks Forge/Chainworks Forge/Support/CrashBudgetReset.swift:36:17: note: calls to static method 'defaultAppSupportDir(fileManager:)' from outside of its actor context are implicitly asynchronous
    static func defaultAppSupportDir(
                ^

SwiftCompile normal arm64 /Users/user/Documents/Chainworks\ Forge/Chainworks\ Forge/Support/DesignTokens.swift (in target 'Chainworks Forge' from project 'Chainworks Forge')
    cd /Users/user/Documents/Chainworks\ Forge
    

SwiftCompile normal arm64 /Users/user/Documents/Chainworks\ Forge/Chainworks\ Forge/Support/DiagnosticsBundle.swift (in target 'Chainworks Forge' from project 'Chainworks Forge')
    cd /Users/user/Documents/Chainworks\ Forge
    
/Users/user/Documents/Chainworks Forge/Chainworks Forge/Support/DiagnosticsBundle.swift:106:33: warning: call to main actor-isolated static method 'defaultSystemInfo()' in a synchronous nonisolated context
            systemInfoProducer: DiagnosticsBundleBuilder.defaultSystemInfo
                                ^
/Users/user/Documents/Chainworks Forge/Chainworks Forge/Support/DiagnosticsBundle.swift:276:17: note: calls to static method 'defaultSystemInfo()' from outside of its actor context are implicitly asynchronous
    static func defaultSystemInfo() -> String {
                ^

SwiftCompile normal arm64 /Users/user/Documents/Chainworks\ Forge/Chainworks\ Forge/Support/EmptyStateView.swift (in target 'Chainworks Forge' from project 'Chainworks Forge')
    cd /Users/user/Documents/Chainworks\ Forge
    

SwiftCompile normal arm64 /Users/user/Documents/Chainworks\ Forge/Chainworks\ Forge/Support/ForgeLogger.swift (in target 'Chainworks Forge' from project 'Chainworks Forge')
    cd /Users/user/Documents/Chainworks\ Forge
    

SwiftCompile normal arm64 /Users/user/Documents/Chainworks\ Forge/Chainworks\ Forge/Support/MVPBoundaryPolicy.swift (in target 'Chainworks Forge' from project 'Chainworks Forge')
    cd /Users/user/Documents/Chainworks\ Forge
    

SwiftCompile normal arm64 /Users/user/Documents/Chainworks\ Forge/Chainworks\ Forge/Support/NotificationPreferences.swift (in target 'Chainworks Forge' from project 'Chainworks Forge')
    cd /Users/user/Documents/Chainworks\ Forge
    

SwiftCompile normal arm64 /Users/user/Documents/Chainworks\ Forge/Chainworks\ Forge/Support/PersistentStoreRepair.swift (in target 'Chainworks Forge' from project 'Chainworks Forge')
    cd /Users/user/Documents/Chainworks\ Forge
    

SwiftCompile normal arm64 /Users/user/Documents/Chainworks\ Forge/Chainworks\ Forge/Support/PreviewSupport.swift (in target 'Chainworks Forge' from project 'Chainworks Forge')
    cd /Users/user/Documents/Chainworks\ Forge
    

SwiftCompile normal arm64 /Users/user/Documents/Chainworks\ Forge/Chainworks\ Forge/Support/ProjectRootPolicy.swift (in target 'Chainworks Forge' from project 'Chainworks Forge')
    cd /Users/user/Documents/Chainworks\ Forge
    

SwiftCompile normal arm64 /Users/user/Documents/Chainworks\ Forge/Chainworks\ Forge/Support/SecurityScopedAccess.swift (in target 'Chainworks Forge' from project 'Chainworks Forge')
    cd /Users/user/Documents/Chainworks\ Forge
    

SwiftCompile normal arm64 /Users/user/Documents/Chainworks\ Forge/Chainworks\ Forge/Support/SettingsTransferService.swift (in target 'Chainworks Forge' from project 'Chainworks Forge')
    cd /Users/user/Documents/Chainworks\ Forge
    

SwiftCompile normal arm64 Compiling\ RuntimeHelperProcessJanitor.swift,\ RuntimeSessionBridge.swift,\ RuntimeTransport.swift,\ SampleRunLauncher.swift,\ SessionLineageReportBridge.swift,\ SessionResetAuditTrail.swift,\ SessionResetCoordinator.swift,\ SessionReuseKPIExporter.swift,\ SessionReusePolicy.swift,\ SessionReuseReceiptFields.swift,\ SignOffEvidencePackBuilder.swift,\ SimulatedAgentExecutor.swift,\ SourceContextBuilder.swift,\ StageRetryCoordinator.swift,\ StrategyExperimentCoordinator.swift,\ StructuredOutputEnvelope.swift,\ StructuredOutputSchemaGate.swift,\ SupportBundleExporter.swift,\ TransitionEvaluator.swift,\ ValidationFailureRecord.swift,\ WorkflowMapProjection.swift,\ WorkflowMapProjectionService.swift /Users/user/Documents/Chainworks\ Forge/Chainworks\ Forge/Engine/RuntimeHelperProcessJanitor.swift /Users/user/Documents/Chainworks\ Forge/Chainworks\ Forge/Engine/RuntimeSessionBridge.swift /Users/user/Documents/Chainworks\ Forge/Chainworks\ Forge/Engine/RuntimeTransport.swift /Users/user/Documents/Chainworks\ Forge/Chainworks\ Forge/Engine/SampleRunLauncher.swift /Users/user/Documents/Chainworks\ Forge/Chainworks\ Forge/Engine/SessionLineageReportBridge.swift /Users/user/Documents/Chainworks\ Forge/Chainworks\ Forge/Engine/SessionResetAuditTrail.swift /Users/user/Documents/Chainworks\ Forge/Chainworks\ Forge/Engine/SessionResetCoordinator.swift /Users/user/Documents/Chainworks\ Forge/Chainworks\ Forge/Engine/SessionReuseKPIExporter.swift /Users/user/Documents/Chainworks\ Forge/Chainworks\ Forge/Engine/SessionReusePolicy.swift /Users/user/Documents/Chainworks\ Forge/Chainworks\ Forge/Engine/SessionReuseReceiptFields.swift /Users/user/Documents/Chainworks\ Forge/Chainworks\ Forge/Engine/SignOffEvidencePackBuilder.swift /Users/user/Documents/Chainworks\ Forge/Chainworks\ Forge/Engine/SimulatedAgentExecutor.swift /Users/user/Documents/Chainworks\ Forge/Chainworks\ Forge/Engine/SourceContextBuilder.swift /Users/user/Documents/Chainworks\ Forge/Chainworks\ Forge/Engine/StageRetryCoordinator.swift /Users/user/Documents/Chainworks\ Forge/Chainworks\ Forge/Engine/StrategyExperimentCoordinator.swift /Users/user/Documents/Chainworks\ Forge/Chainworks\ Forge/Engine/StructuredOutputEnvelope.swift /Users/user/Documents/Chainworks\ Forge/Chainworks\ Forge/Engine/StructuredOutputSchemaGate.swift /Users/user/Documents/Chainworks\ Forge/Chainworks\ Forge/Engine/SupportBundleExporter.swift /Users/user/Documents/Chainworks\ Forge/Chainworks\ Forge/Engine/TransitionEvaluator.swift /Users/user/Documents/Chainworks\ Forge/Chainworks\ Forge/Engine/ValidationFailureRecord.swift /Users/user/Documents/Chainworks\ Forge/Chainworks\ Forge/Engine/WorkflowMapProjection.swift /Users/user/Documents/Chainworks\ Forge/Chainworks\ Forge/Engine/WorkflowMapProjectionService.swift (in target 'Chainworks Forge' from project 'Chainworks Forge')

SwiftCompile normal arm64 /Users/user/Documents/Chainworks\ Forge/Chainworks\ Forge/Engine/RuntimeHelperProcessJanitor.swift (in target 'Chainworks Forge' from project 'Chainworks Forge')
    cd /Users/user/Documents/Chainworks\ Forge
    
/Users/user/Documents/Chainworks Forge/Chainworks Forge/Engine/RuntimeHelperProcessJanitor.swift:60:69: warning: main actor-isolated static property 'staleThreshold' can not be referenced from a nonisolated autoclosure
            && (elapsedSeconds(from: snapshot.elapsedTime) ?? 0) >= staleThreshold
                                                                    ^
/Users/user/Documents/Chainworks Forge/Chainworks Forge/Engine/RuntimeHelperProcessJanitor.swift:16:16: note: static property declared here
    static let staleThreshold: TimeInterval = 300
               ^

SwiftCompile normal arm64 /Users/user/Documents/Chainworks\ Forge/Chainworks\ Forge/Engine/RuntimeSessionBridge.swift (in target 'Chainworks Forge' from project 'Chainworks Forge')
    cd /Users/user/Documents/Chainworks\ Forge
    

SwiftCompile normal arm64 /Users/user/Documents/Chainworks\ Forge/Chainworks\ Forge/Engine/RuntimeTransport.swift (in target 'Chainworks Forge' from project 'Chainworks Forge')
    cd /Users/user/Documents/Chainworks\ Forge
    

SwiftCompile normal arm64 /Users/user/Documents/Chainworks\ Forge/Chainworks\ Forge/Engine/SampleRunLauncher.swift (in target 'Chainworks Forge' from project 'Chainworks Forge')
    cd /Users/user/Documents/Chainworks\ Forge
    

SwiftCompile normal arm64 /Users/user/Documents/Chainworks\ Forge/Chainworks\ Forge/Engine/SessionLineageReportBridge.swift (in target 'Chainworks Forge' from project 'Chainworks Forge')
    cd /Users/user/Documents/Chainworks\ Forge
    

SwiftCompile normal arm64 /Users/user/Documents/Chainworks\ Forge/Chainworks\ Forge/Engine/SessionResetAuditTrail.swift (in target 'Chainworks Forge' from project 'Chainworks Forge')
    cd /Users/user/Documents/Chainworks\ Forge
    

SwiftCompile normal arm64 /Users/user/Documents/Chainworks\ Forge/Chainworks\ Forge/Engine/SessionResetCoordinator.swift (in target 'Chainworks Forge' from project 'Chainworks Forge')
    cd /Users/user/Documents/Chainworks\ Forge
    

SwiftCompile normal arm64 /Users/user/Documents/Chainworks\ Forge/Chainworks\ Forge/Engine/SessionReuseKPIExporter.swift (in target 'Chainworks Forge' from project 'Chainworks Forge')
    cd /Users/user/Documents/Chainworks\ Forge
    

SwiftCompile normal arm64 /Users/user/Documents/Chainworks\ Forge/Chainworks\ Forge/Engine/SessionReusePolicy.swift (in target 'Chainworks Forge' from project 'Chainworks Forge')
    cd /Users/user/Documents/Chainworks\ Forge
    

SwiftCompile normal arm64 /Users/user/Documents/Chainworks\ Forge/Chainworks\ Forge/Engine/SessionReuseReceiptFields.swift (in target 'Chainworks Forge' from project 'Chainworks Forge')
    cd /Users/user/Documents/Chainworks\ Forge
    

SwiftCompile normal arm64 /Users/user/Documents/Chainworks\ Forge/Chainworks\ Forge/Engine/SignOffEvidencePackBuilder.swift (in target 'Chainworks Forge' from project 'Chainworks Forge')
    cd /Users/user/Documents/Chainworks\ Forge
    

SwiftCompile normal arm64 /Users/user/Documents/Chainworks\ Forge/Chainworks\ Forge/Engine/SimulatedAgentExecutor.swift (in target 'Chainworks Forge' from project 'Chainworks Forge')
    cd /Users/user/Documents/Chainworks\ Forge
    
/Users/user/Documents/Chainworks Forge/Chainworks Forge/Engine/SimulatedAgentExecutor.swift:42:15: warning: instance method 'lock' is unavailable from asynchronous contexts; Use async-safe scoped locking instead; this is an error in the Swift 6 language mode
        _lock.lock()
              ^
Foundation.NSLock.lock:2:11: note: 'lock()' declared here
open func lock()}
          ^
/Users/user/Documents/Chainworks Forge/Chainworks Forge/Engine/SimulatedAgentExecutor.swift:44:15: warning: instance method 'unlock' is unavailable from asynchronous contexts; Use async-safe scoped locking instead; this is an error in the Swift 6 language mode
        _lock.unlock()
              ^
Foundation.NSLock.unlock:2:11: note: 'unlock()' declared here
open func unlock()}
          ^

SwiftCompile normal arm64 /Users/user/Documents/Chainworks\ Forge/Chainworks\ Forge/Engine/SourceContextBuilder.swift (in target 'Chainworks Forge' from project 'Chainworks Forge')
    cd /Users/user/Documents/Chainworks\ Forge
    

SwiftCompile normal arm64 /Users/user/Documents/Chainworks\ Forge/Chainworks\ Forge/Engine/StageRetryCoordinator.swift (in target 'Chainworks Forge' from project 'Chainworks Forge')
    cd /Users/user/Documents/Chainworks\ Forge
    

SwiftCompile normal arm64 /Users/user/Documents/Chainworks\ Forge/Chainworks\ Forge/Engine/StrategyExperimentCoordinator.swift (in target 'Chainworks Forge' from project 'Chainworks Forge')
    cd /Users/user/Documents/Chainworks\ Forge
    

SwiftCompile normal arm64 /Users/user/Documents/Chainworks\ Forge/Chainworks\ Forge/Engine/StructuredOutputEnvelope.swift (in target 'Chainworks Forge' from project 'Chainworks Forge')
    cd /Users/user/Documents/Chainworks\ Forge
    

SwiftCompile normal arm64 /Users/user/Documents/Chainworks\ Forge/Chainworks\ Forge/Engine/StructuredOutputSchemaGate.swift (in target 'Chainworks Forge' from project 'Chainworks Forge')
    cd /Users/user/Documents/Chainworks\ Forge
    

SwiftCompile normal arm64 /Users/user/Documents/Chainworks\ Forge/Chainworks\ Forge/Engine/SupportBundleExporter.swift (in target 'Chainworks Forge' from project 'Chainworks Forge')
    cd /Users/user/Documents/Chainworks\ Forge
    

SwiftCompile normal arm64 /Users/user/Documents/Chainworks\ Forge/Chainworks\ Forge/Engine/TransitionEvaluator.swift (in target 'Chainworks Forge' from project 'Chainworks Forge')
    cd /Users/user/Documents/Chainworks\ Forge
    

SwiftCompile normal arm64 /Users/user/Documents/Chainworks\ Forge/Chainworks\ Forge/Engine/ValidationFailureRecord.swift (in target 'Chainworks Forge' from project 'Chainworks Forge')
    cd /Users/user/Documents/Chainworks\ Forge
    

SwiftCompile normal arm64 /Users/user/Documents/Chainworks\ Forge/Chainworks\ Forge/Engine/WorkflowMapProjection.swift (in target 'Chainworks Forge' from project 'Chainworks Forge')
    cd /Users/user/Documents/Chainworks\ Forge
    

SwiftCompile normal arm64 /Users/user/Documents/Chainworks\ Forge/Chainworks\ Forge/Engine/WorkflowMapProjectionService.swift (in target 'Chainworks Forge' from project 'Chainworks Forge')
    cd /Users/user/Documents/Chainworks\ Forge
    

SwiftCompile normal arm64 Compiling\ AuggieProviderAdapter.swift,\ BackendProfileResolverV2.swift,\ ClaudeACPProviderAdapter.swift,\ CodexACPProviderAdapter.swift,\ ConfiguredProvider.swift,\ GeminiACPProviderAdapter.swift,\ JunieProviderAdapter.swift,\ KeychainSecretStore.swift,\ ProviderAdapter.swift,\ ProviderDiagnosticService.swift,\ ProviderExecutionReceipt.swift,\ ProviderRegistry.swift,\ ProviderSettings.swift,\ ProviderSettingsStore.swift,\ ProviderTroubleshootingService.swift,\ UsageReceiptNormalizer.swift,\ ForgeColor.swift,\ ForgeEmptyState.swift,\ ForgeIconBridge.swift,\ ForgePanel.swift,\ ForgeRadius.swift,\ ForgeSectionHeader.swift /Users/user/Documents/Chainworks\ Forge/Chainworks\ Forge/Providers/AuggieProviderAdapter.swift /Users/user/Documents/Chainworks\ Forge/Chainworks\ Forge/Providers/BackendProfileResolverV2.swift /Users/user/Documents/Chainworks\ Forge/Chainworks\ Forge/Providers/ClaudeACPProviderAdapter.swift /Users/user/Documents/Chainworks\ Forge/Chainworks\ Forge/Providers/CodexACPProviderAdapter.swift /Users/user/Documents/Chainworks\ Forge/Chainworks\ Forge/Providers/ConfiguredProvider.swift /Users/user/Documents/Chainworks\ Forge/Chainworks\ Forge/Providers/GeminiACPProviderAdapter.swift /Users/user/Documents/Chainworks\ Forge/Chainworks\ Forge/Providers/JunieProviderAdapter.swift /Users/user/Documents/Chainworks\ Forge/Chainworks\ Forge/Providers/KeychainSecretStore.swift /Users/user/Documents/Chainworks\ Forge/Chainworks\ Forge/Providers/ProviderAdapter.swift /Users/user/Documents/Chainworks\ Forge/Chainworks\ Forge/Providers/ProviderDiagnosticService.swift /Users/user/Documents/Chainworks\ Forge/Chainworks\ Forge/Providers/ProviderExecutionReceipt.swift /Users/user/Documents/Chainworks\ Forge/Chainworks\ Forge/Providers/ProviderRegistry.swift /Users/user/Documents/Chainworks\ Forge/Chainworks\ Forge/Providers/ProviderSettings.swift /Users/user/Documents/Chainworks\ Forge/Chainworks\ Forge/Providers/ProviderSettingsStore.swift /Users/user/Documents/Chainworks\ Forge/Chainworks\ Forge/Providers/ProviderTroubleshootingService.swift /Users/user/Documents/Chainworks\ Forge/Chainworks\ Forge/Providers/UsageReceiptNormalizer.swift /Users/user/Documents/Chainworks\ Forge/Chainworks\ Forge/Support/Design/ForgeColor.swift /Users/user/Documents/Chainworks\ Forge/Chainworks\ Forge/Support/Design/ForgeEmptyState.swift /Users/user/Documents/Chainworks\ Forge/Chainworks\ Forge/Support/Design/ForgeIconBridge.swift /Users/user/Documents/Chainworks\ Forge/Chainworks\ Forge/Support/Design/ForgePanel.swift /Users/user/Documents/Chainworks\ Forge/Chainworks\ Forge/Support/Design/ForgeRadius.swift /Users/user/Documents/Chainworks\ Forge/Chainworks\ Forge/Support/Design/ForgeSectionHeader.swift (in target 'Chainworks Forge' from project 'Chainworks Forge')

SwiftCompile normal arm64 /Users/user/Documents/Chainworks\ Forge/Chainworks\ Forge/Providers/AuggieProviderAdapter.swift (in target 'Chainworks Forge' from project 'Chainworks Forge')
    cd /Users/user/Documents/Chainworks\ Forge
    

SwiftCompile normal arm64 /Users/user/Documents/Chainworks\ Forge/Chainworks\ Forge/Providers/BackendProfileResolverV2.swift (in target 'Chainworks Forge' from project 'Chainworks Forge')
    cd /Users/user/Documents/Chainworks\ Forge
    

SwiftCompile normal arm64 /Users/user/Documents/Chainworks\ Forge/Chainworks\ Forge/Providers/ClaudeACPProviderAdapter.swift (in target 'Chainworks Forge' from project 'Chainworks Forge')
    cd /Users/user/Documents/Chainworks\ Forge
    

SwiftCompile normal arm64 /Users/user/Documents/Chainworks\ Forge/Chainworks\ Forge/Providers/CodexACPProviderAdapter.swift (in target 'Chainworks Forge' from project 'Chainworks Forge')
    cd /Users/user/Documents/Chainworks\ Forge
    

SwiftCompile normal arm64 /Users/user/Documents/Chainworks\ Forge/Chainworks\ Forge/Providers/ConfiguredProvider.swift (in target 'Chainworks Forge' from project 'Chainworks Forge')
    cd /Users/user/Documents/Chainworks\ Forge
    

SwiftCompile normal arm64 /Users/user/Documents/Chainworks\ Forge/Chainworks\ Forge/Providers/GeminiACPProviderAdapter.swift (in target 'Chainworks Forge' from project 'Chainworks Forge')
    cd /Users/user/Documents/Chainworks\ Forge
    

SwiftCompile normal arm64 /Users/user/Documents/Chainworks\ Forge/Chainworks\ Forge/Providers/JunieProviderAdapter.swift (in target 'Chainworks Forge' from project 'Chainworks Forge')
    cd /Users/user/Documents/Chainworks\ Forge
    

SwiftCompile normal arm64 /Users/user/Documents/Chainworks\ Forge/Chainworks\ Forge/Providers/KeychainSecretStore.swift (in target 'Chainworks Forge' from project 'Chainworks Forge')
    cd /Users/user/Documents/Chainworks\ Forge
    

SwiftCompile normal arm64 /Users/user/Documents/Chainworks\ Forge/Chainworks\ Forge/Providers/ProviderAdapter.swift (in target 'Chainworks Forge' from project 'Chainworks Forge')
    cd /Users/user/Documents/Chainworks\ Forge
    

SwiftCompile normal arm64 /Users/user/Documents/Chainworks\ Forge/Chainworks\ Forge/Providers/ProviderDiagnosticService.swift (in target 'Chainworks Forge' from project 'Chainworks Forge')
    cd /Users/user/Documents/Chainworks\ Forge
    

SwiftCompile normal arm64 /Users/user/Documents/Chainworks\ Forge/Chainworks\ Forge/Providers/ProviderExecutionReceipt.swift (in target 'Chainworks Forge' from project 'Chainworks Forge')
    cd /Users/user/Documents/Chainworks\ Forge
    

SwiftCompile normal arm64 /Users/user/Documents/Chainworks\ Forge/Chainworks\ Forge/Providers/ProviderRegistry.swift (in target 'Chainworks Forge' from project 'Chainworks Forge')
    cd /Users/user/Documents/Chainworks\ Forge
    

SwiftCompile normal arm64 /Users/user/Documents/Chainworks\ Forge/Chainworks\ Forge/Providers/ProviderSettings.swift (in target 'Chainworks Forge' from project 'Chainworks Forge')
    cd /Users/user/Documents/Chainworks\ Forge
    

SwiftCompile normal arm64 /Users/user/Documents/Chainworks\ Forge/Chainworks\ Forge/Providers/ProviderSettingsStore.swift (in target 'Chainworks Forge' from project 'Chainworks Forge')
    cd /Users/user/Documents/Chainworks\ Forge
    

SwiftCompile normal arm64 /Users/user/Documents/Chainworks\ Forge/Chainworks\ Forge/Providers/ProviderTroubleshootingService.swift (in target 'Chainworks Forge' from project 'Chainworks Forge')
    cd /Users/user/Documents/Chainworks\ Forge
    

SwiftCompile normal arm64 /Users/user/Documents/Chainworks\ Forge/Chainworks\ Forge/Providers/UsageReceiptNormalizer.swift (in target 'Chainworks Forge' from project 'Chainworks Forge')
    cd /Users/user/Documents/Chainworks\ Forge
    

SwiftCompile normal arm64 /Users/user/Documents/Chainworks\ Forge/Chainworks\ Forge/Support/Design/ForgeColor.swift (in target 'Chainworks Forge' from project 'Chainworks Forge')
    cd /Users/user/Documents/Chainworks\ Forge
    

SwiftCompile normal arm64 /Users/user/Documents/Chainworks\ Forge/Chainworks\ Forge/Support/Design/ForgeEmptyState.swift (in target 'Chainworks Forge' from project 'Chainworks Forge')
    cd /Users/user/Documents/Chainworks\ Forge
    

SwiftCompile normal arm64 /Users/user/Documents/Chainworks\ Forge/Chainworks\ Forge/Support/Design/ForgeIconBridge.swift (in target 'Chainworks Forge' from project 'Chainworks Forge')
    cd /Users/user/Documents/Chainworks\ Forge
    

SwiftCompile normal arm64 /Users/user/Documents/Chainworks\ Forge/Chainworks\ Forge/Support/Design/ForgePanel.swift (in target 'Chainworks Forge' from project 'Chainworks Forge')
    cd /Users/user/Documents/Chainworks\ Forge
    

SwiftCompile normal arm64 /Users/user/Documents/Chainworks\ Forge/Chainworks\ Forge/Support/Design/ForgeRadius.swift (in target 'Chainworks Forge' from project 'Chainworks Forge')
    cd /Users/user/Documents/Chainworks\ Forge
    

SwiftCompile normal arm64 /Users/user/Documents/Chainworks\ Forge/Chainworks\ Forge/Support/Design/ForgeSectionHeader.swift (in target 'Chainworks Forge' from project 'Chainworks Forge')
    cd /Users/user/Documents/Chainworks\ Forge
    

SwiftCompile normal arm64 Compiling\ AnomalyDetector.swift,\ CohortClassifier.swift,\ DegradationSignal.swift,\ MetricsCollector.swift,\ RunDossierBuilder.swift,\ StewardAnalysisService.swift,\ AgentExecutor.swift,\ AgentSessionCheckpointBuilder.swift,\ AgentSessionManager.swift,\ AppTerminationCoordinator.swift,\ ArtifactDiffService.swift,\ ArtifactManager.swift,\ ArtifactPersistenceOrderingPolicy.swift,\ ArtifactStorage.swift,\ BenchmarkExportStamping.swift,\ BenchmarkRunRecorder.swift,\ BindingFingerprintBuilder.swift,\ BlockedStageReportBuilder.swift,\ ConnectPublishService.swift,\ ContextBudgetGuard.swift,\ ContextStrategy.swift,\ DeclarativeCoverageReport.swift,\ DeliveryConfiguration.swift /Users/user/Documents/Chainworks\ Forge/Chainworks\ Forge/Engine/Steward/AnomalyDetector.swift /Users/user/Documents/Chainworks\ Forge/Chainworks\ Forge/Engine/Steward/CohortClassifier.swift /Users/user/Documents/Chainworks\ Forge/Chainworks\ Forge/Engine/Steward/DegradationSignal.swift /Users/user/Documents/Chainworks\ Forge/Chainworks\ Forge/Engine/Steward/MetricsCollector.swift /Users/user/Documents/Chainworks\ Forge/Chainworks\ Forge/Engine/Steward/RunDossierBuilder.swift /Users/user/Documents/Chainworks\ Forge/Chainworks\ Forge/Engine/Steward/StewardAnalysisService.swift /Users/user/Documents/Chainworks\ Forge/Chainworks\ Forge/Engine/AgentExecutor.swift /Users/user/Documents/Chainworks\ Forge/Chainworks\ Forge/Engine/AgentSessionCheckpointBuilder.swift /Users/user/Documents/Chainworks\ Forge/Chainworks\ Forge/Engine/AgentSessionManager.swift /Users/user/Documents/Chainworks\ Forge/Chainworks\ Forge/Engine/AppTerminationCoordinator.swift /Users/user/Documents/Chainworks\ Forge/Chainworks\ Forge/Engine/ArtifactDiffService.swift /Users/user/Documents/Chainworks\ Forge/Chainworks\ Forge/Engine/ArtifactManager.swift /Users/user/Documents/Chainworks\ Forge/Chainworks\ Forge/Engine/ArtifactPersistenceOrderingPolicy.swift /Users/user/Documents/Chainworks\ Forge/Chainworks\ Forge/Engine/ArtifactStorage.swift /Users/user/Documents/Chainworks\ Forge/Chainworks\ Forge/Engine/BenchmarkExportStamping.swift /Users/user/Documents/Chainworks\ Forge/Chainworks\ Forge/Engine/BenchmarkRunRecorder.swift /Users/user/Documents/Chainworks\ Forge/Chainworks\ Forge/Engine/BindingFingerprintBuilder.swift /Users/user/Documents/Chainworks\ Forge/Chainworks\ Forge/Engine/BlockedStageReportBuilder.swift /Users/user/Documents/Chainworks\ Forge/Chainworks\ Forge/Engine/ConnectPublishService.swift /Users/user/Documents/Chainworks\ Forge/Chainworks\ Forge/Engine/ContextBudgetGuard.swift /Users/user/Documents/Chainworks\ Forge/Chainworks\ Forge/Engine/ContextStrategy.swift /Users/user/Documents/Chainworks\ Forge/Chainworks\ Forge/Engine/DeclarativeCoverageReport.swift /Users/user/Documents/Chainworks\ Forge/Chainworks\ Forge/Engine/DeliveryConfiguration.swift (in target 'Chainworks Forge' from project 'Chainworks Forge')

SwiftCompile normal arm64 /Users/user/Documents/Chainworks\ Forge/Chainworks\ Forge/Engine/Steward/AnomalyDetector.swift (in target 'Chainworks Forge' from project 'Chainworks Forge')
    cd /Users/user/Documents/Chainworks\ Forge
    

SwiftCompile normal arm64 /Users/user/Documents/Chainworks\ Forge/Chainworks\ Forge/Engine/Steward/CohortClassifier.swift (in target 'Chainworks Forge' from project 'Chainworks Forge')
    cd /Users/user/Documents/Chainworks\ Forge
    

SwiftCompile normal arm64 /Users/user/Documents/Chainworks\ Forge/Chainworks\ Forge/Engine/Steward/DegradationSignal.swift (in target 'Chainworks Forge' from project 'Chainworks Forge')
    cd /Users/user/Documents/Chainworks\ Forge
    

SwiftCompile normal arm64 /Users/user/Documents/Chainworks\ Forge/Chainworks\ Forge/Engine/Steward/MetricsCollector.swift (in target 'Chainworks Forge' from project 'Chainworks Forge')
    cd /Users/user/Documents/Chainworks\ Forge
    

SwiftCompile normal arm64 /Users/user/Documents/Chainworks\ Forge/Chainworks\ Forge/Engine/Steward/RunDossierBuilder.swift (in target 'Chainworks Forge' from project 'Chainworks Forge')
    cd /Users/user/Documents/Chainworks\ Forge
    

SwiftCompile normal arm64 /Users/user/Documents/Chainworks\ Forge/Chainworks\ Forge/Engine/Steward/StewardAnalysisService.swift (in target 'Chainworks Forge' from project 'Chainworks Forge')
    cd /Users/user/Documents/Chainworks\ Forge
    

SwiftCompile normal arm64 /Users/user/Documents/Chainworks\ Forge/Chainworks\ Forge/Engine/AgentExecutor.swift (in target 'Chainworks Forge' from project 'Chainworks Forge')
    cd /Users/user/Documents/Chainworks\ Forge
    

SwiftCompile normal arm64 /Users/user/Documents/Chainworks\ Forge/Chainworks\ Forge/Engine/AgentSessionCheckpointBuilder.swift (in target 'Chainworks Forge' from project 'Chainworks Forge')
    cd /Users/user/Documents/Chainworks\ Forge
    

SwiftCompile normal arm64 /Users/user/Documents/Chainworks\ Forge/Chainworks\ Forge/Engine/AgentSessionManager.swift (in target 'Chainworks Forge' from project 'Chainworks Forge')
    cd /Users/user/Documents/Chainworks\ Forge
    

SwiftCompile normal arm64 /Users/user/Documents/Chainworks\ Forge/Chainworks\ Forge/Engine/AppTerminationCoordinator.swift (in target 'Chainworks Forge' from project 'Chainworks Forge')
    cd /Users/user/Documents/Chainworks\ Forge
    

SwiftCompile normal arm64 /Users/user/Documents/Chainworks\ Forge/Chainworks\ Forge/Engine/ArtifactDiffService.swift (in target 'Chainworks Forge' from project 'Chainworks Forge')
    cd /Users/user/Documents/Chainworks\ Forge
    

SwiftCompile normal arm64 /Users/user/Documents/Chainworks\ Forge/Chainworks\ Forge/Engine/ArtifactManager.swift (in target 'Chainworks Forge' from project 'Chainworks Forge')
    cd /Users/user/Documents/Chainworks\ Forge
    

SwiftCompile normal arm64 /Users/user/Documents/Chainworks\ Forge/Chainworks\ Forge/Engine/ArtifactPersistenceOrderingPolicy.swift (in target 'Chainworks Forge' from project 'Chainworks Forge')
    cd /Users/user/Documents/Chainworks\ Forge
    

SwiftCompile normal arm64 /Users/user/Documents/Chainworks\ Forge/Chainworks\ Forge/Engine/ArtifactStorage.swift (in target 'Chainworks Forge' from project 'Chainworks Forge')
    cd /Users/user/Documents/Chainworks\ Forge
    

SwiftCompile normal arm64 /Users/user/Documents/Chainworks\ Forge/Chainworks\ Forge/Engine/BenchmarkExportStamping.swift (in target 'Chainworks Forge' from project 'Chainworks Forge')
    cd /Users/user/Documents/Chainworks\ Forge
    

SwiftCompile normal arm64 /Users/user/Documents/Chainworks\ Forge/Chainworks\ Forge/Engine/BenchmarkRunRecorder.swift (in target 'Chainworks Forge' from project 'Chainworks Forge')
    cd /Users/user/Documents/Chainworks\ Forge
    

SwiftCompile normal arm64 /Users/user/Documents/Chainworks\ Forge/Chainworks\ Forge/Engine/BindingFingerprintBuilder.swift (in target 'Chainworks Forge' from project 'Chainworks Forge')
    cd /Users/user/Documents/Chainworks\ Forge
    

SwiftCompile normal arm64 /Users/user/Documents/Chainworks\ Forge/Chainworks\ Forge/Engine/BlockedStageReportBuilder.swift (in target 'Chainworks Forge' from project 'Chainworks Forge')
    cd /Users/user/Documents/Chainworks\ Forge
    

SwiftCompile normal arm64 /Users/user/Documents/Chainworks\ Forge/Chainworks\ Forge/Engine/ConnectPublishService.swift (in target 'Chainworks Forge' from project 'Chainworks Forge')
    cd /Users/user/Documents/Chainworks\ Forge
    

SwiftCompile normal arm64 /Users/user/Documents/Chainworks\ Forge/Chainworks\ Forge/Engine/ContextBudgetGuard.swift (in target 'Chainworks Forge' from project 'Chainworks Forge')
    cd /Users/user/Documents/Chainworks\ Forge
    

SwiftCompile normal arm64 /Users/user/Documents/Chainworks\ Forge/Chainworks\ Forge/Engine/ContextStrategy.swift (in target 'Chainworks Forge' from project 'Chainworks Forge')
    cd /Users/user/Documents/Chainworks\ Forge
    

SwiftCompile normal arm64 /Users/user/Documents/Chainworks\ Forge/Chainworks\ Forge/Engine/DeclarativeCoverageReport.swift (in target 'Chainworks Forge' from project 'Chainworks Forge')
    cd /Users/user/Documents/Chainworks\ Forge
    
/Users/user/Documents/Chainworks Forge/Chainworks Forge/Engine/DeclarativeCoverageReport.swift:10:9: warning: immutable property will not be decoded because it is declared with an initial value which cannot be overwritten
    let reportVersion: Int = 1
        ^
/Users/user/Documents/Chainworks Forge/Chainworks Forge/Engine/DeclarativeCoverageReport.swift:10:9: note: set the initial value via the initializer or explicitly define a CodingKeys enum including a 'reportVersion' case to silence this warning
    let reportVersion: Int = 1
        ^
/Users/user/Documents/Chainworks Forge/Chainworks Forge/Engine/DeclarativeCoverageReport.swift:10:9: note: make the property mutable instead
    let reportVersion: Int = 1
    ~~~ ^
    var

SwiftCompile normal arm64 /Users/user/Documents/Chainworks\ Forge/Chainworks\ Forge/Engine/DeliveryConfiguration.swift (in target 'Chainworks Forge' from project 'Chainworks Forge')
    cd /Users/user/Documents/Chainworks\ Forge
    

SwiftCompile normal arm64 Compiling\ AgentCatalog.swift,\ CompactNormalizer.swift,\ CompactWorkflowDefinition.swift,\ CompactWorkflowValidator.swift,\ DefinitionHasher.swift,\ StewardConfig.swift,\ WorkflowDefinition.swift,\ YAMLParser.swift,\ YAMLValidator.swift,\ ACPProtocolSupport.swift,\ ACPStreamEventMapper.swift,\ ACPSubprocessManager.swift,\ AuggieCLIACPTransport.swift,\ ClaudeAgentACPTransport.swift,\ CodexACPTransport.swift,\ GeminiCLIACPTransport.swift,\ JunieCLIACPTransport.swift,\ BuiltinSkillRegistry.swift,\ ExternalSkillLoader.swift,\ ResolvedSkill.swift,\ SkillInjector.swift,\ SkillResolver.swift,\ SkillRoleCustomizer.swift /Users/user/Documents/Chainworks\ Forge/Chainworks\ Forge/DSL/AgentCatalog.swift /Users/user/Documents/Chainworks\ Forge/Chainworks\ Forge/DSL/CompactNormalizer.swift /Users/user/Documents/Chainworks\ Forge/Chainworks\ Forge/DSL/CompactWorkflowDefinition.swift /Users/user/Documents/Chainworks\ Forge/Chainworks\ Forge/DSL/CompactWorkflowValidator.swift /Users/user/Documents/Chainworks\ Forge/Chainworks\ Forge/DSL/DefinitionHasher.swift /Users/user/Documents/Chainworks\ Forge/Chainworks\ Forge/DSL/StewardConfig.swift /Users/user/Documents/Chainworks\ Forge/Chainworks\ Forge/DSL/WorkflowDefinition.swift /Users/user/Documents/Chainworks\ Forge/Chainworks\ Forge/DSL/YAMLParser.swift /Users/user/Documents/Chainworks\ Forge/Chainworks\ Forge/DSL/YAMLValidator.swift /Users/user/Documents/Chainworks\ Forge/Chainworks\ Forge/Engine/ACPAdapters/ACPProtocolSupport.swift /Users/user/Documents/Chainworks\ Forge/Chainworks\ Forge/Engine/ACPAdapters/ACPStreamEventMapper.swift /Users/user/Documents/Chainworks\ Forge/Chainworks\ Forge/Engine/ACPAdapters/ACPSubprocessManager.swift /Users/user/Documents/Chainworks\ Forge/Chainworks\ Forge/Engine/ACPAdapters/AuggieCLIACPTransport.swift /Users/user/Documents/Chainworks\ Forge/Chainworks\ Forge/Engine/ACPAdapters/ClaudeAgentACPTransport.swift /Users/user/Documents/Chainworks\ Forge/Chainworks\ Forge/Engine/ACPAdapters/CodexACPTransport.swift /Users/user/Documents/Chainworks\ Forge/Chainworks\ Forge/Engine/ACPAdapters/GeminiCLIACPTransport.swift /Users/user/Documents/Chainworks\ Forge/Chainworks\ Forge/Engine/ACPAdapters/JunieCLIACPTransport.swift /Users/user/Documents/Chainworks\ Forge/Chainworks\ Forge/Engine/Skills/BuiltinSkillRegistry.swift /Users/user/Documents/Chainworks\ Forge/Chainworks\ Forge/Engine/Skills/ExternalSkillLoader.swift /Users/user/Documents/Chainworks\ Forge/Chainworks\ Forge/Engine/Skills/ResolvedSkill.swift /Users/user/Documents/Chainworks\ Forge/Chainworks\ Forge/Engine/Skills/SkillInjector.swift /Users/user/Documents/Chainworks\ Forge/Chainworks\ Forge/Engine/Skills/SkillResolver.swift /Users/user/Documents/Chainworks\ Forge/Chainworks\ Forge/Engine/Skills/SkillRoleCustomizer.swift (in target 'Chainworks Forge' from project 'Chainworks Forge')

SwiftCompile normal arm64 /Users/user/Documents/Chainworks\ Forge/Chainworks\ Forge/DSL/AgentCatalog.swift (in target 'Chainworks Forge' from project 'Chainworks Forge')
    cd /Users/user/Documents/Chainworks\ Forge
    

SwiftCompile normal arm64 /Users/user/Documents/Chainworks\ Forge/Chainworks\ Forge/DSL/CompactNormalizer.swift (in target 'Chainworks Forge' from project 'Chainworks Forge')
    cd /Users/user/Documents/Chainworks\ Forge
    

SwiftCompile normal arm64 /Users/user/Documents/Chainworks\ Forge/Chainworks\ Forge/DSL/CompactWorkflowDefinition.swift (in target 'Chainworks Forge' from project 'Chainworks Forge')
    cd /Users/user/Documents/Chainworks\ Forge
    

SwiftCompile normal arm64 /Users/user/Documents/Chainworks\ Forge/Chainworks\ Forge/DSL/CompactWorkflowValidator.swift (in target 'Chainworks Forge' from project 'Chainworks Forge')
    cd /Users/user/Documents/Chainworks\ Forge
    

SwiftCompile normal arm64 /Users/user/Documents/Chainworks\ Forge/Chainworks\ Forge/DSL/DefinitionHasher.swift (in target 'Chainworks Forge' from project 'Chainworks Forge')
    cd /Users/user/Documents/Chainworks\ Forge
    
/Users/user/Documents/Chainworks Forge/Chainworks Forge/DSL/DefinitionHasher.swift:15:24: warning: main actor-isolated static property 'canonicalEncoder' can not be referenced from a nonisolated context
        let data = try canonicalEncoder.encode(value)
                       ^
/Users/user/Documents/Chainworks Forge/Chainworks Forge/DSL/DefinitionHasher.swift:6:16: note: static property declared here
    static let canonicalEncoder: JSONEncoder = {
               ^

SwiftCompile normal arm64 /Users/user/Documents/Chainworks\ Forge/Chainworks\ Forge/DSL/StewardConfig.swift (in target 'Chainworks Forge' from project 'Chainworks Forge')
    cd /Users/user/Documents/Chainworks\ Forge
    

SwiftCompile normal arm64 /Users/user/Documents/Chainworks\ Forge/Chainworks\ Forge/DSL/WorkflowDefinition.swift (in target 'Chainworks Forge' from project 'Chainworks Forge')
    cd /Users/user/Documents/Chainworks\ Forge
    

SwiftCompile normal arm64 /Users/user/Documents/Chainworks\ Forge/Chainworks\ Forge/DSL/YAMLParser.swift (in target 'Chainworks Forge' from project 'Chainworks Forge')
    cd /Users/user/Documents/Chainworks\ Forge
    
/Users/user/Documents/Chainworks Forge/Chainworks Forge/DSL/YAMLParser.swift:25:38: warning: main actor-isolated conformance of 'AgentCatalog' to 'Decodable' cannot be used in nonisolated context; this is an error in the Swift 6 language mode
            return try YAMLDecoder().decode(AgentCatalog.self, from: yamlString)
                                     ^
/Users/user/Documents/Chainworks Forge/Chainworks Forge/DSL/YAMLParser.swift:34:38: warning: main actor-isolated conformance of 'WorkflowDefinition' to 'Decodable' cannot be used in nonisolated context; this is an error in the Swift 6 language mode
            return try YAMLDecoder().decode(WorkflowDefinition.self, from: yamlString)
                                     ^
/Users/user/Documents/Chainworks Forge/Chainworks Forge/DSL/YAMLParser.swift:43:38: warning: main actor-isolated conformance of 'CompactWorkflowDefinition' to 'Decodable' cannot be used in nonisolated context; this is an error in the Swift 6 language mode
            return try YAMLDecoder().decode(CompactWorkflowDefinition.self, from: yamlString)
                                     ^
/Users/user/Documents/Chainworks Forge/Chainworks Forge/DSL/YAMLParser.swift:52:38: warning: main actor-isolated conformance of 'StewardConfig' to 'Decodable' cannot be used in nonisolated context; this is an error in the Swift 6 language mode
            return try YAMLDecoder().decode(StewardConfig.self, from: yamlString)
                                     ^

SwiftCompile normal arm64 /Users/user/Documents/Chainworks\ Forge/Chainworks\ Forge/DSL/YAMLValidator.swift (in target 'Chainworks Forge' from project 'Chainworks Forge')
    cd /Users/user/Documents/Chainworks\ Forge
    

SwiftCompile normal arm64 /Users/user/Documents/Chainworks\ Forge/Chainworks\ Forge/Engine/ACPAdapters/ACPProtocolSupport.swift (in target 'Chainworks Forge' from project 'Chainworks Forge')
    cd /Users/user/Documents/Chainworks\ Forge
    

SwiftCompile normal arm64 /Users/user/Documents/Chainworks\ Forge/Chainworks\ Forge/Engine/ACPAdapters/ACPStreamEventMapper.swift (in target 'Chainworks Forge' from project 'Chainworks Forge')
    cd /Users/user/Documents/Chainworks\ Forge
    

SwiftCompile normal arm64 /Users/user/Documents/Chainworks\ Forge/Chainworks\ Forge/Engine/ACPAdapters/ACPSubprocessManager.swift (in target 'Chainworks Forge' from project 'Chainworks Forge')
    cd /Users/user/Documents/Chainworks\ Forge
    
/Users/user/Documents/Chainworks Forge/Chainworks Forge/Engine/ACPAdapters/ACPSubprocessManager.swift:190:25: warning: expression is 'async' but is not marked with 'await'; this is an error in the Swift 6 language mode
                        ForgeLogger.acpSubprocess.debug("Read \(chunk.count) bytes from stdout")
                        ^~~~~~~~~~~~~~~~~~~~~~~~~~~~~~~~~~~~~~~~~~~~~~~~~~~~~~~~~~~~~~~~~~~~~~~~
                        await 
/Users/user/Documents/Chainworks Forge/Chainworks Forge/Engine/ACPAdapters/ACPSubprocessManager.swift:190:25: note: calls to instance method 'debug' from outside of its actor context are implicitly asynchronous
                        ForgeLogger.acpSubprocess.debug("Read \(chunk.count) bytes from stdout")
                        ^
/Users/user/Documents/Chainworks Forge/Chainworks Forge/Engine/ACPAdapters/ACPSubprocessManager.swift:190:25: note: property access is 'async'
                        ForgeLogger.acpSubprocess.debug("Read \(chunk.count) bytes from stdout")
                        ^
/Users/user/Documents/Chainworks Forge/Chainworks Forge/Engine/ACPAdapters/ACPSubprocessManager.swift:212:41: warning: main actor-isolated property 'isRunning' cannot be accessed from outside of the actor; this is an error in the Swift 6 language mode
                    let running = self?.isRunning ?? false
                                  ~~~~~~^~~~~~~~~~~~~~~~~~
                                  await 

SwiftCompile normal arm64 /Users/user/Documents/Chainworks\ Forge/Chainworks\ Forge/Engine/ACPAdapters/AuggieCLIACPTransport.swift (in target 'Chainworks Forge' from project 'Chainworks Forge')
    cd /Users/user/Documents/Chainworks\ Forge
    
/Users/user/Documents/Chainworks Forge/Chainworks Forge/Engine/ACPAdapters/AuggieCLIACPTransport.swift:108:14: warning: instance method 'lock' is unavailable from asynchronous contexts; Use async-safe scoped locking instead; this is an error in the Swift 6 language mode
        lock.lock()
             ^
Foundation.NSLock.lock:2:11: note: 'lock()' declared here
open func lock()}
          ^
/Users/user/Documents/Chainworks Forge/Chainworks Forge/Engine/ACPAdapters/AuggieCLIACPTransport.swift:114:14: warning: instance method 'unlock' is unavailable from asynchronous contexts; Use async-safe scoped locking instead; this is an error in the Swift 6 language mode
        lock.unlock()
             ^
Foundation.NSLock.unlock:2:11: note: 'unlock()' declared here
open func unlock()}
          ^
/Users/user/Documents/Chainworks Forge/Chainworks Forge/Engine/ACPAdapters/AuggieCLIACPTransport.swift:124:14: warning: instance method 'lock' is unavailable from asynchronous contexts; Use async-safe scoped locking instead; this is an error in the Swift 6 language mode
        lock.lock()
             ^
Foundation.NSLock.lock:2:11: note: 'lock()' declared here
open func lock()}
          ^
/Users/user/Documents/Chainworks Forge/Chainworks Forge/Engine/ACPAdapters/AuggieCLIACPTransport.swift:126:14: warning: instance method 'unlock' is unavailable from asynchronous contexts; Use async-safe scoped locking instead; this is an error in the Swift 6 language mode
        lock.unlock()
             ^
Foundation.NSLock.unlock:2:11: note: 'unlock()' declared here
open func unlock()}
          ^
/Users/user/Documents/Chainworks Forge/Chainworks Forge/Engine/ACPAdapters/AuggieCLIACPTransport.swift:152:27: warning: instance method 'lock' is unavailable from asynchronous contexts; Use async-safe scoped locking instead; this is an error in the Swift 6 language mode
                self.lock.lock()
                          ^
Foundation.NSLock.lock:2:11: note: 'lock()' declared here
open func lock()}
          ^
/Users/user/Documents/Chainworks Forge/Chainworks Forge/Engine/ACPAdapters/AuggieCLIACPTransport.swift:154:27: warning: instance method 'unlock' is unavailable from asynchronous contexts; Use async-safe scoped locking instead; this is an error in the Swift 6 language mode
                self.lock.unlock()
                          ^
Foundation.NSLock.unlock:2:11: note: 'unlock()' declared here
open func unlock()}
          ^
/Users/user/Documents/Chainworks Forge/Chainworks Forge/Engine/ACPAdapters/AuggieCLIACPTransport.swift:168:31: warning: instance method 'lock' is unavailable from asynchronous contexts; Use async-safe scoped locking instead; this is an error in the Swift 6 language mode
                    self.lock.lock()
                              ^
Foundation.NSLock.lock:2:11: note: 'lock()' declared here
open func lock()}
          ^
/Users/user/Documents/Chainworks Forge/Chainworks Forge/Engine/ACPAdapters/AuggieCLIACPTransport.swift:170:31: warning: instance method 'unlock' is unavailable from asynchronous contexts; Use async-safe scoped locking instead; this is an error in the Swift 6 language mode
                    self.lock.unlock()
                              ^
Foundation.NSLock.unlock:2:11: note: 'unlock()' declared here
open func unlock()}
          ^
/Users/user/Documents/Chainworks Forge/Chainworks Forge/Engine/ACPAdapters/AuggieCLIACPTransport.swift:293:14: warning: instance method 'lock' is unavailable from asynchronous contexts; Use async-safe scoped locking instead; this is an error in the Swift 6 language mode
        lock.lock()
             ^
Foundation.NSLock.lock:2:11: note: 'lock()' declared here
open func lock()}
          ^
/Users/user/Documents/Chainworks Forge/Chainworks Forge/Engine/ACPAdapters/AuggieCLIACPTransport.swift:298:14: warning: instance method 'unlock' is unavailable from asynchronous contexts; Use async-safe scoped locking instead; this is an error in the Swift 6 language mode
        lock.unlock()
             ^
Foundation.NSLock.unlock:2:11: note: 'unlock()' declared here
open func unlock()}
          ^
/Users/user/Documents/Chainworks Forge/Chainworks Forge/Engine/ACPAdapters/AuggieCLIACPTransport.swift:318:14: warning: instance method 'lock' is unavailable from asynchronous contexts; Use async-safe scoped locking instead; this is an error in the Swift 6 language mode
        lock.lock()
             ^
Foundation.NSLock.lock:2:11: note: 'lock()' declared here
open func lock()}
          ^
/Users/user/Documents/Chainworks Forge/Chainworks Forge/Engine/ACPAdapters/AuggieCLIACPTransport.swift:321:14: warning: instance method 'unlock' is unavailable from asynchronous contexts; Use async-safe scoped locking instead; this is an error in the Swift 6 language mode
        lock.unlock()
             ^
Foundation.NSLock.unlock:2:11: note: 'unlock()' declared here
open func unlock()}
          ^
/Users/user/Documents/Chainworks Forge/Chainworks Forge/Engine/ACPAdapters/AuggieCLIACPTransport.swift:421:50: warning: main actor-isolated instance method 'readStderrLines()' cannot be called from outside of the actor; this is an error in the Swift 6 language mode
                for try await line in subprocess.readStderrLines() {
                                                 ^
                                      await 
/Users/user/Documents/Chainworks Forge/Chainworks Forge/Engine/ACPAdapters/AuggieCLIACPTransport.swift:425:25: warning: expression is 'async' but is not marked with 'await'; this is an error in the Swift 6 language mode
                        ForgeLogger.execution.error("\(prefix) stderr: \(line)")
                        ^~~~~~~~~~~~~~~~~~~~~~~~~~~~~~~~~~~~~~~~~~~~~~~~~~~~~~~~
                        await 
/Users/user/Documents/Chainworks Forge/Chainworks Forge/Engine/ACPAdapters/AuggieCLIACPTransport.swift:425:25: note: calls to instance method 'error' from outside of its actor context are implicitly asynchronous
                        ForgeLogger.execution.error("\(prefix) stderr: \(line)")
                        ^
/Users/user/Documents/Chainworks Forge/Chainworks Forge/Engine/ACPAdapters/AuggieCLIACPTransport.swift:425:25: note: property access is 'async'
                        ForgeLogger.execution.error("\(prefix) stderr: \(line)")
                        ^
/Users/user/Documents/Chainworks Forge/Chainworks Forge/Engine/ACPAdapters/AuggieCLIACPTransport.swift:427:25: warning: expression is 'async' but is not marked with 'await'; this is an error in the Swift 6 language mode
                        ForgeLogger.execution.info("\(prefix) stderr: \(line)")
                        ^~~~~~~~~~~~~~~~~~~~~~~~~~~~~~~~~~~~~~~~~~~~~~~~~~~~~~~
                        await 
/Users/user/Documents/Chainworks Forge/Chainworks Forge/Engine/ACPAdapters/AuggieCLIACPTransport.swift:427:25: note: calls to instance method 'info' from outside of its actor context are implicitly asynchronous
                        ForgeLogger.execution.info("\(prefix) stderr: \(line)")
                        ^
/Users/user/Documents/Chainworks Forge/Chainworks Forge/Engine/ACPAdapters/AuggieCLIACPTransport.swift:427:25: note: property access is 'async'
                        ForgeLogger.execution.info("\(prefix) stderr: \(line)")
                        ^
/Users/user/Documents/Chainworks Forge/Chainworks Forge/Engine/ACPAdapters/AuggieCLIACPTransport.swift:431:17: warning: expression is 'async' but is not marked with 'await'; this is an error in the Swift 6 language mode
                ForgeLogger.execution.error("\(prefix) stderr reader failed: \(error.localizedDescription)")
                ^~~~~~~~~~~~~~~~~~~~~~~~~~~~~~~~~~~~~~~~~~~~~~~~~~~~~~~~~~~~~~~~~~~~~~~~~~~~~~~~~~~~~~~~~~~~
                await 
/Users/user/Documents/Chainworks Forge/Chainworks Forge/Engine/ACPAdapters/AuggieCLIACPTransport.swift:431:17: note: calls to instance method 'error' from outside of its actor context are implicitly asynchronous
                ForgeLogger.execution.error("\(prefix) stderr reader failed: \(error.localizedDescription)")
                ^
/Users/user/Documents/Chainworks Forge/Chainworks Forge/Engine/ACPAdapters/AuggieCLIACPTransport.swift:431:17: note: property access is 'async'
                ForgeLogger.execution.error("\(prefix) stderr reader failed: \(error.localizedDescription)")
                ^

SwiftCompile normal arm64 /Users/user/Documents/Chainworks\ Forge/Chainworks\ Forge/Engine/ACPAdapters/ClaudeAgentACPTransport.swift (in target 'Chainworks Forge' from project 'Chainworks Forge')
    cd /Users/user/Documents/Chainworks\ Forge
    
/Users/user/Documents/Chainworks Forge/Chainworks Forge/Engine/ACPAdapters/ClaudeAgentACPTransport.swift:149:14: warning: instance method 'lock' is unavailable from asynchronous contexts; Use async-safe scoped locking instead; this is an error in the Swift 6 language mode
        lock.lock()
             ^
Foundation.NSLock.lock:2:11: note: 'lock()' declared here
open func lock()}
          ^
/Users/user/Documents/Chainworks Forge/Chainworks Forge/Engine/ACPAdapters/ClaudeAgentACPTransport.swift:155:14: warning: instance method 'unlock' is unavailable from asynchronous contexts; Use async-safe scoped locking instead; this is an error in the Swift 6 language mode
        lock.unlock()
             ^
Foundation.NSLock.unlock:2:11: note: 'unlock()' declared here
open func unlock()}
          ^
/Users/user/Documents/Chainworks Forge/Chainworks Forge/Engine/ACPAdapters/ClaudeAgentACPTransport.swift:165:14: warning: instance method 'lock' is unavailable from asynchronous contexts; Use async-safe scoped locking instead; this is an error in the Swift 6 language mode
        lock.lock()
             ^
Foundation.NSLock.lock:2:11: note: 'lock()' declared here
open func lock()}
          ^
/Users/user/Documents/Chainworks Forge/Chainworks Forge/Engine/ACPAdapters/ClaudeAgentACPTransport.swift:167:14: warning: instance method 'unlock' is unavailable from asynchronous contexts; Use async-safe scoped locking instead; this is an error in the Swift 6 language mode
        lock.unlock()
             ^
Foundation.NSLock.unlock:2:11: note: 'unlock()' declared here
open func unlock()}
          ^
/Users/user/Documents/Chainworks Forge/Chainworks Forge/Engine/ACPAdapters/ClaudeAgentACPTransport.swift:193:27: warning: instance method 'lock' is unavailable from asynchronous contexts; Use async-safe scoped locking instead; this is an error in the Swift 6 language mode
                self.lock.lock()
                          ^
Foundation.NSLock.lock:2:11: note: 'lock()' declared here
open func lock()}
          ^
/Users/user/Documents/Chainworks Forge/Chainworks Forge/Engine/ACPAdapters/ClaudeAgentACPTransport.swift:195:27: warning: instance method 'unlock' is unavailable from asynchronous contexts; Use async-safe scoped locking instead; this is an error in the Swift 6 language mode
                self.lock.unlock()
                          ^
Foundation.NSLock.unlock:2:11: note: 'unlock()' declared here
open func unlock()}
          ^
/Users/user/Documents/Chainworks Forge/Chainworks Forge/Engine/ACPAdapters/ClaudeAgentACPTransport.swift:209:31: warning: instance method 'lock' is unavailable from asynchronous contexts; Use async-safe scoped locking instead; this is an error in the Swift 6 language mode
                    self.lock.lock()
                              ^
Foundation.NSLock.lock:2:11: note: 'lock()' declared here
open func lock()}
          ^
/Users/user/Documents/Chainworks Forge/Chainworks Forge/Engine/ACPAdapters/ClaudeAgentACPTransport.swift:211:31: warning: instance method 'unlock' is unavailable from asynchronous contexts; Use async-safe scoped locking instead; this is an error in the Swift 6 language mode
                    self.lock.unlock()
                              ^
Foundation.NSLock.unlock:2:11: note: 'unlock()' declared here
open func unlock()}
          ^
/Users/user/Documents/Chainworks Forge/Chainworks Forge/Engine/ACPAdapters/ClaudeAgentACPTransport.swift:334:14: warning: instance method 'lock' is unavailable from asynchronous contexts; Use async-safe scoped locking instead; this is an error in the Swift 6 language mode
        lock.lock()
             ^
Foundation.NSLock.lock:2:11: note: 'lock()' declared here
open func lock()}
          ^
/Users/user/Documents/Chainworks Forge/Chainworks Forge/Engine/ACPAdapters/ClaudeAgentACPTransport.swift:339:14: warning: instance method 'unlock' is unavailable from asynchronous contexts; Use async-safe scoped locking instead; this is an error in the Swift 6 language mode
        lock.unlock()
             ^
Foundation.NSLock.unlock:2:11: note: 'unlock()' declared here
open func unlock()}
          ^
/Users/user/Documents/Chainworks Forge/Chainworks Forge/Engine/ACPAdapters/ClaudeAgentACPTransport.swift:359:14: warning: instance method 'lock' is unavailable from asynchronous contexts; Use async-safe scoped locking instead; this is an error in the Swift 6 language mode
        lock.lock()
             ^
Foundation.NSLock.lock:2:11: note: 'lock()' declared here
open func lock()}
          ^
/Users/user/Documents/Chainworks Forge/Chainworks Forge/Engine/ACPAdapters/ClaudeAgentACPTransport.swift:362:14: warning: instance method 'unlock' is unavailable from asynchronous contexts; Use async-safe scoped locking instead; this is an error in the Swift 6 language mode
        lock.unlock()
             ^
Foundation.NSLock.unlock:2:11: note: 'unlock()' declared here
open func unlock()}
          ^
/Users/user/Documents/Chainworks Forge/Chainworks Forge/Engine/ACPAdapters/ClaudeAgentACPTransport.swift:515:50: warning: main actor-isolated instance method 'readStderrLines()' cannot be called from outside of the actor; this is an error in the Swift 6 language mode
                for try await line in subprocess.readStderrLines() {
                                                 ^
                                      await 
/Users/user/Documents/Chainworks Forge/Chainworks Forge/Engine/ACPAdapters/ClaudeAgentACPTransport.swift:519:25: warning: expression is 'async' but is not marked with 'await'; this is an error in the Swift 6 language mode
                        ForgeLogger.claudeACP.error("\(prefix) stderr: \(line)")
                        ^~~~~~~~~~~~~~~~~~~~~~~~~~~~~~~~~~~~~~~~~~~~~~~~~~~~~~~~
                        await 
/Users/user/Documents/Chainworks Forge/Chainworks Forge/Engine/ACPAdapters/ClaudeAgentACPTransport.swift:519:25: note: calls to instance method 'error' from outside of its actor context are implicitly asynchronous
                        ForgeLogger.claudeACP.error("\(prefix) stderr: \(line)")
                        ^
/Users/user/Documents/Chainworks Forge/Chainworks Forge/Engine/ACPAdapters/ClaudeAgentACPTransport.swift:519:25: note: property access is 'async'
                        ForgeLogger.claudeACP.error("\(prefix) stderr: \(line)")
                        ^
/Users/user/Documents/Chainworks Forge/Chainworks Forge/Engine/ACPAdapters/ClaudeAgentACPTransport.swift:521:25: warning: expression is 'async' but is not marked with 'await'; this is an error in the Swift 6 language mode
                        ForgeLogger.claudeACP.info("\(prefix) stderr: \(line)")
                        ^~~~~~~~~~~~~~~~~~~~~~~~~~~~~~~~~~~~~~~~~~~~~~~~~~~~~~~
                        await 
/Users/user/Documents/Chainworks Forge/Chainworks Forge/Engine/ACPAdapters/ClaudeAgentACPTransport.swift:521:25: note: calls to instance method 'info' from outside of its actor context are implicitly asynchronous
                        ForgeLogger.claudeACP.info("\(prefix) stderr: \(line)")
                        ^
/Users/user/Documents/Chainworks Forge/Chainworks Forge/Engine/ACPAdapters/ClaudeAgentACPTransport.swift:521:25: note: property access is 'async'
                        ForgeLogger.claudeACP.info("\(prefix) stderr: \(line)")
                        ^
/Users/user/Documents/Chainworks Forge/Chainworks Forge/Engine/ACPAdapters/ClaudeAgentACPTransport.swift:525:17: warning: expression is 'async' but is not marked with 'await'; this is an error in the Swift 6 language mode
                ForgeLogger.claudeACP.error("\(prefix) stderr reader failed: \(error.localizedDescription)")
                ^~~~~~~~~~~~~~~~~~~~~~~~~~~~~~~~~~~~~~~~~~~~~~~~~~~~~~~~~~~~~~~~~~~~~~~~~~~~~~~~~~~~~~~~~~~~
                await 
/Users/user/Documents/Chainworks Forge/Chainworks Forge/Engine/ACPAdapters/ClaudeAgentACPTransport.swift:525:17: note: calls to instance method 'error' from outside of its actor context are implicitly asynchronous
                ForgeLogger.claudeACP.error("\(prefix) stderr reader failed: \(error.localizedDescription)")
                ^
/Users/user/Documents/Chainworks Forge/Chainworks Forge/Engine/ACPAdapters/ClaudeAgentACPTransport.swift:525:17: note: property access is 'async'
                ForgeLogger.claudeACP.error("\(prefix) stderr reader failed: \(error.localizedDescription)")
                ^

SwiftCompile normal arm64 /Users/user/Documents/Chainworks\ Forge/Chainworks\ Forge/Engine/ACPAdapters/CodexACPTransport.swift (in target 'Chainworks Forge' from project 'Chainworks Forge')
    cd /Users/user/Documents/Chainworks\ Forge
    
/Users/user/Documents/Chainworks Forge/Chainworks Forge/Engine/ACPAdapters/CodexACPTransport.swift:119:14: warning: instance method 'lock' is unavailable from asynchronous contexts; Use async-safe scoped locking instead; this is an error in the Swift 6 language mode
        lock.lock()
             ^
Foundation.NSLock.lock:2:11: note: 'lock()' declared here
open func lock()}
          ^
/Users/user/Documents/Chainworks Forge/Chainworks Forge/Engine/ACPAdapters/CodexACPTransport.swift:127:14: warning: instance method 'unlock' is unavailable from asynchronous contexts; Use async-safe scoped locking instead; this is an error in the Swift 6 language mode
        lock.unlock()
             ^
Foundation.NSLock.unlock:2:11: note: 'unlock()' declared here
open func unlock()}
          ^
/Users/user/Documents/Chainworks Forge/Chainworks Forge/Engine/ACPAdapters/CodexACPTransport.swift:156:27: warning: instance method 'lock' is unavailable from asynchronous contexts; Use async-safe scoped locking instead; this is an error in the Swift 6 language mode
                self.lock.lock()
                          ^
Foundation.NSLock.lock:2:11: note: 'lock()' declared here
open func lock()}
          ^
/Users/user/Documents/Chainworks Forge/Chainworks Forge/Engine/ACPAdapters/CodexACPTransport.swift:158:27: warning: instance method 'unlock' is unavailable from asynchronous contexts; Use async-safe scoped locking instead; this is an error in the Swift 6 language mode
                self.lock.unlock()
                          ^
Foundation.NSLock.unlock:2:11: note: 'unlock()' declared here
open func unlock()}
          ^
/Users/user/Documents/Chainworks Forge/Chainworks Forge/Engine/ACPAdapters/CodexACPTransport.swift:172:31: warning: instance method 'lock' is unavailable from asynchronous contexts; Use async-safe scoped locking instead; this is an error in the Swift 6 language mode
                    self.lock.lock()
                              ^
Foundation.NSLock.lock:2:11: note: 'lock()' declared here
open func lock()}
          ^
/Users/user/Documents/Chainworks Forge/Chainworks Forge/Engine/ACPAdapters/CodexACPTransport.swift:174:31: warning: instance method 'unlock' is unavailable from asynchronous contexts; Use async-safe scoped locking instead; this is an error in the Swift 6 language mode
                    self.lock.unlock()
                              ^
Foundation.NSLock.unlock:2:11: note: 'unlock()' declared here
open func unlock()}
          ^
/Users/user/Documents/Chainworks Forge/Chainworks Forge/Engine/ACPAdapters/CodexACPTransport.swift:328:14: warning: instance method 'lock' is unavailable from asynchronous contexts; Use async-safe scoped locking instead; this is an error in the Swift 6 language mode
        lock.lock()
             ^
Foundation.NSLock.lock:2:11: note: 'lock()' declared here
open func lock()}
          ^
/Users/user/Documents/Chainworks Forge/Chainworks Forge/Engine/ACPAdapters/CodexACPTransport.swift:334:14: warning: instance method 'unlock' is unavailable from asynchronous contexts; Use async-safe scoped locking instead; this is an error in the Swift 6 language mode
        lock.unlock()
             ^
Foundation.NSLock.unlock:2:11: note: 'unlock()' declared here
open func unlock()}
          ^
/Users/user/Documents/Chainworks Forge/Chainworks Forge/Engine/ACPAdapters/CodexACPTransport.swift:356:14: warning: instance method 'lock' is unavailable from asynchronous contexts; Use async-safe scoped locking instead; this is an error in the Swift 6 language mode
        lock.lock()
             ^
Foundation.NSLock.lock:2:11: note: 'lock()' declared here
open func lock()}
          ^
/Users/user/Documents/Chainworks Forge/Chainworks Forge/Engine/ACPAdapters/CodexACPTransport.swift:359:14: warning: instance method 'unlock' is unavailable from asynchronous contexts; Use async-safe scoped locking instead; this is an error in the Swift 6 language mode
        lock.unlock()
             ^
Foundation.NSLock.unlock:2:11: note: 'unlock()' declared here
open func unlock()}
          ^
/Users/user/Documents/Chainworks Forge/Chainworks Forge/Engine/ACPAdapters/CodexACPTransport.swift:672:50: warning: main actor-isolated instance method 'readStderrLines()' cannot be called from outside of the actor; this is an error in the Swift 6 language mode
                for try await line in subprocess.readStderrLines() {
                                                 ^
                                      await 
/Users/user/Documents/Chainworks Forge/Chainworks Forge/Engine/ACPAdapters/CodexACPTransport.swift:673:56: warning: main actor-isolated static method 'stripANSIEscapeCodes(from:)' cannot be called from outside of the actor; this is an error in the Swift 6 language mode
                    let sanitized = ACPProtocolSupport.stripANSIEscapeCodes(from: line).trimmingCharacters(in: .whitespacesAndNewlines)
                                    ~~~~~~~~~~~~~~~~~~~^~~~~~~~~~~~~~~~~~~~~~~~~~~~~~~~~~~~~~~~~~~~~~~~~~~~~~~~~~~~~~~~~~~~~~~~~~~~~~~~
                                    await 
/Users/user/Documents/Chainworks Forge/Chainworks Forge/Engine/ACPAdapters/CodexACPTransport.swift:675:60: warning: main actor-isolated static method 'codexProviderDiagnostic(fromStderrLine:)' cannot be called from outside of the actor; this is an error in the Swift 6 language mode
                    if let diagnostic = ACPProtocolSupport.codexProviderDiagnostic(fromStderrLine: sanitized) {
                                        ~~~~~~~~~~~~~~~~~~~^~~~~~~~~~~~~~~~~~~~~~~~~~~~~~~~~~~~~~~~~~~~~~~~~~
                                        await 
/Users/user/Documents/Chainworks Forge/Chainworks Forge/Engine/ACPAdapters/CodexACPTransport.swift:676:30: warning: main actor-isolated instance method 'appendDiagnostic(_:to:)' cannot be called from outside of the actor; this is an error in the Swift 6 language mode
                        self.appendDiagnostic(diagnostic, to: sessionID)
                        ~~~~~^~~~~~~~~~~~~~~~~~~~~~~~~~~~~~~~~~~~~~~~~~~
                        await 
/Users/user/Documents/Chainworks Forge/Chainworks Forge/Engine/ACPAdapters/CodexACPTransport.swift:681:25: warning: expression is 'async' but is not marked with 'await'; this is an error in the Swift 6 language mode
                        ForgeLogger.execution.error("\(prefix) stderr: \(sanitized)")
                        ^~~~~~~~~~~~~~~~~~~~~~~~~~~~~~~~~~~~~~~~~~~~~~~~~~~~~~~~~~~~~
                        await 
/Users/user/Documents/Chainworks Forge/Chainworks Forge/Engine/ACPAdapters/CodexACPTransport.swift:681:25: note: calls to instance method 'error' from outside of its actor context are implicitly asynchronous
                        ForgeLogger.execution.error("\(prefix) stderr: \(sanitized)")
                        ^
/Users/user/Documents/Chainworks Forge/Chainworks Forge/Engine/ACPAdapters/CodexACPTransport.swift:681:25: note: property access is 'async'
                        ForgeLogger.execution.error("\(prefix) stderr: \(sanitized)")
                        ^
/Users/user/Documents/Chainworks Forge/Chainworks Forge/Engine/ACPAdapters/CodexACPTransport.swift:683:25: warning: expression is 'async' but is not marked with 'await'; this is an error in the Swift 6 language mode
                        ForgeLogger.execution.info("\(prefix) stderr: \(sanitized)")
                        ^~~~~~~~~~~~~~~~~~~~~~~~~~~~~~~~~~~~~~~~~~~~~~~~~~~~~~~~~~~~
                        await 
/Users/user/Documents/Chainworks Forge/Chainworks Forge/Engine/ACPAdapters/CodexACPTransport.swift:683:25: note: calls to instance method 'info' from outside of its actor context are implicitly asynchronous
                        ForgeLogger.execution.info("\(prefix) stderr: \(sanitized)")
                        ^
/Users/user/Documents/Chainworks Forge/Chainworks Forge/Engine/ACPAdapters/CodexACPTransport.swift:683:25: note: property access is 'async'
                        ForgeLogger.execution.info("\(prefix) stderr: \(sanitized)")
                        ^
/Users/user/Documents/Chainworks Forge/Chainworks Forge/Engine/ACPAdapters/CodexACPTransport.swift:687:17: warning: expression is 'async' but is not marked with 'await'; this is an error in the Swift 6 language mode
                ForgeLogger.execution.error("\(prefix) stderr reader failed: \(error.localizedDescription)")
                ^~~~~~~~~~~~~~~~~~~~~~~~~~~~~~~~~~~~~~~~~~~~~~~~~~~~~~~~~~~~~~~~~~~~~~~~~~~~~~~~~~~~~~~~~~~~
                await 
/Users/user/Documents/Chainworks Forge/Chainworks Forge/Engine/ACPAdapters/CodexACPTransport.swift:687:17: note: calls to instance method 'error' from outside of its actor context are implicitly asynchronous
                ForgeLogger.execution.error("\(prefix) stderr reader failed: \(error.localizedDescription)")
                ^
/Users/user/Documents/Chainworks Forge/Chainworks Forge/Engine/ACPAdapters/CodexACPTransport.swift:687:17: note: property access is 'async'
                ForgeLogger.execution.error("\(prefix) stderr reader failed: \(error.localizedDescription)")
                ^

SwiftCompile normal arm64 /Users/user/Documents/Chainworks\ Forge/Chainworks\ Forge/Engine/ACPAdapters/GeminiCLIACPTransport.swift (in target 'Chainworks Forge' from project 'Chainworks Forge')
    cd /Users/user/Documents/Chainworks\ Forge
    
/Users/user/Documents/Chainworks Forge/Chainworks Forge/Engine/ACPAdapters/GeminiCLIACPTransport.swift:113:14: warning: instance method 'lock' is unavailable from asynchronous contexts; Use async-safe scoped locking instead; this is an error in the Swift 6 language mode
        lock.lock()
             ^
Foundation.NSLock.lock:2:11: note: 'lock()' declared here
open func lock()}
          ^
/Users/user/Documents/Chainworks Forge/Chainworks Forge/Engine/ACPAdapters/GeminiCLIACPTransport.swift:120:14: warning: instance method 'unlock' is unavailable from asynchronous contexts; Use async-safe scoped locking instead; this is an error in the Swift 6 language mode
        lock.unlock()
             ^
Foundation.NSLock.unlock:2:11: note: 'unlock()' declared here
open func unlock()}
          ^
/Users/user/Documents/Chainworks Forge/Chainworks Forge/Engine/ACPAdapters/GeminiCLIACPTransport.swift:131:14: warning: instance method 'lock' is unavailable from asynchronous contexts; Use async-safe scoped locking instead; this is an error in the Swift 6 language mode
        lock.lock()
             ^
Foundation.NSLock.lock:2:11: note: 'lock()' declared here
open func lock()}
          ^
/Users/user/Documents/Chainworks Forge/Chainworks Forge/Engine/ACPAdapters/GeminiCLIACPTransport.swift:133:14: warning: instance method 'unlock' is unavailable from asynchronous contexts; Use async-safe scoped locking instead; this is an error in the Swift 6 language mode
        lock.unlock()
             ^
Foundation.NSLock.unlock:2:11: note: 'unlock()' declared here
open func unlock()}
          ^
/Users/user/Documents/Chainworks Forge/Chainworks Forge/Engine/ACPAdapters/GeminiCLIACPTransport.swift:159:27: warning: instance method 'lock' is unavailable from asynchronous contexts; Use async-safe scoped locking instead; this is an error in the Swift 6 language mode
                self.lock.lock()
                          ^
Foundation.NSLock.lock:2:11: note: 'lock()' declared here
open func lock()}
          ^
/Users/user/Documents/Chainworks Forge/Chainworks Forge/Engine/ACPAdapters/GeminiCLIACPTransport.swift:161:27: warning: instance method 'unlock' is unavailable from asynchronous contexts; Use async-safe scoped locking instead; this is an error in the Swift 6 language mode
                self.lock.unlock()
                          ^
Foundation.NSLock.unlock:2:11: note: 'unlock()' declared here
open func unlock()}
          ^
/Users/user/Documents/Chainworks Forge/Chainworks Forge/Engine/ACPAdapters/GeminiCLIACPTransport.swift:173:31: warning: instance method 'lock' is unavailable from asynchronous contexts; Use async-safe scoped locking instead; this is an error in the Swift 6 language mode
                    self.lock.lock()
                              ^
Foundation.NSLock.lock:2:11: note: 'lock()' declared here
open func lock()}
          ^
/Users/user/Documents/Chainworks Forge/Chainworks Forge/Engine/ACPAdapters/GeminiCLIACPTransport.swift:175:31: warning: instance method 'unlock' is unavailable from asynchronous contexts; Use async-safe scoped locking instead; this is an error in the Swift 6 language mode
                    self.lock.unlock()
                              ^
Foundation.NSLock.unlock:2:11: note: 'unlock()' declared here
open func unlock()}
          ^
/Users/user/Documents/Chainworks Forge/Chainworks Forge/Engine/ACPAdapters/GeminiCLIACPTransport.swift:286:14: warning: instance method 'lock' is unavailable from asynchronous contexts; Use async-safe scoped locking instead; this is an error in the Swift 6 language mode
        lock.lock()
             ^
Foundation.NSLock.lock:2:11: note: 'lock()' declared here
open func lock()}
          ^
/Users/user/Documents/Chainworks Forge/Chainworks Forge/Engine/ACPAdapters/GeminiCLIACPTransport.swift:292:14: warning: instance method 'unlock' is unavailable from asynchronous contexts; Use async-safe scoped locking instead; this is an error in the Swift 6 language mode
        lock.unlock()
             ^
Foundation.NSLock.unlock:2:11: note: 'unlock()' declared here
open func unlock()}
          ^
/Users/user/Documents/Chainworks Forge/Chainworks Forge/Engine/ACPAdapters/GeminiCLIACPTransport.swift:302:14: warning: instance method 'lock' is unavailable from asynchronous contexts; Use async-safe scoped locking instead; this is an error in the Swift 6 language mode
        lock.lock()
             ^
Foundation.NSLock.lock:2:11: note: 'lock()' declared here
open func lock()}
          ^
/Users/user/Documents/Chainworks Forge/Chainworks Forge/Engine/ACPAdapters/GeminiCLIACPTransport.swift:306:14: warning: instance method 'unlock' is unavailable from asynchronous contexts; Use async-safe scoped locking instead; this is an error in the Swift 6 language mode
        lock.unlock()
             ^
Foundation.NSLock.unlock:2:11: note: 'unlock()' declared here
open func unlock()}
          ^
/Users/user/Documents/Chainworks Forge/Chainworks Forge/Engine/ACPAdapters/GeminiCLIACPTransport.swift:408:50: warning: main actor-isolated instance method 'readStderrLines()' cannot be called from outside of the actor; this is an error in the Swift 6 language mode
                for try await line in subprocess.readStderrLines() {
                                                 ^
                                      await 
/Users/user/Documents/Chainworks Forge/Chainworks Forge/Engine/ACPAdapters/GeminiCLIACPTransport.swift:409:56: warning: main actor-isolated static method 'stripANSIEscapeCodes(from:)' cannot be called from outside of the actor; this is an error in the Swift 6 language mode
                    let sanitized = ACPProtocolSupport.stripANSIEscapeCodes(from: line).trimmingCharacters(in: .whitespacesAndNewlines)
                                    ~~~~~~~~~~~~~~~~~~~^~~~~~~~~~~~~~~~~~~~~~~~~~~~~~~~~~~~~~~~~~~~~~~~~~~~~~~~~~~~~~~~~~~~~~~~~~~~~~~~
                                    await 
/Users/user/Documents/Chainworks Forge/Chainworks Forge/Engine/ACPAdapters/GeminiCLIACPTransport.swift:411:60: warning: main actor-isolated static method 'geminiProviderDiagnostic(fromStderrLine:)' cannot be called from outside of the actor; this is an error in the Swift 6 language mode
                    if let diagnostic = ACPProtocolSupport.geminiProviderDiagnostic(fromStderrLine: sanitized) {
                                        ~~~~~~~~~~~~~~~~~~~^~~~~~~~~~~~~~~~~~~~~~~~~~~~~~~~~~~~~~~~~~~~~~~~~~~
                                        await 
/Users/user/Documents/Chainworks Forge/Chainworks Forge/Engine/ACPAdapters/GeminiCLIACPTransport.swift:412:47: warning: main actor-isolated static method 'shouldPersistProviderDiagnostic' cannot be called from outside of the actor; this is an error in the Swift 6 language mode
                        if ACPProtocolSupport.shouldPersistProviderDiagnostic(diagnostic) {
                           ~~~~~~~~~~~~~~~~~~~^~~~~~~~~~~~~~~~~~~~~~~~~~~~~~~~~~~~~~~~~~~
                           await 
/Users/user/Documents/Chainworks Forge/Chainworks Forge/Engine/ACPAdapters/GeminiCLIACPTransport.swift:413:34: warning: main actor-isolated instance method 'appendDiagnostic(_:to:)' cannot be called from outside of the actor; this is an error in the Swift 6 language mode
                            self.appendDiagnostic(diagnostic, to: sessionID)
                            ~~~~~^~~~~~~~~~~~~~~~~~~~~~~~~~~~~~~~~~~~~~~~~~~
                            await 
/Users/user/Documents/Chainworks Forge/Chainworks Forge/Engine/ACPAdapters/GeminiCLIACPTransport.swift:417:29: warning: expression is 'async' but is not marked with 'await'; this is an error in the Swift 6 language mode
                            ForgeLogger.execution.info("\(prefix) provider warning: session/close unsupported; skipping explicit close")
                            ^~~~~~~~~~~~~~~~~~~~~~~~~~~~~~~~~~~~~~~~~~~~~~~~~~~~~~~~~~~~~~~~~~~~~~~~~~~~~~~~~~~~~~~~~~~~~~~~~~~~~~~~~~~~
                            await 
/Users/user/Documents/Chainworks Forge/Chainworks Forge/Engine/ACPAdapters/GeminiCLIACPTransport.swift:417:29: note: calls to instance method 'info' from outside of its actor context are implicitly asynchronous
                            ForgeLogger.execution.info("\(prefix) provider warning: session/close unsupported; skipping explicit close")
                            ^
/Users/user/Documents/Chainworks Forge/Chainworks Forge/Engine/ACPAdapters/GeminiCLIACPTransport.swift:417:29: note: property access is 'async'
                            ForgeLogger.execution.info("\(prefix) provider warning: session/close unsupported; skipping explicit close")
                            ^
/Users/user/Documents/Chainworks Forge/Chainworks Forge/Engine/ACPAdapters/GeminiCLIACPTransport.swift:420:29: warning: expression is 'async' but is not marked with 'await'; this is an error in the Swift 6 language mode
                            ForgeLogger.execution.error("\(prefix) provider error: model capacity exhausted")
                            ^~~~~~~~~~~~~~~~~~~~~~~~~~~~~~~~~~~~~~~~~~~~~~~~~~~~~~~~~~~~~~~~~~~~~~~~~~~~~~~~~
                            await 
/Users/user/Documents/Chainworks Forge/Chainworks Forge/Engine/ACPAdapters/GeminiCLIACPTransport.swift:420:29: note: calls to instance method 'error' from outside of its actor context are implicitly asynchronous
                            ForgeLogger.execution.error("\(prefix) provider error: model capacity exhausted")
                            ^
/Users/user/Documents/Chainworks Forge/Chainworks Forge/Engine/ACPAdapters/GeminiCLIACPTransport.swift:420:29: note: property access is 'async'
                            ForgeLogger.execution.error("\(prefix) provider error: model capacity exhausted")
                            ^
/Users/user/Documents/Chainworks Forge/Chainworks Forge/Engine/ACPAdapters/GeminiCLIACPTransport.swift:429:25: warning: expression is 'async' but is not marked with 'await'; this is an error in the Swift 6 language mode
                        ForgeLogger.execution.error("\(prefix) stderr: \(sanitized)")
                        ^~~~~~~~~~~~~~~~~~~~~~~~~~~~~~~~~~~~~~~~~~~~~~~~~~~~~~~~~~~~~
                        await 
/Users/user/Documents/Chainworks Forge/Chainworks Forge/Engine/ACPAdapters/GeminiCLIACPTransport.swift:429:25: note: calls to instance method 'error' from outside of its actor context are implicitly asynchronous
                        ForgeLogger.execution.error("\(prefix) stderr: \(sanitized)")
                        ^
/Users/user/Documents/Chainworks Forge/Chainworks Forge/Engine/ACPAdapters/GeminiCLIACPTransport.swift:429:25: note: property access is 'async'
                        ForgeLogger.execution.error("\(prefix) stderr: \(sanitized)")
                        ^
/Users/user/Documents/Chainworks Forge/Chainworks Forge/Engine/ACPAdapters/GeminiCLIACPTransport.swift:431:25: warning: expression is 'async' but is not marked with 'await'; this is an error in the Swift 6 language mode
                        ForgeLogger.execution.info("\(prefix) stderr: \(sanitized)")
                        ^~~~~~~~~~~~~~~~~~~~~~~~~~~~~~~~~~~~~~~~~~~~~~~~~~~~~~~~~~~~
                        await 
/Users/user/Documents/Chainworks Forge/Chainworks Forge/Engine/ACPAdapters/GeminiCLIACPTransport.swift:431:25: note: calls to instance method 'info' from outside of its actor context are implicitly asynchronous
                        ForgeLogger.execution.info("\(prefix) stderr: \(sanitized)")
                        ^
/Users/user/Documents/Chainworks Forge/Chainworks Forge/Engine/ACPAdapters/GeminiCLIACPTransport.swift:431:25: note: property access is 'async'
                        ForgeLogger.execution.info("\(prefix) stderr: \(sanitized)")
                        ^
/Users/user/Documents/Chainworks Forge/Chainworks Forge/Engine/ACPAdapters/GeminiCLIACPTransport.swift:435:17: warning: expression is 'async' but is not marked with 'await'; this is an error in the Swift 6 language mode
                ForgeLogger.execution.error("\(prefix) stderr reader failed: \(error.localizedDescription)")
                ^~~~~~~~~~~~~~~~~~~~~~~~~~~~~~~~~~~~~~~~~~~~~~~~~~~~~~~~~~~~~~~~~~~~~~~~~~~~~~~~~~~~~~~~~~~~
                await 
/Users/user/Documents/Chainworks Forge/Chainworks Forge/Engine/ACPAdapters/GeminiCLIACPTransport.swift:435:17: note: calls to instance method 'error' from outside of its actor context are implicitly asynchronous
                ForgeLogger.execution.error("\(prefix) stderr reader failed: \(error.localizedDescription)")
                ^
/Users/user/Documents/Chainworks Forge/Chainworks Forge/Engine/ACPAdapters/GeminiCLIACPTransport.swift:435:17: note: property access is 'async'
                ForgeLogger.execution.error("\(prefix) stderr reader failed: \(error.localizedDescription)")
                ^

SwiftCompile normal arm64 /Users/user/Documents/Chainworks\ Forge/Chainworks\ Forge/Engine/ACPAdapters/JunieCLIACPTransport.swift (in target 'Chainworks Forge' from project 'Chainworks Forge')
    cd /Users/user/Documents/Chainworks\ Forge
    
/Users/user/Documents/Chainworks Forge/Chainworks Forge/Engine/ACPAdapters/JunieCLIACPTransport.swift:108:14: warning: instance method 'lock' is unavailable from asynchronous contexts; Use async-safe scoped locking instead; this is an error in the Swift 6 language mode
        lock.lock()
             ^
Foundation.NSLock.lock:2:11: note: 'lock()' declared here
open func lock()}
          ^
/Users/user/Documents/Chainworks Forge/Chainworks Forge/Engine/ACPAdapters/JunieCLIACPTransport.swift:114:14: warning: instance method 'unlock' is unavailable from asynchronous contexts; Use async-safe scoped locking instead; this is an error in the Swift 6 language mode
        lock.unlock()
             ^
Foundation.NSLock.unlock:2:11: note: 'unlock()' declared here
open func unlock()}
          ^
/Users/user/Documents/Chainworks Forge/Chainworks Forge/Engine/ACPAdapters/JunieCLIACPTransport.swift:124:14: warning: instance method 'lock' is unavailable from asynchronous contexts; Use async-safe scoped locking instead; this is an error in the Swift 6 language mode
        lock.lock()
             ^
Foundation.NSLock.lock:2:11: note: 'lock()' declared here
open func lock()}
          ^
/Users/user/Documents/Chainworks Forge/Chainworks Forge/Engine/ACPAdapters/JunieCLIACPTransport.swift:126:14: warning: instance method 'unlock' is unavailable from asynchronous contexts; Use async-safe scoped locking instead; this is an error in the Swift 6 language mode
        lock.unlock()
             ^
Foundation.NSLock.unlock:2:11: note: 'unlock()' declared here
open func unlock()}
          ^
/Users/user/Documents/Chainworks Forge/Chainworks Forge/Engine/ACPAdapters/JunieCLIACPTransport.swift:152:27: warning: instance method 'lock' is unavailable from asynchronous contexts; Use async-safe scoped locking instead; this is an error in the Swift 6 language mode
                self.lock.lock()
                          ^
Foundation.NSLock.lock:2:11: note: 'lock()' declared here
open func lock()}
          ^
/Users/user/Documents/Chainworks Forge/Chainworks Forge/Engine/ACPAdapters/JunieCLIACPTransport.swift:154:27: warning: instance method 'unlock' is unavailable from asynchronous contexts; Use async-safe scoped locking instead; this is an error in the Swift 6 language mode
                self.lock.unlock()
                          ^
Foundation.NSLock.unlock:2:11: note: 'unlock()' declared here
open func unlock()}
          ^
/Users/user/Documents/Chainworks Forge/Chainworks Forge/Engine/ACPAdapters/JunieCLIACPTransport.swift:168:31: warning: instance method 'lock' is unavailable from asynchronous contexts; Use async-safe scoped locking instead; this is an error in the Swift 6 language mode
                    self.lock.lock()
                              ^
Foundation.NSLock.lock:2:11: note: 'lock()' declared here
open func lock()}
          ^
/Users/user/Documents/Chainworks Forge/Chainworks Forge/Engine/ACPAdapters/JunieCLIACPTransport.swift:170:31: warning: instance method 'unlock' is unavailable from asynchronous contexts; Use async-safe scoped locking instead; this is an error in the Swift 6 language mode
                    self.lock.unlock()
                              ^
Foundation.NSLock.unlock:2:11: note: 'unlock()' declared here
open func unlock()}
          ^
/Users/user/Documents/Chainworks Forge/Chainworks Forge/Engine/ACPAdapters/JunieCLIACPTransport.swift:293:14: warning: instance method 'lock' is unavailable from asynchronous contexts; Use async-safe scoped locking instead; this is an error in the Swift 6 language mode
        lock.lock()
             ^
Foundation.NSLock.lock:2:11: note: 'lock()' declared here
open func lock()}
          ^
/Users/user/Documents/Chainworks Forge/Chainworks Forge/Engine/ACPAdapters/JunieCLIACPTransport.swift:298:14: warning: instance method 'unlock' is unavailable from asynchronous contexts; Use async-safe scoped locking instead; this is an error in the Swift 6 language mode
        lock.unlock()
             ^
Foundation.NSLock.unlock:2:11: note: 'unlock()' declared here
open func unlock()}
          ^
/Users/user/Documents/Chainworks Forge/Chainworks Forge/Engine/ACPAdapters/JunieCLIACPTransport.swift:318:14: warning: instance method 'lock' is unavailable from asynchronous contexts; Use async-safe scoped locking instead; this is an error in the Swift 6 language mode
        lock.lock()
             ^
Foundation.NSLock.lock:2:11: note: 'lock()' declared here
open func lock()}
          ^
/Users/user/Documents/Chainworks Forge/Chainworks Forge/Engine/ACPAdapters/JunieCLIACPTransport.swift:321:14: warning: instance method 'unlock' is unavailable from asynchronous contexts; Use async-safe scoped locking instead; this is an error in the Swift 6 language mode
        lock.unlock()
             ^
Foundation.NSLock.unlock:2:11: note: 'unlock()' declared here
open func unlock()}
          ^
/Users/user/Documents/Chainworks Forge/Chainworks Forge/Engine/ACPAdapters/JunieCLIACPTransport.swift:421:50: warning: main actor-isolated instance method 'readStderrLines()' cannot be called from outside of the actor; this is an error in the Swift 6 language mode
                for try await line in subprocess.readStderrLines() {
                                                 ^
                                      await 
/Users/user/Documents/Chainworks Forge/Chainworks Forge/Engine/ACPAdapters/JunieCLIACPTransport.swift:425:25: warning: expression is 'async' but is not marked with 'await'; this is an error in the Swift 6 language mode
                        ForgeLogger.execution.error("\(prefix) stderr: \(line)")
                        ^~~~~~~~~~~~~~~~~~~~~~~~~~~~~~~~~~~~~~~~~~~~~~~~~~~~~~~~
                        await 
/Users/user/Documents/Chainworks Forge/Chainworks Forge/Engine/ACPAdapters/JunieCLIACPTransport.swift:425:25: note: calls to instance method 'error' from outside of its actor context are implicitly asynchronous
                        ForgeLogger.execution.error("\(prefix) stderr: \(line)")
                        ^
/Users/user/Documents/Chainworks Forge/Chainworks Forge/Engine/ACPAdapters/JunieCLIACPTransport.swift:425:25: note: property access is 'async'
                        ForgeLogger.execution.error("\(prefix) stderr: \(line)")
                        ^
/Users/user/Documents/Chainworks Forge/Chainworks Forge/Engine/ACPAdapters/JunieCLIACPTransport.swift:427:25: warning: expression is 'async' but is not marked with 'await'; this is an error in the Swift 6 language mode
                        ForgeLogger.execution.info("\(prefix) stderr: \(line)")
                        ^~~~~~~~~~~~~~~~~~~~~~~~~~~~~~~~~~~~~~~~~~~~~~~~~~~~~~~
                        await 
/Users/user/Documents/Chainworks Forge/Chainworks Forge/Engine/ACPAdapters/JunieCLIACPTransport.swift:427:25: note: calls to instance method 'info' from outside of its actor context are implicitly asynchronous
                        ForgeLogger.execution.info("\(prefix) stderr: \(line)")
                        ^
/Users/user/Documents/Chainworks Forge/Chainworks Forge/Engine/ACPAdapters/JunieCLIACPTransport.swift:427:25: note: property access is 'async'
                        ForgeLogger.execution.info("\(prefix) stderr: \(line)")
                        ^
/Users/user/Documents/Chainworks Forge/Chainworks Forge/Engine/ACPAdapters/JunieCLIACPTransport.swift:431:17: warning: expression is 'async' but is not marked with 'await'; this is an error in the Swift 6 language mode
                ForgeLogger.execution.error("\(prefix) stderr reader failed: \(error.localizedDescription)")
                ^~~~~~~~~~~~~~~~~~~~~~~~~~~~~~~~~~~~~~~~~~~~~~~~~~~~~~~~~~~~~~~~~~~~~~~~~~~~~~~~~~~~~~~~~~~~
                await 
/Users/user/Documents/Chainworks Forge/Chainworks Forge/Engine/ACPAdapters/JunieCLIACPTransport.swift:431:17: note: calls to instance method 'error' from outside of its actor context are implicitly asynchronous
                ForgeLogger.execution.error("\(prefix) stderr reader failed: \(error.localizedDescription)")
                ^
/Users/user/Documents/Chainworks Forge/Chainworks Forge/Engine/ACPAdapters/JunieCLIACPTransport.swift:431:17: note: property access is 'async'
                ForgeLogger.execution.error("\(prefix) stderr reader failed: \(error.localizedDescription)")
                ^

SwiftCompile normal arm64 /Users/user/Documents/Chainworks\ Forge/Chainworks\ Forge/Engine/Skills/BuiltinSkillRegistry.swift (in target 'Chainworks Forge' from project 'Chainworks Forge')
    cd /Users/user/Documents/Chainworks\ Forge
    

SwiftCompile normal arm64 /Users/user/Documents/Chainworks\ Forge/Chainworks\ Forge/Engine/Skills/ExternalSkillLoader.swift (in target 'Chainworks Forge' from project 'Chainworks Forge')
    cd /Users/user/Documents/Chainworks\ Forge
    

SwiftCompile normal arm64 /Users/user/Documents/Chainworks\ Forge/Chainworks\ Forge/Engine/Skills/ResolvedSkill.swift (in target 'Chainworks Forge' from project 'Chainworks Forge')
    cd /Users/user/Documents/Chainworks\ Forge
    

SwiftCompile normal arm64 /Users/user/Documents/Chainworks\ Forge/Chainworks\ Forge/Engine/Skills/SkillInjector.swift (in target 'Chainworks Forge' from project 'Chainworks Forge')
    cd /Users/user/Documents/Chainworks\ Forge
    

SwiftCompile normal arm64 /Users/user/Documents/Chainworks\ Forge/Chainworks\ Forge/Engine/Skills/SkillResolver.swift (in target 'Chainworks Forge' from project 'Chainworks Forge')
    cd /Users/user/Documents/Chainworks\ Forge
    

SwiftCompile normal arm64 /Users/user/Documents/Chainworks\ Forge/Chainworks\ Forge/Engine/Skills/SkillRoleCustomizer.swift (in target 'Chainworks Forge' from project 'Chainworks Forge')
    cd /Users/user/Documents/Chainworks\ Forge
    

SwiftCompile normal arm64 Compiling\ WorkflowOrchestrator.swift,\ WorktreeProvisioner.swift,\ AgentExecution.swift,\ AgentSessionLineage.swift,\ Approval.swift,\ Artifact.swift,\ BenchmarkCohort.swift,\ BenchmarkExecutionRecord.swift,\ BenchmarkPair.swift,\ ExecutionTruth.swift,\ Idea.swift,\ MVPSignOffDecisionSnapshot.swift,\ Run.swift,\ RunArtifactHierarchy.swift,\ RunRepository.swift,\ StageExecution.swift,\ StewardAnalysis.swift,\ StewardAnalysisRunLink.swift,\ StewardDecision.swift,\ StewardExperiment.swift,\ StewardRecommendation.swift,\ TransitionCursor.swift /Users/user/Documents/Chainworks\ Forge/Chainworks\ Forge/Engine/WorkflowOrchestrator.swift /Users/user/Documents/Chainworks\ Forge/Chainworks\ Forge/Engine/WorktreeProvisioner.swift /Users/user/Documents/Chainworks\ Forge/Chainworks\ Forge/Models/AgentExecution.swift /Users/user/Documents/Chainworks\ Forge/Chainworks\ Forge/Models/AgentSessionLineage.swift /Users/user/Documents/Chainworks\ Forge/Chainworks\ Forge/Models/Approval.swift /Users/user/Documents/Chainworks\ Forge/Chainworks\ Forge/Models/Artifact.swift /Users/user/Documents/Chainworks\ Forge/Chainworks\ Forge/Models/BenchmarkCohort.swift /Users/user/Documents/Chainworks\ Forge/Chainworks\ Forge/Models/BenchmarkExecutionRecord.swift /Users/user/Documents/Chainworks\ Forge/Chainworks\ Forge/Models/BenchmarkPair.swift /Users/user/Documents/Chainworks\ Forge/Chainworks\ Forge/Models/ExecutionTruth.swift /Users/user/Documents/Chainworks\ Forge/Chainworks\ Forge/Models/Idea.swift /Users/user/Documents/Chainworks\ Forge/Chainworks\ Forge/Models/MVPSignOffDecisionSnapshot.swift /Users/user/Documents/Chainworks\ Forge/Chainworks\ Forge/Models/Run.swift /Users/user/Documents/Chainworks\ Forge/Chainworks\ Forge/Models/RunArtifactHierarchy.swift /Users/user/Documents/Chainworks\ Forge/Chainworks\ Forge/Models/RunRepository.swift /Users/user/Documents/Chainworks\ Forge/Chainworks\ Forge/Models/StageExecution.swift /Users/user/Documents/Chainworks\ Forge/Chainworks\ Forge/Models/StewardAnalysis.swift /Users/user/Documents/Chainworks\ Forge/Chainworks\ Forge/Models/StewardAnalysisRunLink.swift /Users/user/Documents/Chainworks\ Forge/Chainworks\ Forge/Models/StewardDecision.swift /Users/user/Documents/Chainworks\ Forge/Chainworks\ Forge/Models/StewardExperiment.swift /Users/user/Documents/Chainworks\ Forge/Chainworks\ Forge/Models/StewardRecommendation.swift /Users/user/Documents/Chainworks\ Forge/Chainworks\ Forge/Models/TransitionCursor.swift (in target 'Chainworks Forge' from project 'Chainworks Forge')

SwiftCompile normal arm64 /Users/user/Documents/Chainworks\ Forge/Chainworks\ Forge/Engine/WorkflowOrchestrator.swift (in target 'Chainworks Forge' from project 'Chainworks Forge')
    cd /Users/user/Documents/Chainworks\ Forge
    
/Users/user/Documents/Chainworks Forge/Chainworks Forge/Engine/WorkflowOrchestrator.swift:1177:25: warning: result of 'try?' is unused
                        try? persistEnrichedCheckpoint(
                        ^~~~~~~~~~~~~~~~~~~~~~~~~~~~~~~
/Users/user/Documents/Chainworks Forge/Chainworks Forge/Engine/WorkflowOrchestrator.swift:2079:29: warning: result of 'try?' is unused
                            try? persistEnrichedCheckpoint(
                            ^~~~~~~~~~~~~~~~~~~~~~~~~~~~~~~

SwiftCompile normal arm64 /Users/user/Documents/Chainworks\ Forge/Chainworks\ Forge/Engine/WorktreeProvisioner.swift (in target 'Chainworks Forge' from project 'Chainworks Forge')
    cd /Users/user/Documents/Chainworks\ Forge
    

SwiftCompile normal arm64 /Users/user/Documents/Chainworks\ Forge/Chainworks\ Forge/Models/AgentExecution.swift (in target 'Chainworks Forge' from project 'Chainworks Forge')
    cd /Users/user/Documents/Chainworks\ Forge
    

SwiftCompile normal arm64 /Users/user/Documents/Chainworks\ Forge/Chainworks\ Forge/Models/AgentSessionLineage.swift (in target 'Chainworks Forge' from project 'Chainworks Forge')
    cd /Users/user/Documents/Chainworks\ Forge
    

SwiftCompile normal arm64 /Users/user/Documents/Chainworks\ Forge/Chainworks\ Forge/Models/Approval.swift (in target 'Chainworks Forge' from project 'Chainworks Forge')
    cd /Users/user/Documents/Chainworks\ Forge
    

SwiftCompile normal arm64 /Users/user/Documents/Chainworks\ Forge/Chainworks\ Forge/Models/Artifact.swift (in target 'Chainworks Forge' from project 'Chainworks Forge')
    cd /Users/user/Documents/Chainworks\ Forge
    

SwiftCompile normal arm64 /Users/user/Documents/Chainworks\ Forge/Chainworks\ Forge/Models/BenchmarkCohort.swift (in target 'Chainworks Forge' from project 'Chainworks Forge')
    cd /Users/user/Documents/Chainworks\ Forge
    

SwiftCompile normal arm64 /Users/user/Documents/Chainworks\ Forge/Chainworks\ Forge/Models/BenchmarkExecutionRecord.swift (in target 'Chainworks Forge' from project 'Chainworks Forge')
    cd /Users/user/Documents/Chainworks\ Forge
    

SwiftCompile normal arm64 /Users/user/Documents/Chainworks\ Forge/Chainworks\ Forge/Models/BenchmarkPair.swift (in target 'Chainworks Forge' from project 'Chainworks Forge')
    cd /Users/user/Documents/Chainworks\ Forge
    

SwiftCompile normal arm64 /Users/user/Documents/Chainworks\ Forge/Chainworks\ Forge/Models/ExecutionTruth.swift (in target 'Chainworks Forge' from project 'Chainworks Forge')
    cd /Users/user/Documents/Chainworks\ Forge
    

SwiftCompile normal arm64 /Users/user/Documents/Chainworks\ Forge/Chainworks\ Forge/Models/Idea.swift (in target 'Chainworks Forge' from project 'Chainworks Forge')
    cd /Users/user/Documents/Chainworks\ Forge
    

SwiftCompile normal arm64 /Users/user/Documents/Chainworks\ Forge/Chainworks\ Forge/Models/MVPSignOffDecisionSnapshot.swift (in target 'Chainworks Forge' from project 'Chainworks Forge')
    cd /Users/user/Documents/Chainworks\ Forge
    

SwiftCompile normal arm64 /Users/user/Documents/Chainworks\ Forge/Chainworks\ Forge/Models/Run.swift (in target 'Chainworks Forge' from project 'Chainworks Forge')
    cd /Users/user/Documents/Chainworks\ Forge
    

SwiftCompile normal arm64 /Users/user/Documents/Chainworks\ Forge/Chainworks\ Forge/Models/RunArtifactHierarchy.swift (in target 'Chainworks Forge' from project 'Chainworks Forge')
    cd /Users/user/Documents/Chainworks\ Forge
    

SwiftCompile normal arm64 /Users/user/Documents/Chainworks\ Forge/Chainworks\ Forge/Models/RunRepository.swift (in target 'Chainworks Forge' from project 'Chainworks Forge')
    cd /Users/user/Documents/Chainworks\ Forge
    

SwiftCompile normal arm64 /Users/user/Documents/Chainworks\ Forge/Chainworks\ Forge/Models/StageExecution.swift (in target 'Chainworks Forge' from project 'Chainworks Forge')
    cd /Users/user/Documents/Chainworks\ Forge
    

SwiftCompile normal arm64 /Users/user/Documents/Chainworks\ Forge/Chainworks\ Forge/Models/StewardAnalysis.swift (in target 'Chainworks Forge' from project 'Chainworks Forge')
    cd /Users/user/Documents/Chainworks\ Forge
    

SwiftCompile normal arm64 /Users/user/Documents/Chainworks\ Forge/Chainworks\ Forge/Models/StewardAnalysisRunLink.swift (in target 'Chainworks Forge' from project 'Chainworks Forge')
    cd /Users/user/Documents/Chainworks\ Forge
    

SwiftCompile normal arm64 /Users/user/Documents/Chainworks\ Forge/Chainworks\ Forge/Models/StewardDecision.swift (in target 'Chainworks Forge' from project 'Chainworks Forge')
    cd /Users/user/Documents/Chainworks\ Forge
    

SwiftCompile normal arm64 /Users/user/Documents/Chainworks\ Forge/Chainworks\ Forge/Models/StewardExperiment.swift (in target 'Chainworks Forge' from project 'Chainworks Forge')
    cd /Users/user/Documents/Chainworks\ Forge
    

SwiftCompile normal arm64 /Users/user/Documents/Chainworks\ Forge/Chainworks\ Forge/Models/StewardRecommendation.swift (in target 'Chainworks Forge' from project 'Chainworks Forge')
    cd /Users/user/Documents/Chainworks\ Forge
    

SwiftCompile normal arm64 /Users/user/Documents/Chainworks\ Forge/Chainworks\ Forge/Models/TransitionCursor.swift (in target 'Chainworks Forge' from project 'Chainworks Forge')
    cd /Users/user/Documents/Chainworks\ Forge
    

SwiftCompile normal arm64 Compiling\ PreflightService.swift,\ Proposal007DogfoodHarness.swift,\ Proposal013AppProofHarness.swift,\ Proposal015AppProofHarness.swift,\ Proposal022AppProofAutorun.swift,\ Proposal022FeedbackFidelity.swift,\ ProposalDraftCompactionPolicy.swift,\ ProposalReviewContractAdapter.swift,\ RecoveryCoordinator.swift,\ ReleaseOpsCoordinator.swift,\ RepoSafetyGuard.swift,\ ResumeManager.swift,\ RunArtifactHierarchyBuilder.swift,\ RunCancellationCoordinator.swift,\ RunComparisonService.swift,\ RunPlan.swift,\ RunPlanCompiler.swift,\ RunReportBuilder.swift,\ RunStageSnapshotLoader.swift,\ RunStartOverrideResolver.swift,\ RunStartSnapshot.swift,\ RuntimeAgentExecutor.swift,\ RuntimeDiagnostics.swift /Users/user/Documents/Chainworks\ Forge/Chainworks\ Forge/Engine/PreflightService.swift /Users/user/Documents/Chainworks\ Forge/Chainworks\ Forge/Engine/Proposal007DogfoodHarness.swift /Users/user/Documents/Chainworks\ Forge/Chainworks\ Forge/Engine/Proposal013AppProofHarness.swift /Users/user/Documents/Chainworks\ Forge/Chainworks\ Forge/Engine/Proposal015AppProofHarness.swift /Users/user/Documents/Chainworks\ Forge/Chainworks\ Forge/Engine/Proposal022AppProofAutorun.swift /Users/user/Documents/Chainworks\ Forge/Chainworks\ Forge/Engine/Proposal022FeedbackFidelity.swift /Users/user/Documents/Chainworks\ Forge/Chainworks\ Forge/Engine/ProposalDraftCompactionPolicy.swift /Users/user/Documents/Chainworks\ Forge/Chainworks\ Forge/Engine/ProposalReviewContractAdapter.swift /Users/user/Documents/Chainworks\ Forge/Chainworks\ Forge/Engine/RecoveryCoordinator.swift /Users/user/Documents/Chainworks\ Forge/Chainworks\ Forge/Engine/ReleaseOpsCoordinator.swift /Users/user/Documents/Chainworks\ Forge/Chainworks\ Forge/Engine/RepoSafetyGuard.swift /Users/user/Documents/Chainworks\ Forge/Chainworks\ Forge/Engine/ResumeManager.swift /Users/user/Documents/Chainworks\ Forge/Chainworks\ Forge/Engine/RunArtifactHierarchyBuilder.swift /Users/user/Documents/Chainworks\ Forge/Chainworks\ Forge/Engine/RunCancellationCoordinator.swift /Users/user/Documents/Chainworks\ Forge/Chainworks\ Forge/Engine/RunComparisonService.swift /Users/user/Documents/Chainworks\ Forge/Chainworks\ Forge/Engine/RunPlan.swift /Users/user/Documents/Chainworks\ Forge/Chainworks\ Forge/Engine/RunPlanCompiler.swift /Users/user/Documents/Chainworks\ Forge/Chainworks\ Forge/Engine/RunReportBuilder.swift /Users/user/Documents/Chainworks\ Forge/Chainworks\ Forge/Engine/RunStageSnapshotLoader.swift /Users/user/Documents/Chainworks\ Forge/Chainworks\ Forge/Engine/RunStartOverrideResolver.swift /Users/user/Documents/Chainworks\ Forge/Chainworks\ Forge/Engine/RunStartSnapshot.swift /Users/user/Documents/Chainworks\ Forge/Chainworks\ Forge/Engine/RuntimeAgentExecutor.swift /Users/user/Documents/Chainworks\ Forge/Chainworks\ Forge/Engine/RuntimeDiagnostics.swift (in target 'Chainworks Forge' from project 'Chainworks Forge')

SwiftCompile normal arm64 /Users/user/Documents/Chainworks\ Forge/Chainworks\ Forge/Engine/PreflightService.swift (in target 'Chainworks Forge' from project 'Chainworks Forge')
    cd /Users/user/Documents/Chainworks\ Forge
    

SwiftCompile normal arm64 /Users/user/Documents/Chainworks\ Forge/Chainworks\ Forge/Engine/Proposal007DogfoodHarness.swift (in target 'Chainworks Forge' from project 'Chainworks Forge')
    cd /Users/user/Documents/Chainworks\ Forge
    

SwiftCompile normal arm64 /Users/user/Documents/Chainworks\ Forge/Chainworks\ Forge/Engine/Proposal013AppProofHarness.swift (in target 'Chainworks Forge' from project 'Chainworks Forge')
    cd /Users/user/Documents/Chainworks\ Forge
    

SwiftCompile normal arm64 /Users/user/Documents/Chainworks\ Forge/Chainworks\ Forge/Engine/Proposal015AppProofHarness.swift (in target 'Chainworks Forge' from project 'Chainworks Forge')
    cd /Users/user/Documents/Chainworks\ Forge
    

SwiftCompile normal arm64 /Users/user/Documents/Chainworks\ Forge/Chainworks\ Forge/Engine/Proposal022AppProofAutorun.swift (in target 'Chainworks Forge' from project 'Chainworks Forge')
    cd /Users/user/Documents/Chainworks\ Forge
    

SwiftCompile normal arm64 /Users/user/Documents/Chainworks\ Forge/Chainworks\ Forge/Engine/Proposal022FeedbackFidelity.swift (in target 'Chainworks Forge' from project 'Chainworks Forge')
    cd /Users/user/Documents/Chainworks\ Forge
    

SwiftCompile normal arm64 /Users/user/Documents/Chainworks\ Forge/Chainworks\ Forge/Engine/ProposalDraftCompactionPolicy.swift (in target 'Chainworks Forge' from project 'Chainworks Forge')
    cd /Users/user/Documents/Chainworks\ Forge
    

SwiftCompile normal arm64 /Users/user/Documents/Chainworks\ Forge/Chainworks\ Forge/Engine/ProposalReviewContractAdapter.swift (in target 'Chainworks Forge' from project 'Chainworks Forge')
    cd /Users/user/Documents/Chainworks\ Forge
    

SwiftCompile normal arm64 /Users/user/Documents/Chainworks\ Forge/Chainworks\ Forge/Engine/RecoveryCoordinator.swift (in target 'Chainworks Forge' from project 'Chainworks Forge')
    cd /Users/user/Documents/Chainworks\ Forge
    

SwiftCompile normal arm64 /Users/user/Documents/Chainworks\ Forge/Chainworks\ Forge/Engine/ReleaseOpsCoordinator.swift (in target 'Chainworks Forge' from project 'Chainworks Forge')
    cd /Users/user/Documents/Chainworks\ Forge
    

SwiftCompile normal arm64 /Users/user/Documents/Chainworks\ Forge/Chainworks\ Forge/Engine/RepoSafetyGuard.swift (in target 'Chainworks Forge' from project 'Chainworks Forge')
    cd /Users/user/Documents/Chainworks\ Forge
    

SwiftCompile normal arm64 /Users/user/Documents/Chainworks\ Forge/Chainworks\ Forge/Engine/ResumeManager.swift (in target 'Chainworks Forge' from project 'Chainworks Forge')
    cd /Users/user/Documents/Chainworks\ Forge
    

SwiftCompile normal arm64 /Users/user/Documents/Chainworks\ Forge/Chainworks\ Forge/Engine/RunArtifactHierarchyBuilder.swift (in target 'Chainworks Forge' from project 'Chainworks Forge')
    cd /Users/user/Documents/Chainworks\ Forge
    

SwiftCompile normal arm64 /Users/user/Documents/Chainworks\ Forge/Chainworks\ Forge/Engine/RunCancellationCoordinator.swift (in target 'Chainworks Forge' from project 'Chainworks Forge')
    cd /Users/user/Documents/Chainworks\ Forge
    
/Users/user/Documents/Chainworks Forge/Chainworks Forge/Engine/RunCancellationCoordinator.swift:183:47: warning: main actor-isolated property 'runtimeTransportForCancellation' cannot be accessed from outside of the actor; this is an error in the Swift 6 language mode
        guard let transport = runtimeExecutor.runtimeTransportForCancellation else {
                              ~~~~~~~~~~~~~~~~^~~~~~~~~~~~~~~~~~~~~~~~~~~~~~~
                              await 
/Users/user/Documents/Chainworks Forge/Chainworks Forge/Engine/RunCancellationCoordinator.swift:220:13: warning: expression is 'async' but is not marked with 'await'; this is an error in the Swift 6 language mode
            ForgeLogger.execution.error("Session close failed for \(sessionID): \(error.localizedDescription)")
            ^~~~~~~~~~~~~~~~~~~~~~~~~~~~~~~~~~~~~~~~~~~~~~~~~~~~~~~~~~~~~~~~~~~~~~~~~~~~~~~~~~~~~~~~~~~~~~~~~~~
            await 
/Users/user/Documents/Chainworks Forge/Chainworks Forge/Engine/RunCancellationCoordinator.swift:220:13: note: calls to instance method 'error' from outside of its actor context are implicitly asynchronous
            ForgeLogger.execution.error("Session close failed for \(sessionID): \(error.localizedDescription)")
            ^
/Users/user/Documents/Chainworks Forge/Chainworks Forge/Engine/RunCancellationCoordinator.swift:220:13: note: property access is 'async'
            ForgeLogger.execution.error("Session close failed for \(sessionID): \(error.localizedDescription)")
            ^

SwiftCompile normal arm64 /Users/user/Documents/Chainworks\ Forge/Chainworks\ Forge/Engine/RunComparisonService.swift (in target 'Chainworks Forge' from project 'Chainworks Forge')
    cd /Users/user/Documents/Chainworks\ Forge
    

SwiftCompile normal arm64 /Users/user/Documents/Chainworks\ Forge/Chainworks\ Forge/Engine/RunPlan.swift (in target 'Chainworks Forge' from project 'Chainworks Forge')
    cd /Users/user/Documents/Chainworks\ Forge
    

SwiftCompile normal arm64 /Users/user/Documents/Chainworks\ Forge/Chainworks\ Forge/Engine/RunPlanCompiler.swift (in target 'Chainworks Forge' from project 'Chainworks Forge')
    cd /Users/user/Documents/Chainworks\ Forge
    

SwiftCompile normal arm64 /Users/user/Documents/Chainworks\ Forge/Chainworks\ Forge/Engine/RunReportBuilder.swift (in target 'Chainworks Forge' from project 'Chainworks Forge')
    cd /Users/user/Documents/Chainworks\ Forge
    

SwiftCompile normal arm64 /Users/user/Documents/Chainworks\ Forge/Chainworks\ Forge/Engine/RunStageSnapshotLoader.swift (in target 'Chainworks Forge' from project 'Chainworks Forge')
    cd /Users/user/Documents/Chainworks\ Forge
    

SwiftCompile normal arm64 /Users/user/Documents/Chainworks\ Forge/Chainworks\ Forge/Engine/RunStartOverrideResolver.swift (in target 'Chainworks Forge' from project 'Chainworks Forge')
    cd /Users/user/Documents/Chainworks\ Forge
    

SwiftCompile normal arm64 /Users/user/Documents/Chainworks\ Forge/Chainworks\ Forge/Engine/RunStartSnapshot.swift (in target 'Chainworks Forge' from project 'Chainworks Forge')
    cd /Users/user/Documents/Chainworks\ Forge
    

SwiftCompile normal arm64 /Users/user/Documents/Chainworks\ Forge/Chainworks\ Forge/Engine/RuntimeAgentExecutor.swift (in target 'Chainworks Forge' from project 'Chainworks Forge')
    cd /Users/user/Documents/Chainworks\ Forge
    

SwiftCompile normal arm64 /Users/user/Documents/Chainworks\ Forge/Chainworks\ Forge/Engine/RuntimeDiagnostics.swift (in target 'Chainworks Forge' from project 'Chainworks Forge')
    cd /Users/user/Documents/Chainworks\ Forge
    

SwiftDriverJobDiscovery normal arm64 Compiling AuggieProviderAdapter.swift, BackendProfileResolverV2.swift, ClaudeACPProviderAdapter.swift, CodexACPProviderAdapter.swift, ConfiguredProvider.swift, GeminiACPProviderAdapter.swift, JunieProviderAdapter.swift, KeychainSecretStore.swift, ProviderAdapter.swift, ProviderDiagnosticService.swift, ProviderExecutionReceipt.swift, ProviderRegistry.swift, ProviderSettings.swift, ProviderSettingsStore.swift, ProviderTroubleshootingService.swift, UsageReceiptNormalizer.swift, ForgeColor.swift, ForgeEmptyState.swift, ForgeIconBridge.swift, ForgePanel.swift, ForgeRadius.swift, ForgeSectionHeader.swift (in target 'Chainworks Forge' from project 'Chainworks Forge')

SwiftDriverJobDiscovery normal arm64 Compiling ForgeSpacing.swift, ForgeStatusColor.swift, ForgeTypography.swift, AppConfiguration.swift, AppConfigurationStore.swift, ArtifactPathClipboard.swift, BenchmarkCohortDefinition.swift, BootstrapConfigurationResolver.swift, CrashBudgetReset.swift, DaemonLifecycleClient.swift, DaemonProcessSupervisor.swift, DesignTokens.swift, DiagnosticsBundle.swift, EmptyStateView.swift, ForgeLogger.swift, MVPBoundaryPolicy.swift, NotificationPreferences.swift, PersistentStoreRepair.swift, PreviewSupport.swift, ProjectRootPolicy.swift, SecurityScopedAccess.swift, SettingsTransferService.swift (in target 'Chainworks Forge' from project 'Chainworks Forge')

SwiftDriverJobDiscovery normal arm64 Emitting module for Chainworks_Forge (in target 'Chainworks Forge' from project 'Chainworks Forge')

SwiftDriver\ Compilation\ Requirements Chainworks\ Forge normal arm64 com.apple.xcode.tools.swift.compiler (in target 'Chainworks Forge' from project 'Chainworks Forge')
    cd /Users/user/Documents/Chainworks\ Forge
    builtin-Swift-Compilation-Requirements -- /Applications/Xcode.app/Contents/Developer/Toolchains/XcodeDefault.xctoolchain/usr/bin/swiftc -module-name Chainworks_Forge -Onone @/var/folders/fj/v77kf6rs4dz1ybsm1_1_qhb00000gn/T/chainworks-test-gates/p042-swift-20260420T063001Z-DerivedData/Build/Intermediates.noindex/Chainworks\ Forge.build/Debug/Chainworks\ Forge.build/Objects-normal/arm64/Chainworks\ Forge.SwiftFileList -DDEBUG -default-isolation\=MainActor -enable-bare-slash-regex -enable-upcoming-feature DisableOutwardActorInference -enable-upcoming-feature InferSendableFromCaptures -enable-upcoming-feature GlobalActorIsolatedTypesUsability -enable-upcoming-feature MemberImportVisibility -enable-upcoming-feature InferIsolatedConformances -enable-upcoming-feature NonisolatedNonsendingByDefault -enable-experimental-feature DebugDescriptionMacro -sdk /Applications/Xcode.app/Contents/Developer/Platforms/MacOSX.platform/Developer/SDKs/MacOSX26.4.sdk -target arm64-apple-macos26.2 -g -module-cache-path /var/folders/fj/v77kf6rs4dz1ybsm1_1_qhb00000gn/T/chainworks-test-gates/p042-swift-20260420T063001Z-DerivedData/ModuleCache.noindex -Xfrontend -serialize-debugging-options -profile-coverage-mapping -profile-generate -enable-testing -index-store-path /var/folders/fj/v77kf6rs4dz1ybsm1_1_qhb00000gn/T/chainworks-test-gates/p042-swift-20260420T063001Z-DerivedData/Index.noindex/DataStore -Xcc -D_LIBCPP_HARDENING_MODE\=_LIBCPP_HARDENING_MODE_DEBUG -swift-version 5 -I /var/folders/fj/v77kf6rs4dz1ybsm1_1_qhb00000gn/T/chainworks-test-gates/p042-swift-20260420T063001Z-DerivedData/Build/Products/Debug -F /var/folders/fj/v77kf6rs4dz1ybsm1_1_qhb00000gn/T/chainworks-test-gates/p042-swift-20260420T063001Z-DerivedData/Build/Products/Debug/PackageFrameworks -F /var/folders/fj/v77kf6rs4dz1ybsm1_1_qhb00000gn/T/chainworks-test-gates/p042-swift-20260420T063001Z-DerivedData/Build/Products/Debug/PackageFrameworks -F /var/folders/fj/v77kf6rs4dz1ybsm1_1_qhb00000gn/T/chainworks-test-gates/p042-swift-20260420T063001Z-DerivedData/Build/Products/Debug -emit-localized-strings -emit-localized-strings-path /var/folders/fj/v77kf6rs4dz1ybsm1_1_qhb00000gn/T/chainworks-test-gates/p042-swift-20260420T063001Z-DerivedData/Build/Intermediates.noindex/Chainworks\ Forge.build/Debug/Chainworks\ Forge.build/Objects-normal/arm64 -c -j10 -enable-batch-mode -incremental -Xcc -ivfsstatcache -Xcc /var/folders/fj/v77kf6rs4dz1ybsm1_1_qhb00000gn/T/chainworks-test-gates/p042-swift-20260420T063001Z-DerivedData/SDKStatCaches.noindex/macosx26.4-25E251-30f9ca8789b706f8bd3fc906a70d770f.sdkstatcache -output-file-map /var/folders/fj/v77kf6rs4dz1ybsm1_1_qhb00000gn/T/chainworks-test-gates/p042-swift-20260420T063001Z-DerivedData/Build/Intermediates.noindex/Chainworks\ Forge.build/Debug/Chainworks\ Forge.build/Objects-normal/arm64/Chainworks\ Forge-OutputFileMap.json -use-frontend-parseable-output -save-temps -no-color-diagnostics -explicit-module-build -module-cache-path /var/folders/fj/v77kf6rs4dz1ybsm1_1_qhb00000gn/T/chainworks-test-gates/p042-swift-20260420T063001Z-DerivedData/Build/Intermediates.noindex/SwiftExplicitPrecompiledModules -clang-scanner-module-cache-path /var/folders/fj/v77kf6rs4dz1ybsm1_1_qhb00000gn/T/chainworks-test-gates/p042-swift-20260420T063001Z-DerivedData/ModuleCache.noindex -sdk-module-cache-path /var/folders/fj/v77kf6rs4dz1ybsm1_1_qhb00000gn/T/chainworks-test-gates/p042-swift-20260420T063001Z-DerivedData/ModuleCache.noindex -serialize-diagnostics -emit-dependencies -emit-module -emit-module-path /var/folders/fj/v77kf6rs4dz1ybsm1_1_qhb00000gn/T/chainworks-test-gates/p042-swift-20260420T063001Z-DerivedData/Build/Intermediates.noindex/Chainworks\ Forge.build/Debug/Chainworks\ Forge.build/Objects-normal/arm64/Chainworks_Forge.swiftmodule -validate-clang-modules-once -clang-build-session-file /var/folders/fj/v77kf6rs4dz1ybsm1_1_qhb00000gn/T/chainworks-test-gates/p042-swift-20260420T063001Z-DerivedData/ModuleCache.noindex/Session.modulevalidation -Xcc -I/var/folders/fj/v77kf6rs4dz1ybsm1_1_qhb00000gn/T/chainworks-test-gates/p042-swift-20260420T063001Z-DerivedData/Build/Intermediates.noindex/Chainworks\ Forge.build/Debug/Chainworks\ Forge.build/swift-overrides.hmap -emit-const-values -Xfrontend -const-gather-protocols-file -Xfrontend /var/folders/fj/v77kf6rs4dz1ybsm1_1_qhb00000gn/T/chainworks-test-gates/p042-swift-20260420T063001Z-DerivedData/Build/Intermediates.noindex/Chainworks\ Forge.build/Debug/Chainworks\ Forge.build/Objects-normal/arm64/Chainworks\ Forge_const_extract_protocols.json -Xcc -iquote -Xcc /var/folders/fj/v77kf6rs4dz1ybsm1_1_qhb00000gn/T/chainworks-test-gates/p042-swift-20260420T063001Z-DerivedData/Build/Intermediates.noindex/Chainworks\ Forge.build/Debug/Chainworks\ Forge.build/Chainworks\ Forge-generated-files.hmap -Xcc -I/var/folders/fj/v77kf6rs4dz1ybsm1_1_qhb00000gn/T/chainworks-test-gates/p042-swift-20260420T063001Z-DerivedData/Build/Intermediates.noindex/Chainworks\ Forge.build/Debug/Chainworks\ Forge.build/Chainworks\ Forge-own-target-headers.hmap -Xcc -I/var/folders/fj/v77kf6rs4dz1ybsm1_1_qhb00000gn/T/chainworks-test-gates/p042-swift-20260420T063001Z-DerivedData/Build/Intermediates.noindex/Chainworks\ Forge.build/Debug/Chainworks\ Forge.build/Chainworks\ Forge-all-non-framework-target-headers.hmap -Xcc -ivfsoverlay -Xcc /var/folders/fj/v77kf6rs4dz1ybsm1_1_qhb00000gn/T/chainworks-test-gates/p042-swift-20260420T063001Z-DerivedData/Build/Intermediates.noindex/Chainworks\ Forge.build/Debug/Chainworks\ Forge-6a18b84c5887fced543750989b10baf6-VFS/all-product-headers.yaml -Xcc -iquote -Xcc /var/folders/fj/v77kf6rs4dz1ybsm1_1_qhb00000gn/T/chainworks-test-gates/p042-swift-20260420T063001Z-DerivedData/Build/Intermediates.noindex/Chainworks\ Forge.build/Debug/Chainworks\ Forge.build/Chainworks\ Forge-project-headers.hmap -Xcc -I/var/folders/fj/v77kf6rs4dz1ybsm1_1_qhb00000gn/T/chainworks-test-gates/p042-swift-20260420T063001Z-DerivedData/SourcePackages/checkouts/Yams/Sources/CYaml/include -Xcc -I/var/folders/fj/v77kf6rs4dz1ybsm1_1_qhb00000gn/T/chainworks-test-gates/p042-swift-20260420T063001Z-DerivedData/Build/Products/Debug/include -Xcc -I/var/folders/fj/v77kf6rs4dz1ybsm1_1_qhb00000gn/T/chainworks-test-gates/p042-swift-20260420T063001Z-DerivedData/Build/Intermediates.noindex/Chainworks\ Forge.build/Debug/Chainworks\ Forge.build/DerivedSources-normal/arm64 -Xcc -I/var/folders/fj/v77kf6rs4dz1ybsm1_1_qhb00000gn/T/chainworks-test-gates/p042-swift-20260420T063001Z-DerivedData/Build/Intermediates.noindex/Chainworks\ Forge.build/Debug/Chainworks\ Forge.build/DerivedSources/arm64 -Xcc -I/var/folders/fj/v77kf6rs4dz1ybsm1_1_qhb00000gn/T/chainworks-test-gates/p042-swift-20260420T063001Z-DerivedData/Build/Intermediates.noindex/Chainworks\ Forge.build/Debug/Chainworks\ Forge.build/DerivedSources -Xcc -DDEBUG\=1 -emit-objc-header -emit-objc-header-path /var/folders/fj/v77kf6rs4dz1ybsm1_1_qhb00000gn/T/chainworks-test-gates/p042-swift-20260420T063001Z-DerivedData/Build/Intermediates.noindex/Chainworks\ Forge.build/Debug/Chainworks\ Forge.build/Objects-normal/arm64/Chainworks_Forge-Swift.h -working-directory /Users/user/Documents/Chainworks\ Forge -experimental-emit-module-separately -disable-cmo

SwiftMergeGeneratedHeaders /var/folders/fj/v77kf6rs4dz1ybsm1_1_qhb00000gn/T/chainworks-test-gates/p042-swift-20260420T063001Z-DerivedData/Build/Intermediates.noindex/Chainworks\ Forge.build/Debug/Chainworks\ Forge.build/DerivedSources/Chainworks_Forge-Swift.h /var/folders/fj/v77kf6rs4dz1ybsm1_1_qhb00000gn/T/chainworks-test-gates/p042-swift-20260420T063001Z-DerivedData/Build/Intermediates.noindex/Chainworks\ Forge.build/Debug/Chainworks\ Forge.build/Objects-normal/arm64/Chainworks_Forge-Swift.h (in target 'Chainworks Forge' from project 'Chainworks Forge')
    cd /Users/user/Documents/Chainworks\ Forge
    builtin-swiftHeaderTool -arch arm64 /var/folders/fj/v77kf6rs4dz1ybsm1_1_qhb00000gn/T/chainworks-test-gates/p042-swift-20260420T063001Z-DerivedData/Build/Intermediates.noindex/Chainworks\ Forge.build/Debug/Chainworks\ Forge.build/Objects-normal/arm64/Chainworks_Forge-Swift.h -o /var/folders/fj/v77kf6rs4dz1ybsm1_1_qhb00000gn/T/chainworks-test-gates/p042-swift-20260420T063001Z-DerivedData/Build/Intermediates.noindex/Chainworks\ Forge.build/Debug/Chainworks\ Forge.build/DerivedSources/Chainworks_Forge-Swift.h

Copy /var/folders/fj/v77kf6rs4dz1ybsm1_1_qhb00000gn/T/chainworks-test-gates/p042-swift-20260420T063001Z-DerivedData/Build/Products/Debug/Chainworks_Forge.swiftmodule/arm64-apple-macos.swiftmodule /var/folders/fj/v77kf6rs4dz1ybsm1_1_qhb00000gn/T/chainworks-test-gates/p042-swift-20260420T063001Z-DerivedData/Build/Intermediates.noindex/Chainworks\ Forge.build/Debug/Chainworks\ Forge.build/Objects-normal/arm64/Chainworks_Forge.swiftmodule (in target 'Chainworks Forge' from project 'Chainworks Forge')
    cd /Users/user/Documents/Chainworks\ Forge
    builtin-copy -exclude .DS_Store -exclude CVS -exclude .svn -exclude .git -exclude .hg -resolve-src-symlinks -rename /var/folders/fj/v77kf6rs4dz1ybsm1_1_qhb00000gn/T/chainworks-test-gates/p042-swift-20260420T063001Z-DerivedData/Build/Intermediates.noindex/Chainworks\ Forge.build/Debug/Chainworks\ Forge.build/Objects-normal/arm64/Chainworks_Forge.swiftmodule /var/folders/fj/v77kf6rs4dz1ybsm1_1_qhb00000gn/T/chainworks-test-gates/p042-swift-20260420T063001Z-DerivedData/Build/Products/Debug/Chainworks_Forge.swiftmodule/arm64-apple-macos.swiftmodule

Copy /var/folders/fj/v77kf6rs4dz1ybsm1_1_qhb00000gn/T/chainworks-test-gates/p042-swift-20260420T063001Z-DerivedData/Build/Products/Debug/Chainworks_Forge.swiftmodule/arm64-apple-macos.swiftdoc /var/folders/fj/v77kf6rs4dz1ybsm1_1_qhb00000gn/T/chainworks-test-gates/p042-swift-20260420T063001Z-DerivedData/Build/Intermediates.noindex/Chainworks\ Forge.build/Debug/Chainworks\ Forge.build/Objects-normal/arm64/Chainworks_Forge.swiftdoc (in target 'Chainworks Forge' from project 'Chainworks Forge')
    cd /Users/user/Documents/Chainworks\ Forge
    builtin-copy -exclude .DS_Store -exclude CVS -exclude .svn -exclude .git -exclude .hg -resolve-src-symlinks -rename /var/folders/fj/v77kf6rs4dz1ybsm1_1_qhb00000gn/T/chainworks-test-gates/p042-swift-20260420T063001Z-DerivedData/Build/Intermediates.noindex/Chainworks\ Forge.build/Debug/Chainworks\ Forge.build/Objects-normal/arm64/Chainworks_Forge.swiftdoc /var/folders/fj/v77kf6rs4dz1ybsm1_1_qhb00000gn/T/chainworks-test-gates/p042-swift-20260420T063001Z-DerivedData/Build/Products/Debug/Chainworks_Forge.swiftmodule/arm64-apple-macos.swiftdoc

Copy /var/folders/fj/v77kf6rs4dz1ybsm1_1_qhb00000gn/T/chainworks-test-gates/p042-swift-20260420T063001Z-DerivedData/Build/Products/Debug/Chainworks_Forge.swiftmodule/arm64-apple-macos.abi.json /var/folders/fj/v77kf6rs4dz1ybsm1_1_qhb00000gn/T/chainworks-test-gates/p042-swift-20260420T063001Z-DerivedData/Build/Intermediates.noindex/Chainworks\ Forge.build/Debug/Chainworks\ Forge.build/Objects-normal/arm64/Chainworks_Forge.abi.json (in target 'Chainworks Forge' from project 'Chainworks Forge')
    cd /Users/user/Documents/Chainworks\ Forge
    builtin-copy -exclude .DS_Store -exclude CVS -exclude .svn -exclude .git -exclude .hg -resolve-src-symlinks -rename /var/folders/fj/v77kf6rs4dz1ybsm1_1_qhb00000gn/T/chainworks-test-gates/p042-swift-20260420T063001Z-DerivedData/Build/Intermediates.noindex/Chainworks\ Forge.build/Debug/Chainworks\ Forge.build/Objects-normal/arm64/Chainworks_Forge.abi.json /var/folders/fj/v77kf6rs4dz1ybsm1_1_qhb00000gn/T/chainworks-test-gates/p042-swift-20260420T063001Z-DerivedData/Build/Products/Debug/Chainworks_Forge.swiftmodule/arm64-apple-macos.abi.json

Copy /var/folders/fj/v77kf6rs4dz1ybsm1_1_qhb00000gn/T/chainworks-test-gates/p042-swift-20260420T063001Z-DerivedData/Build/Products/Debug/Chainworks_Forge.swiftmodule/Project/arm64-apple-macos.swiftsourceinfo /var/folders/fj/v77kf6rs4dz1ybsm1_1_qhb00000gn/T/chainworks-test-gates/p042-swift-20260420T063001Z-DerivedData/Build/Intermediates.noindex/Chainworks\ Forge.build/Debug/Chainworks\ Forge.build/Objects-normal/arm64/Chainworks_Forge.swiftsourceinfo (in target 'Chainworks Forge' from project 'Chainworks Forge')
    cd /Users/user/Documents/Chainworks\ Forge
    builtin-copy -exclude .DS_Store -exclude CVS -exclude .svn -exclude .git -exclude .hg -resolve-src-symlinks -rename /var/folders/fj/v77kf6rs4dz1ybsm1_1_qhb00000gn/T/chainworks-test-gates/p042-swift-20260420T063001Z-DerivedData/Build/Intermediates.noindex/Chainworks\ Forge.build/Debug/Chainworks\ Forge.build/Objects-normal/arm64/Chainworks_Forge.swiftsourceinfo /var/folders/fj/v77kf6rs4dz1ybsm1_1_qhb00000gn/T/chainworks-test-gates/p042-swift-20260420T063001Z-DerivedData/Build/Products/Debug/Chainworks_Forge.swiftmodule/Project/arm64-apple-macos.swiftsourceinfo

SwiftDriverJobDiscovery normal arm64 Compiling AnomalyDetector.swift, CohortClassifier.swift, DegradationSignal.swift, MetricsCollector.swift, RunDossierBuilder.swift, StewardAnalysisService.swift, AgentExecutor.swift, AgentSessionCheckpointBuilder.swift, AgentSessionManager.swift, AppTerminationCoordinator.swift, ArtifactDiffService.swift, ArtifactManager.swift, ArtifactPersistenceOrderingPolicy.swift, ArtifactStorage.swift, BenchmarkExportStamping.swift, BenchmarkRunRecorder.swift, BindingFingerprintBuilder.swift, BlockedStageReportBuilder.swift, ConnectPublishService.swift, ContextBudgetGuard.swift, ContextStrategy.swift, DeclarativeCoverageReport.swift, DeliveryConfiguration.swift (in target 'Chainworks Forge' from project 'Chainworks Forge')

SwiftDriverJobDiscovery normal arm64 Compiling AgentCatalog.swift, CompactNormalizer.swift, CompactWorkflowDefinition.swift, CompactWorkflowValidator.swift, DefinitionHasher.swift, StewardConfig.swift, WorkflowDefinition.swift, YAMLParser.swift, YAMLValidator.swift, ACPProtocolSupport.swift, ACPStreamEventMapper.swift, ACPSubprocessManager.swift, AuggieCLIACPTransport.swift, ClaudeAgentACPTransport.swift, CodexACPTransport.swift, GeminiCLIACPTransport.swift, JunieCLIACPTransport.swift, BuiltinSkillRegistry.swift, ExternalSkillLoader.swift, ResolvedSkill.swift, SkillInjector.swift, SkillResolver.swift, SkillRoleCustomizer.swift (in target 'Chainworks Forge' from project 'Chainworks Forge')

SwiftDriverJobDiscovery normal arm64 Compiling RuntimeHelperProcessJanitor.swift, RuntimeSessionBridge.swift, RuntimeTransport.swift, SampleRunLauncher.swift, SessionLineageReportBridge.swift, SessionResetAuditTrail.swift, SessionResetCoordinator.swift, SessionReuseKPIExporter.swift, SessionReusePolicy.swift, SessionReuseReceiptFields.swift, SignOffEvidencePackBuilder.swift, SimulatedAgentExecutor.swift, SourceContextBuilder.swift, StageRetryCoordinator.swift, StrategyExperimentCoordinator.swift, StructuredOutputEnvelope.swift, StructuredOutputSchemaGate.swift, SupportBundleExporter.swift, TransitionEvaluator.swift, ValidationFailureRecord.swift, WorkflowMapProjection.swift, WorkflowMapProjectionService.swift (in target 'Chainworks Forge' from project 'Chainworks Forge')

SwiftDriverJobDiscovery normal arm64 Compiling DeliveryPreflightService.swift, DeliveryReceiptBuilder.swift, EvidencePackBuilder.swift, ExecutionEventBridge.swift, ExecutionReceiptBuilder.swift, ExecutionService.swift, FailedStageEvidenceBuilder.swift, FixtureACPTransport.swift, GitReleaseService.swift, IdeaArchiveService.swift, ImplementationDeliveryPreset.swift, ImplementationFailureArtifactSynthesizer.swift, InvocationOwnerKeyBuilder.swift, ManualBaselineImport.swift, MCPPolicyRuntime.swift, MVPSignOffEvaluator.swift, NotificationService.swift, OutputContractDeclarativeBridge.swift, OutputContractResolverV2.swift, OutputContractSchemaV2.swift, OutputContractTemplates.swift, OutputRetrievalSLOProbe.swift, PersistedRunGraph.swift (in target 'Chainworks Forge' from project 'Chainworks Forge')

SwiftDriverJobDiscovery normal arm64 Compiling WorkflowOrchestrator.swift, WorktreeProvisioner.swift, AgentExecution.swift, AgentSessionLineage.swift, Approval.swift, Artifact.swift, BenchmarkCohort.swift, BenchmarkExecutionRecord.swift, BenchmarkPair.swift, ExecutionTruth.swift, Idea.swift, MVPSignOffDecisionSnapshot.swift, Run.swift, RunArtifactHierarchy.swift, RunRepository.swift, StageExecution.swift, StewardAnalysis.swift, StewardAnalysisRunLink.swift, StewardDecision.swift, StewardExperiment.swift, StewardRecommendation.swift, TransitionCursor.swift (in target 'Chainworks Forge' from project 'Chainworks Forge')

SwiftDriverJobDiscovery normal arm64 Compiling PreflightService.swift, Proposal007DogfoodHarness.swift, Proposal013AppProofHarness.swift, Proposal015AppProofHarness.swift, Proposal022AppProofAutorun.swift, Proposal022FeedbackFidelity.swift, ProposalDraftCompactionPolicy.swift, ProposalReviewContractAdapter.swift, RecoveryCoordinator.swift, ReleaseOpsCoordinator.swift, RepoSafetyGuard.swift, ResumeManager.swift, RunArtifactHierarchyBuilder.swift, RunCancellationCoordinator.swift, RunComparisonService.swift, RunPlan.swift, RunPlanCompiler.swift, RunReportBuilder.swift, RunStageSnapshotLoader.swift, RunStartOverrideResolver.swift, RunStartSnapshot.swift, RuntimeAgentExecutor.swift, RuntimeDiagnostics.swift (in target 'Chainworks Forge' from project 'Chainworks Forge')

SwiftDriverJobDiscovery normal arm64 Compiling ProviderTroubleshootingPanel.swift, RecoverySheet.swift, ReleaseGateView.swift, RunArtifactHierarchyView.swift, RunComparisonView.swift, RunProgressView.swift, RunReportView.swift, RunsHomeView.swift, RunStartModePresentation.swift, RunStartOverridesView.swift, RunSurfacePaneRouting.swift, RunTimelineInspectorView.swift, SessionReuseBadge.swift, StageDetailView.swift, StartRunSheet.swift, StrategyBadge.swift, UITestDirectSurfaces.swift, WorkflowInspectorView.swift, WorkflowMapView.swift, Chainworks_ForgeApp.swift, ContentView.swift, GeneratedAssetSymbols.swift (in target 'Chainworks Forge' from project 'Chainworks Forge')

SwiftDriverJobDiscovery normal arm64 Compiling StatusCapsule.swift, AgentCatalogView.swift, AgentSessionInspector.swift, ApprovalGateView.swift, ArchivedIdeasView.swift, ArtifactContentRenderer.swift, ArtifactInspectorView.swift, BlockedRunRecoveryView.swift, CompletedRunExportHub.swift, DaemonLifecycleSurface.swift, DeliveryPreflightReportView.swift, FailedStageEvidencePanel.swift, FirstRunSetupWizard.swift, ForegroundBannerView.swift, IdeaListView.swift, IdeasArchiveView.swift, MenuBarStatusView.swift, MVPSignOffSummaryView.swift, PilotReadinessView.swift, PreflightReportView.swift, ProviderSettingsView.swift, ProviderSetupEvidencePanel.swift (in target 'Chainworks Forge' from project 'Chainworks Forge')

SwiftDriver\ Compilation Chainworks\ Forge normal arm64 com.apple.xcode.tools.swift.compiler (in target 'Chainworks Forge' from project 'Chainworks Forge')
    cd /Users/user/Documents/Chainworks\ Forge
    builtin-Swift-Compilation -- /Applications/Xcode.app/Contents/Developer/Toolchains/XcodeDefault.xctoolchain/usr/bin/swiftc -module-name Chainworks_Forge -Onone @/var/folders/fj/v77kf6rs4dz1ybsm1_1_qhb00000gn/T/chainworks-test-gates/p042-swift-20260420T063001Z-DerivedData/Build/Intermediates.noindex/Chainworks\ Forge.build/Debug/Chainworks\ Forge.build/Objects-normal/arm64/Chainworks\ Forge.SwiftFileList -DDEBUG -default-isolation\=MainActor -enable-bare-slash-regex -enable-upcoming-feature DisableOutwardActorInference -enable-upcoming-feature InferSendableFromCaptures -enable-upcoming-feature GlobalActorIsolatedTypesUsability -enable-upcoming-feature MemberImportVisibility -enable-upcoming-feature InferIsolatedConformances -enable-upcoming-feature NonisolatedNonsendingByDefault -enable-experimental-feature DebugDescriptionMacro -sdk /Applications/Xcode.app/Contents/Developer/Platforms/MacOSX.platform/Developer/SDKs/MacOSX26.4.sdk -target arm64-apple-macos26.2 -g -module-cache-path /var/folders/fj/v77kf6rs4dz1ybsm1_1_qhb00000gn/T/chainworks-test-gates/p042-swift-20260420T063001Z-DerivedData/ModuleCache.noindex -Xfrontend -serialize-debugging-options -profile-coverage-mapping -profile-generate -enable-testing -index-store-path /var/folders/fj/v77kf6rs4dz1ybsm1_1_qhb00000gn/T/chainworks-test-gates/p042-swift-20260420T063001Z-DerivedData/Index.noindex/DataStore -Xcc -D_LIBCPP_HARDENING_MODE\=_LIBCPP_HARDENING_MODE_DEBUG -swift-version 5 -I /var/folders/fj/v77kf6rs4dz1ybsm1_1_qhb00000gn/T/chainworks-test-gates/p042-swift-20260420T063001Z-DerivedData/Build/Products/Debug -F /var/folders/fj/v77kf6rs4dz1ybsm1_1_qhb00000gn/T/chainworks-test-gates/p042-swift-20260420T063001Z-DerivedData/Build/Products/Debug/PackageFrameworks -F /var/folders/fj/v77kf6rs4dz1ybsm1_1_qhb00000gn/T/chainworks-test-gates/p042-swift-20260420T063001Z-DerivedData/Build/Products/Debug/PackageFrameworks -F /var/folders/fj/v77kf6rs4dz1ybsm1_1_qhb00000gn/T/chainworks-test-gates/p042-swift-20260420T063001Z-DerivedData/Build/Products/Debug -emit-localized-strings -emit-localized-strings-path /var/folders/fj/v77kf6rs4dz1ybsm1_1_qhb00000gn/T/chainworks-test-gates/p042-swift-20260420T063001Z-DerivedData/Build/Intermediates.noindex/Chainworks\ Forge.build/Debug/Chainworks\ Forge.build/Objects-normal/arm64 -c -j10 -enable-batch-mode -incremental -Xcc -ivfsstatcache -Xcc /var/folders/fj/v77kf6rs4dz1ybsm1_1_qhb00000gn/T/chainworks-test-gates/p042-swift-20260420T063001Z-DerivedData/SDKStatCaches.noindex/macosx26.4-25E251-30f9ca8789b706f8bd3fc906a70d770f.sdkstatcache -output-file-map /var/folders/fj/v77kf6rs4dz1ybsm1_1_qhb00000gn/T/chainworks-test-gates/p042-swift-20260420T063001Z-DerivedData/Build/Intermediates.noindex/Chainworks\ Forge.build/Debug/Chainworks\ Forge.build/Objects-normal/arm64/Chainworks\ Forge-OutputFileMap.json -use-frontend-parseable-output -save-temps -no-color-diagnostics -explicit-module-build -module-cache-path /var/folders/fj/v77kf6rs4dz1ybsm1_1_qhb00000gn/T/chainworks-test-gates/p042-swift-20260420T063001Z-DerivedData/Build/Intermediates.noindex/SwiftExplicitPrecompiledModules -clang-scanner-module-cache-path /var/folders/fj/v77kf6rs4dz1ybsm1_1_qhb00000gn/T/chainworks-test-gates/p042-swift-20260420T063001Z-DerivedData/ModuleCache.noindex -sdk-module-cache-path /var/folders/fj/v77kf6rs4dz1ybsm1_1_qhb00000gn/T/chainworks-test-gates/p042-swift-20260420T063001Z-DerivedData/ModuleCache.noindex -serialize-diagnostics -emit-dependencies -emit-module -emit-module-path /var/folders/fj/v77kf6rs4dz1ybsm1_1_qhb00000gn/T/chainworks-test-gates/p042-swift-20260420T063001Z-DerivedData/Build/Intermediates.noindex/Chainworks\ Forge.build/Debug/Chainworks\ Forge.build/Objects-normal/arm64/Chainworks_Forge.swiftmodule -validate-clang-modules-once -clang-build-session-file /var/folders/fj/v77kf6rs4dz1ybsm1_1_qhb00000gn/T/chainworks-test-gates/p042-swift-20260420T063001Z-DerivedData/ModuleCache.noindex/Session.modulevalidation -Xcc -I/var/folders/fj/v77kf6rs4dz1ybsm1_1_qhb00000gn/T/chainworks-test-gates/p042-swift-20260420T063001Z-DerivedData/Build/Intermediates.noindex/Chainworks\ Forge.build/Debug/Chainworks\ Forge.build/swift-overrides.hmap -emit-const-values -Xfrontend -const-gather-protocols-file -Xfrontend /var/folders/fj/v77kf6rs4dz1ybsm1_1_qhb00000gn/T/chainworks-test-gates/p042-swift-20260420T063001Z-DerivedData/Build/Intermediates.noindex/Chainworks\ Forge.build/Debug/Chainworks\ Forge.build/Objects-normal/arm64/Chainworks\ Forge_const_extract_protocols.json -Xcc -iquote -Xcc /var/folders/fj/v77kf6rs4dz1ybsm1_1_qhb00000gn/T/chainworks-test-gates/p042-swift-20260420T063001Z-DerivedData/Build/Intermediates.noindex/Chainworks\ Forge.build/Debug/Chainworks\ Forge.build/Chainworks\ Forge-generated-files.hmap -Xcc -I/var/folders/fj/v77kf6rs4dz1ybsm1_1_qhb00000gn/T/chainworks-test-gates/p042-swift-20260420T063001Z-DerivedData/Build/Intermediates.noindex/Chainworks\ Forge.build/Debug/Chainworks\ Forge.build/Chainworks\ Forge-own-target-headers.hmap -Xcc -I/var/folders/fj/v77kf6rs4dz1ybsm1_1_qhb00000gn/T/chainworks-test-gates/p042-swift-20260420T063001Z-DerivedData/Build/Intermediates.noindex/Chainworks\ Forge.build/Debug/Chainworks\ Forge.build/Chainworks\ Forge-all-non-framework-target-headers.hmap -Xcc -ivfsoverlay -Xcc /var/folders/fj/v77kf6rs4dz1ybsm1_1_qhb00000gn/T/chainworks-test-gates/p042-swift-20260420T063001Z-DerivedData/Build/Intermediates.noindex/Chainworks\ Forge.build/Debug/Chainworks\ Forge-6a18b84c5887fced543750989b10baf6-VFS/all-product-headers.yaml -Xcc -iquote -Xcc /var/folders/fj/v77kf6rs4dz1ybsm1_1_qhb00000gn/T/chainworks-test-gates/p042-swift-20260420T063001Z-DerivedData/Build/Intermediates.noindex/Chainworks\ Forge.build/Debug/Chainworks\ Forge.build/Chainworks\ Forge-project-headers.hmap -Xcc -I/var/folders/fj/v77kf6rs4dz1ybsm1_1_qhb00000gn/T/chainworks-test-gates/p042-swift-20260420T063001Z-DerivedData/SourcePackages/checkouts/Yams/Sources/CYaml/include -Xcc -I/var/folders/fj/v77kf6rs4dz1ybsm1_1_qhb00000gn/T/chainworks-test-gates/p042-swift-20260420T063001Z-DerivedData/Build/Products/Debug/include -Xcc -I/var/folders/fj/v77kf6rs4dz1ybsm1_1_qhb00000gn/T/chainworks-test-gates/p042-swift-20260420T063001Z-DerivedData/Build/Intermediates.noindex/Chainworks\ Forge.build/Debug/Chainworks\ Forge.build/DerivedSources-normal/arm64 -Xcc -I/var/folders/fj/v77kf6rs4dz1ybsm1_1_qhb00000gn/T/chainworks-test-gates/p042-swift-20260420T063001Z-DerivedData/Build/Intermediates.noindex/Chainworks\ Forge.build/Debug/Chainworks\ Forge.build/DerivedSources/arm64 -Xcc -I/var/folders/fj/v77kf6rs4dz1ybsm1_1_qhb00000gn/T/chainworks-test-gates/p042-swift-20260420T063001Z-DerivedData/Build/Intermediates.noindex/Chainworks\ Forge.build/Debug/Chainworks\ Forge.build/DerivedSources -Xcc -DDEBUG\=1 -emit-objc-header -emit-objc-header-path /var/folders/fj/v77kf6rs4dz1ybsm1_1_qhb00000gn/T/chainworks-test-gates/p042-swift-20260420T063001Z-DerivedData/Build/Intermediates.noindex/Chainworks\ Forge.build/Debug/Chainworks\ Forge.build/Objects-normal/arm64/Chainworks_Forge-Swift.h -working-directory /Users/user/Documents/Chainworks\ Forge -experimental-emit-module-separately -disable-cmo

Ld /var/folders/fj/v77kf6rs4dz1ybsm1_1_qhb00000gn/T/chainworks-test-gates/p042-swift-20260420T063001Z-DerivedData/Build/Products/Debug/Chainworks\ Forge.app/Contents/MacOS/Chainworks\ Forge.debug.dylib normal (in target 'Chainworks Forge' from project 'Chainworks Forge')
    cd /Users/user/Documents/Chainworks\ Forge
    /Applications/Xcode.app/Contents/Developer/Toolchains/XcodeDefault.xctoolchain/usr/bin/clang -Xlinker -reproducible -target arm64-apple-macos26.2 -dynamiclib -isysroot /Applications/Xcode.app/Contents/Developer/Platforms/MacOSX.platform/Developer/SDKs/MacOSX26.4.sdk -O0 -L/var/folders/fj/v77kf6rs4dz1ybsm1_1_qhb00000gn/T/chainworks-test-gates/p042-swift-20260420T063001Z-DerivedData/Build/Intermediates.noindex/EagerLinkingTBDs/Debug -L/var/folders/fj/v77kf6rs4dz1ybsm1_1_qhb00000gn/T/chainworks-test-gates/p042-swift-20260420T063001Z-DerivedData/Build/Products/Debug -F/var/folders/fj/v77kf6rs4dz1ybsm1_1_qhb00000gn/T/chainworks-test-gates/p042-swift-20260420T063001Z-DerivedData/Build/Intermediates.noindex/EagerLinkingTBDs/Debug -F/var/folders/fj/v77kf6rs4dz1ybsm1_1_qhb00000gn/T/chainworks-test-gates/p042-swift-20260420T063001Z-DerivedData/Build/Products/Debug/PackageFrameworks -F/var/folders/fj/v77kf6rs4dz1ybsm1_1_qhb00000gn/T/chainworks-test-gates/p042-swift-20260420T063001Z-DerivedData/Build/Products/Debug/PackageFrameworks -F/var/folders/fj/v77kf6rs4dz1ybsm1_1_qhb00000gn/T/chainworks-test-gates/p042-swift-20260420T063001Z-DerivedData/Build/Products/Debug -filelist /var/folders/fj/v77kf6rs4dz1ybsm1_1_qhb00000gn/T/chainworks-test-gates/p042-swift-20260420T063001Z-DerivedData/Build/Intermediates.noindex/Chainworks\ Forge.build/Debug/Chainworks\ Forge.build/Objects-normal/arm64/Chainworks\ Forge.LinkFileList -install_name @rpath/Chainworks\ Forge.debug.dylib -Xlinker -rpath -Xlinker /var/folders/fj/v77kf6rs4dz1ybsm1_1_qhb00000gn/T/chainworks-test-gates/p042-swift-20260420T063001Z-DerivedData/Build/Products/Debug/PackageFrameworks -Xlinker -rpath -Xlinker @executable_path/../Frameworks -Xlinker -dead_strip -Xlinker -object_path_lto -Xlinker /var/folders/fj/v77kf6rs4dz1ybsm1_1_qhb00000gn/T/chainworks-test-gates/p042-swift-20260420T063001Z-DerivedData/Build/Intermediates.noindex/Chainworks\ Forge.build/Debug/Chainworks\ Forge.build/Objects-normal/arm64/Chainworks\ Forge_lto.o -rdynamic -Xlinker -no_deduplicate -Xlinker -debug_variant -Xlinker -dependency_info -Xlinker /var/folders/fj/v77kf6rs4dz1ybsm1_1_qhb00000gn/T/chainworks-test-gates/p042-swift-20260420T063001Z-DerivedData/Build/Intermediates.noindex/Chainworks\ Forge.build/Debug/Chainworks\ Forge.build/Objects-normal/arm64/Chainworks\ Forge_dependency_info.dat -fobjc-link-runtime -fprofile-instr-generate -L/Applications/Xcode.app/Contents/Developer/Toolchains/XcodeDefault.xctoolchain/usr/lib/swift/macosx -L/usr/lib/swift -Xlinker -add_ast_path -Xlinker /var/folders/fj/v77kf6rs4dz1ybsm1_1_qhb00000gn/T/chainworks-test-gates/p042-swift-20260420T063001Z-DerivedData/Build/Intermediates.noindex/Chainworks\ Forge.build/Debug/Chainworks\ Forge.build/Objects-normal/arm64/Chainworks_Forge.swiftmodule @/var/folders/fj/v77kf6rs4dz1ybsm1_1_qhb00000gn/T/chainworks-test-gates/p042-swift-20260420T063001Z-DerivedData/Build/Intermediates.noindex/Chainworks\ Forge.build/Debug/Chainworks\ Forge.build/Objects-normal/arm64/Chainworks_Forge-linker-args.resp -Wl,-no_warn_duplicate_libraries -Wl,-no_warn_duplicate_libraries -Xlinker -alias -Xlinker _main -Xlinker ___debug_main_executable_dylib_entry_point /var/folders/fj/v77kf6rs4dz1ybsm1_1_qhb00000gn/T/chainworks-test-gates/p042-swift-20260420T063001Z-DerivedData/Build/Products/Debug/PackageFrameworks/Yams_712EB057E_PackageProduct.framework/Versions/A/Yams_712EB057E_PackageProduct -Xlinker -no_adhoc_codesign -o /var/folders/fj/v77kf6rs4dz1ybsm1_1_qhb00000gn/T/chainworks-test-gates/p042-swift-20260420T063001Z-DerivedData/Build/Products/Debug/Chainworks\ Forge.app/Contents/MacOS/Chainworks\ Forge.debug.dylib

ConstructStubExecutorLinkFileList /var/folders/fj/v77kf6rs4dz1ybsm1_1_qhb00000gn/T/chainworks-test-gates/p042-swift-20260420T063001Z-DerivedData/Build/Intermediates.noindex/Chainworks\ Forge.build/Debug/Chainworks\ Forge.build/Chainworks\ Forge-ExecutorLinkFileList-normal-arm64.txt (in target 'Chainworks Forge' from project 'Chainworks Forge')
    cd /Users/user/Documents/Chainworks\ Forge
    construct-stub-executor-link-file-list /var/folders/fj/v77kf6rs4dz1ybsm1_1_qhb00000gn/T/chainworks-test-gates/p042-swift-20260420T063001Z-DerivedData/Build/Products/Debug/Chainworks\ Forge.app/Contents/MacOS/Chainworks\ Forge.debug.dylib /Applications/Xcode.app/Contents/Developer/Platforms/MacOSX.platform/Developer/usr/lib/libPreviewsJITStubExecutor_no_swift_entry_point.a /Applications/Xcode.app/Contents/Developer/Platforms/MacOSX.platform/Developer/usr/lib/libPreviewsJITStubExecutor.a --output /var/folders/fj/v77kf6rs4dz1ybsm1_1_qhb00000gn/T/chainworks-test-gates/p042-swift-20260420T063001Z-DerivedData/Build/Intermediates.noindex/Chainworks\ Forge.build/Debug/Chainworks\ Forge.build/Chainworks\ Forge-ExecutorLinkFileList-normal-arm64.txt
note: Using stub executor library with Swift entry point. (in target 'Chainworks Forge' from project 'Chainworks Forge')

Ld /var/folders/fj/v77kf6rs4dz1ybsm1_1_qhb00000gn/T/chainworks-test-gates/p042-swift-20260420T063001Z-DerivedData/Build/Products/Debug/Chainworks\ Forge.app/Contents/MacOS/Chainworks\ Forge normal (in target 'Chainworks Forge' from project 'Chainworks Forge')
    cd /Users/user/Documents/Chainworks\ Forge
    /Applications/Xcode.app/Contents/Developer/Toolchains/XcodeDefault.xctoolchain/usr/bin/clang -Xlinker -reproducible -target arm64-apple-macos26.2 -isysroot /Applications/Xcode.app/Contents/Developer/Platforms/MacOSX.platform/Developer/SDKs/MacOSX26.4.sdk -O0 -L/var/folders/fj/v77kf6rs4dz1ybsm1_1_qhb00000gn/T/chainworks-test-gates/p042-swift-20260420T063001Z-DerivedData/Build/Products/Debug -F/var/folders/fj/v77kf6rs4dz1ybsm1_1_qhb00000gn/T/chainworks-test-gates/p042-swift-20260420T063001Z-DerivedData/Build/Products/Debug/PackageFrameworks -F/var/folders/fj/v77kf6rs4dz1ybsm1_1_qhb00000gn/T/chainworks-test-gates/p042-swift-20260420T063001Z-DerivedData/Build/Products/Debug/PackageFrameworks -F/var/folders/fj/v77kf6rs4dz1ybsm1_1_qhb00000gn/T/chainworks-test-gates/p042-swift-20260420T063001Z-DerivedData/Build/Products/Debug -Xlinker -rpath -Xlinker @executable_path -Xlinker -rpath -Xlinker /var/folders/fj/v77kf6rs4dz1ybsm1_1_qhb00000gn/T/chainworks-test-gates/p042-swift-20260420T063001Z-DerivedData/Build/Products/Debug/PackageFrameworks -Xlinker -rpath -Xlinker @executable_path/../Frameworks -rdynamic -Xlinker -no_deduplicate -Xlinker -debug_variant -e ___debug_blank_executor_main -Xlinker -sectcreate -Xlinker __TEXT -Xlinker __debug_dylib -Xlinker /var/folders/fj/v77kf6rs4dz1ybsm1_1_qhb00000gn/T/chainworks-test-gates/p042-swift-20260420T063001Z-DerivedData/Build/Intermediates.noindex/Chainworks\ Forge.build/Debug/Chainworks\ Forge.build/Chainworks\ Forge-DebugDylibPath-normal-arm64.txt -Xlinker -sectcreate -Xlinker __TEXT -Xlinker __debug_instlnm -Xlinker /var/folders/fj/v77kf6rs4dz1ybsm1_1_qhb00000gn/T/chainworks-test-gates/p042-swift-20260420T063001Z-DerivedData/Build/Intermediates.noindex/Chainworks\ Forge.build/Debug/Chainworks\ Forge.build/Chainworks\ Forge-DebugDylibInstallName-normal-arm64.txt -Xlinker -filelist -Xlinker /var/folders/fj/v77kf6rs4dz1ybsm1_1_qhb00000gn/T/chainworks-test-gates/p042-swift-20260420T063001Z-DerivedData/Build/Intermediates.noindex/Chainworks\ Forge.build/Debug/Chainworks\ Forge.build/Chainworks\ Forge-ExecutorLinkFileList-normal-arm64.txt /var/folders/fj/v77kf6rs4dz1ybsm1_1_qhb00000gn/T/chainworks-test-gates/p042-swift-20260420T063001Z-DerivedData/Build/Products/Debug/Chainworks\ Forge.app/Contents/MacOS/Chainworks\ Forge.debug.dylib -Xlinker -no_adhoc_codesign -o /var/folders/fj/v77kf6rs4dz1ybsm1_1_qhb00000gn/T/chainworks-test-gates/p042-swift-20260420T063001Z-DerivedData/Build/Products/Debug/Chainworks\ Forge.app/Contents/MacOS/Chainworks\ Forge

PhaseScriptExecution Embed\ Control-Plane\ Daemon /var/folders/fj/v77kf6rs4dz1ybsm1_1_qhb00000gn/T/chainworks-test-gates/p042-swift-20260420T063001Z-DerivedData/Build/Intermediates.noindex/Chainworks\ Forge.build/Debug/Chainworks\ Forge.build/Script-CE5347FE2F94332200F5D470.sh (in target 'Chainworks Forge' from project 'Chainworks Forge')
    cd /Users/user/Documents/Chainworks\ Forge
    export ACTION\=build
    export AD_HOC_CODE_SIGNING_ALLOWED\=YES
    export AGGREGATE_TRACKED_DOMAINS\=YES
    export ALLOW_BUILD_REQUEST_OVERRIDES\=NO
    export ALLOW_TARGET_PLATFORM_SPECIALIZATION\=NO
    export ALTERNATE_GROUP\=staff
    export ALTERNATE_MODE\=u+w,go-w,a+rX
    export ALTERNATE_OWNER\=user
    export ALTERNATIVE_DISTRIBUTION_WEB\=NO
    export ALWAYS_EMBED_SWIFT_STANDARD_LIBRARIES\=NO
    export ALWAYS_SEARCH_USER_PATHS\=NO
    export ALWAYS_USE_SEPARATE_HEADERMAPS\=NO
    export APPLICATION_EXTENSION_API_ONLY\=NO
    export APPLY_RULES_IN_COPY_FILES\=NO
    export APPLY_RULES_IN_COPY_HEADERS\=NO
    export APP_SHORTCUTS_ENABLE_FLEXIBLE_MATCHING\=YES
    export ARCHS\=arm64
    export ARCHS_BASE\=arm64
    export ARCHS_STANDARD\=arm64\ x86_64
    export ARCHS_STANDARD_32_64_BIT\=arm64\ x86_64\ i386
    export ARCHS_STANDARD_32_BIT\=i386
    export ARCHS_STANDARD_64_BIT\=arm64\ x86_64
    export ARCHS_STANDARD_INCLUDING_64_BIT\=arm64\ x86_64
    export ASSETCATALOG_COMPILER_APPICON_NAME\=AppIcon
    export ASSETCATALOG_COMPILER_GENERATE_SWIFT_ASSET_SYMBOL_EXTENSIONS\=YES
    export ASSETCATALOG_COMPILER_GLOBAL_ACCENT_COLOR_NAME\=AccentColor
    export ASSETCATALOG_COMPILER_INCLUDE_ALL_APPICON_ASSETS\=YES
    export AUTOMATICALLY_MERGE_DEPENDENCIES\=NO
    export AUTOMATION_APPLE_EVENTS\=NO
    export AVAILABLE_PLATFORMS\=android\ appletvos\ appletvsimulator\ driverkit\ freebsd\ iphoneos\ iphonesimulator\ linux\ macosx\ none\ openbsd\ qnx\ watchos\ watchsimulator\ webassembly\ xros\ xrsimulator
    export AppIdentifierPrefix\=R859U8DTY9.
    export BUILD_ACTIVE_RESOURCES_ONLY\=NO
    export BUILD_COMPONENTS\=headers\ build
    export BUILD_DIR\=/var/folders/fj/v77kf6rs4dz1ybsm1_1_qhb00000gn/T/chainworks-test-gates/p042-swift-20260420T063001Z-DerivedData/Build/Products
    export BUILD_LIBRARY_FOR_DISTRIBUTION\=NO
    export BUILD_ONLY_KNOWN_LOCALIZATIONS\=NO
    export BUILD_ROOT\=/var/folders/fj/v77kf6rs4dz1ybsm1_1_qhb00000gn/T/chainworks-test-gates/p042-swift-20260420T063001Z-DerivedData/Build/Products
    export BUILD_STYLE\=
    export BUILD_VARIANTS\=normal
    export BUILT_PRODUCTS_DIR\=/var/folders/fj/v77kf6rs4dz1ybsm1_1_qhb00000gn/T/chainworks-test-gates/p042-swift-20260420T063001Z-DerivedData/Build/Products/Debug
    export BUNDLE_CONTENTS_FOLDER_PATH\=Contents/
    export BUNDLE_CONTENTS_FOLDER_PATH_deep\=Contents/
    export BUNDLE_EXECUTABLE_FOLDER_NAME_deep\=MacOS
    export BUNDLE_EXECUTABLE_FOLDER_PATH\=Contents/MacOS
    export BUNDLE_EXTENSIONS_FOLDER_PATH\=Contents/Extensions
    export BUNDLE_FORMAT\=deep
    export BUNDLE_FRAMEWORKS_FOLDER_PATH\=Contents/Frameworks
    export BUNDLE_PLUGINS_FOLDER_PATH\=Contents/PlugIns
    export BUNDLE_PRIVATE_HEADERS_FOLDER_PATH\=Contents/PrivateHeaders
    export BUNDLE_PUBLIC_HEADERS_FOLDER_PATH\=Contents/Headers
    export CACHE_ROOT\=/var/folders/fj/v77kf6rs4dz1ybsm1_1_qhb00000gn/C/com.apple.DeveloperTools/26.4.1-17E202/Xcode
    export CCHROOT\=/var/folders/fj/v77kf6rs4dz1ybsm1_1_qhb00000gn/C/com.apple.DeveloperTools/26.4.1-17E202/Xcode
    export CHMOD\=/bin/chmod
    export CHOWN\=chown
    export CLANG_ANALYZER_NONNULL\=YES
    export CLANG_ANALYZER_NUMBER_OBJECT_CONVERSION\=YES_AGGRESSIVE
    export CLANG_CACHE_FINE_GRAINED_OUTPUTS\=YES
    export CLANG_COVERAGE_MAPPING\=YES
    export CLANG_CXX_LANGUAGE_STANDARD\=gnu++20
    export CLANG_ENABLE_EXPLICIT_MODULES\=YES
    export CLANG_ENABLE_MODULES\=YES
    export CLANG_ENABLE_OBJC_ARC\=YES
    export CLANG_ENABLE_OBJC_WEAK\=YES
    export CLANG_MODULES_BUILD_SESSION_FILE\=/var/folders/fj/v77kf6rs4dz1ybsm1_1_qhb00000gn/T/chainworks-test-gates/p042-swift-20260420T063001Z-DerivedData/ModuleCache.noindex/Session.modulevalidation
    export CLANG_PROFILE_DATA_DIRECTORY\=/var/folders/fj/v77kf6rs4dz1ybsm1_1_qhb00000gn/T/chainworks-test-gates/p042-swift-20260420T063001Z-DerivedData/Build/ProfileData
    export CLANG_WARN_BLOCK_CAPTURE_AUTORELEASING\=YES
    export CLANG_WARN_BOOL_CONVERSION\=YES
    export CLANG_WARN_COMMA\=YES
    export CLANG_WARN_CONSTANT_CONVERSION\=YES
    export CLANG_WARN_DEPRECATED_OBJC_IMPLEMENTATIONS\=YES
    export CLANG_WARN_DIRECT_OBJC_ISA_USAGE\=YES_ERROR
    export CLANG_WARN_DOCUMENTATION_COMMENTS\=YES
    export CLANG_WARN_EMPTY_BODY\=YES
    export CLANG_WARN_ENUM_CONVERSION\=YES
    export CLANG_WARN_INFINITE_RECURSION\=YES
    export CLANG_WARN_INT_CONVERSION\=YES
    export CLANG_WARN_NON_LITERAL_NULL_CONVERSION\=YES
    export CLANG_WARN_OBJC_IMPLICIT_RETAIN_SELF\=YES
    export CLANG_WARN_OBJC_LITERAL_CONVERSION\=YES
    export CLANG_WARN_OBJC_ROOT_CLASS\=YES_ERROR
    export CLANG_WARN_QUOTED_INCLUDE_IN_FRAMEWORK_HEADER\=YES
    export CLANG_WARN_RANGE_LOOP_ANALYSIS\=YES
    export CLANG_WARN_STRICT_PROTOTYPES\=YES
    export CLANG_WARN_SUSPICIOUS_MOVE\=YES
    export CLANG_WARN_UNGUARDED_AVAILABILITY\=YES_AGGRESSIVE
    export CLANG_WARN_UNREACHABLE_CODE\=YES
    export CLANG_WARN__DUPLICATE_METHOD_MATCH\=YES
    export CLASS_FILE_DIR\=/var/folders/fj/v77kf6rs4dz1ybsm1_1_qhb00000gn/T/chainworks-test-gates/p042-swift-20260420T063001Z-DerivedData/Build/Intermediates.noindex/Chainworks\ Forge.build/Debug/Chainworks\ Forge.build/JavaClasses
    export CLEAN_PRECOMPS\=YES
    export CLONE_HEADERS\=NO
    export CODESIGNING_FOLDER_PATH\=/var/folders/fj/v77kf6rs4dz1ybsm1_1_qhb00000gn/T/chainworks-test-gates/p042-swift-20260420T063001Z-DerivedData/Build/Products/Debug/Chainworks\ Forge.app
    export CODE_SIGNING_ALLOWED\=YES
    export CODE_SIGNING_REQUIRED\=YES
    export CODE_SIGN_IDENTITY\=Apple\ Development
    export CODE_SIGN_IDENTITY_NO\=Apple\ Development
    export CODE_SIGN_IDENTITY_YES\=-
    export CODE_SIGN_INJECT_BASE_ENTITLEMENTS\=YES
    export CODE_SIGN_STYLE\=Automatic
    export COLOR_DIAGNOSTICS\=NO
    export COMBINE_HIDPI_IMAGES\=YES
    export COMPILATION_CACHE_CAS_PATH\=/var/folders/fj/v77kf6rs4dz1ybsm1_1_qhb00000gn/T/chainworks-test-gates/p042-swift-20260420T063001Z-DerivedData/CompilationCache.noindex
    export COMPILATION_CACHE_KEEP_CAS_DIRECTORY\=YES
    export COMPILER_INDEX_STORE_ENABLE\=Default
    export COMPOSITE_SDK_DIRS\=/var/folders/fj/v77kf6rs4dz1ybsm1_1_qhb00000gn/T/chainworks-test-gates/p042-swift-20260420T063001Z-DerivedData/Build/Intermediates.noindex/CompositeSDKs
    export COMPRESS_PNG_FILES\=NO
    export CONFIGURATION\=Debug
    export CONFIGURATION_BUILD_DIR\=/var/folders/fj/v77kf6rs4dz1ybsm1_1_qhb00000gn/T/chainworks-test-gates/p042-swift-20260420T063001Z-DerivedData/Build/Products/Debug
    export CONFIGURATION_TEMP_DIR\=/var/folders/fj/v77kf6rs4dz1ybsm1_1_qhb00000gn/T/chainworks-test-gates/p042-swift-20260420T063001Z-DerivedData/Build/Intermediates.noindex/Chainworks\ Forge.build/Debug
    export CONTENTS_FOLDER_PATH\=Chainworks\ Forge.app/Contents
    export CONTENTS_FOLDER_PATH_SHALLOW_BUNDLE_NO\=Chainworks\ Forge.app/Contents
    export CONTENTS_FOLDER_PATH_SHALLOW_BUNDLE_YES\=Chainworks\ Forge.app
    export COPYING_PRESERVES_HFS_DATA\=NO
    export COPY_HEADERS_RUN_UNIFDEF\=NO
    export COPY_PHASE_STRIP\=NO
    export CP\=/bin/cp
    export CREATE_INFOPLIST_SECTION_IN_BINARY\=NO
    export CURRENT_ARCH\=undefined_arch
    export CURRENT_PROJECT_VERSION\=1
    export CURRENT_VARIANT\=normal
    export DEAD_CODE_STRIPPING\=YES
    export DEBUGGING_SYMBOLS\=YES
    export DEBUG_INFORMATION_FORMAT\=dwarf
    export DEBUG_INFORMATION_VERSION\=compiler-default
    export DEFAULT_COMPILER\=com.apple.compilers.llvm.clang.1_0
    export DEFAULT_DEXT_INSTALL_PATH\=/System/Library/DriverExtensions
    export DEFAULT_KEXT_INSTALL_PATH\=/System/Library/Extensions
    export DEFINES_MODULE\=NO
    export DEPLOYMENT_LOCATION\=NO
    export DEPLOYMENT_POSTPROCESSING\=NO
    export DEPLOYMENT_TARGET_SETTING_NAME\=MACOSX_DEPLOYMENT_TARGET
    export DEPLOYMENT_TARGET_SUGGESTED_VALUES\=10.13\ 10.14\ 10.15\ 11.0\ 11.1\ 11.2\ 11.3\ 11.4\ 11.5\ 12.0\ 12.2\ 12.3\ 12.4\ 13.0\ 13.1\ 13.2\ 13.3\ 13.4\ 13.5\ 14.0\ 14.1\ 14.2\ 14.3\ 14.4\ 14.5\ 14.6\ 15.0\ 15.1\ 15.2\ 15.3\ 15.4\ 15.5\ 15.6\ 26.0\ 26.1\ 26.2\ 26.3\ 26.4
    export DERIVED_FILES_DIR\=/var/folders/fj/v77kf6rs4dz1ybsm1_1_qhb00000gn/T/chainworks-test-gates/p042-swift-20260420T063001Z-DerivedData/Build/Intermediates.noindex/Chainworks\ Forge.build/Debug/Chainworks\ Forge.build/DerivedSources
    export DERIVED_FILE_DIR\=/var/folders/fj/v77kf6rs4dz1ybsm1_1_qhb00000gn/T/chainworks-test-gates/p042-swift-20260420T063001Z-DerivedData/Build/Intermediates.noindex/Chainworks\ Forge.build/Debug/Chainworks\ Forge.build/DerivedSources
    export DERIVED_SOURCES_DIR\=/var/folders/fj/v77kf6rs4dz1ybsm1_1_qhb00000gn/T/chainworks-test-gates/p042-swift-20260420T063001Z-DerivedData/Build/Intermediates.noindex/Chainworks\ Forge.build/Debug/Chainworks\ Forge.build/DerivedSources
    export DEVELOPER_APPLICATIONS_DIR\=/Applications/Xcode.app/Contents/Developer/Applications
    export DEVELOPER_BIN_DIR\=/Applications/Xcode.app/Contents/Developer/usr/bin
    export DEVELOPER_DIR\=/Applications/Xcode.app/Contents/Developer
    export DEVELOPER_FRAMEWORKS_DIR\=/Applications/Xcode.app/Contents/Developer/Library/Frameworks
    export DEVELOPER_FRAMEWORKS_DIR_QUOTED\=/Applications/Xcode.app/Contents/Developer/Library/Frameworks
    export DEVELOPER_LIBRARY_DIR\=/Applications/Xcode.app/Contents/Developer/Library
    export DEVELOPER_SDK_DIR\=/Applications/Xcode.app/Contents/Developer/Platforms/MacOSX.platform/Developer/SDKs
    export DEVELOPER_TOOLS_DIR\=/Applications/Xcode.app/Contents/Developer/Tools
    export DEVELOPER_USR_DIR\=/Applications/Xcode.app/Contents/Developer/usr
    export DEVELOPMENT_LANGUAGE\=en
    export DEVELOPMENT_TEAM\=R859U8DTY9
    export DIAGNOSE_MISSING_TARGET_DEPENDENCIES\=YES
    export DIFF\=/usr/bin/diff
    export DOCUMENTATION_FOLDER_PATH\=Chainworks\ Forge.app/Contents/Resources/en.lproj/Documentation
    export DONT_GENERATE_INFOPLIST_FILE\=NO
    export DSTROOT\=/tmp/Chainworks\ Forge.dst
    export DT_TOOLCHAIN_DIR\=/Applications/Xcode.app/Contents/Developer/Toolchains/XcodeDefault.xctoolchain
    export DUMP_DEPENDENCIES\=NO
    export DUMP_DEPENDENCIES_OUTPUT_PATH\=/var/folders/fj/v77kf6rs4dz1ybsm1_1_qhb00000gn/T/chainworks-test-gates/p042-swift-20260420T063001Z-DerivedData/Build/Intermediates.noindex/Chainworks\ Forge.build/Debug/Chainworks\ Forge.build/Chainworks\ Forge-BuildDependencyInfo.json
    export DWARF_DSYM_FILE_NAME\=Chainworks\ Forge.app.dSYM
    export DWARF_DSYM_FILE_SHOULD_ACCOMPANY_PRODUCT\=NO
    export DWARF_DSYM_FOLDER_PATH\=/var/folders/fj/v77kf6rs4dz1ybsm1_1_qhb00000gn/T/chainworks-test-gates/p042-swift-20260420T063001Z-DerivedData/Build/Products/Debug
    export DYNAMIC_LIBRARY_EXTENSION\=dylib
    export EAGER_COMPILATION_ALLOW_SCRIPTS\=NO
    export EAGER_LINKING\=NO
    export EFFECTIVE_SWIFT_VERSION\=5
    export EMBEDDED_CONTENT_CONTAINS_SWIFT\=NO
    export EMBEDDED_PROFILE_NAME\=embedded.provisionprofile
    export EMBED_ASSET_PACKS_IN_PRODUCT_BUNDLE\=NO
    export ENABLE_APP_SANDBOX\=NO
    export ENABLE_CODE_COVERAGE\=YES
    export ENABLE_COHORT_ARCHS\=NO
    export ENABLE_CPLUSPLUS_BOUNDS_SAFE_BUFFERS\=NO
    export ENABLE_C_BOUNDS_SAFETY\=NO
    export ENABLE_DEBUG_DYLIB\=YES
    export ENABLE_DEFAULT_HEADER_SEARCH_PATHS\=YES
    export ENABLE_DEFAULT_SEARCH_PATHS\=YES
    export ENABLE_ENHANCED_SECURITY\=NO
    export ENABLE_HARDENED_RUNTIME\=NO
    export ENABLE_HEADER_DEPENDENCIES\=YES
    export ENABLE_INCOMING_NETWORK_CONNECTIONS\=NO
    export ENABLE_ON_DEMAND_RESOURCES\=NO
    export ENABLE_OUTGOING_NETWORK_CONNECTIONS\=NO
    export ENABLE_POINTER_AUTHENTICATION\=NO
    export ENABLE_PREVIEWS\=NO
    export ENABLE_RESOURCE_ACCESS_AUDIO_INPUT\=NO
    export ENABLE_RESOURCE_ACCESS_BLUETOOTH\=NO
    export ENABLE_RESOURCE_ACCESS_CALENDARS\=NO
    export ENABLE_RESOURCE_ACCESS_CAMERA\=NO
    export ENABLE_RESOURCE_ACCESS_CONTACTS\=NO
    export ENABLE_RESOURCE_ACCESS_LOCATION\=NO
    export ENABLE_RESOURCE_ACCESS_PHOTO_LIBRARY\=NO
    export ENABLE_RESOURCE_ACCESS_PRINTING\=NO
    export ENABLE_RESOURCE_ACCESS_USB\=NO
    export ENABLE_SDK_IMPORTS\=NO
    export ENABLE_SECURITY_COMPILER_WARNINGS\=NO
    export ENABLE_STRICT_OBJC_MSGSEND\=YES
    export ENABLE_TESTABILITY\=YES
    export ENABLE_TESTING_SEARCH_PATHS\=NO
    export ENABLE_USER_SCRIPT_SANDBOXING\=NO
    export ENABLE_XOJIT_PREVIEWS\=YES
    export ENFORCE_VALID_ARCHS\=YES
    export ENTITLEMENTS_ALLOWED\=YES
    export ENTITLEMENTS_DESTINATION\=Signature
    export ENTITLEMENTS_REQUIRED\=NO
    export EXCLUDED_INSTALLSRC_SUBDIRECTORY_PATTERNS\=.DS_Store\ .svn\ .git\ .hg\ CVS
    export EXCLUDED_RECURSIVE_SEARCH_PATH_SUBDIRECTORIES\=\*.nib\ \*.lproj\ \*.framework\ \*.gch\ \*.xcode\*\ \*.xcassets\ \*.icon\ \(\*\)\ .DS_Store\ CVS\ .svn\ .git\ .hg\ \*.pbproj\ \*.pbxproj
    export EXECUTABLES_FOLDER_PATH\=Chainworks\ Forge.app/Contents/Executables
    export EXECUTABLE_BLANK_INJECTION_DYLIB_PATH\=Chainworks\ Forge.app/Contents/MacOS/__preview.dylib
    export EXECUTABLE_DEBUG_DYLIB_INSTALL_NAME\=@rpath/Chainworks\ Forge.debug.dylib
    export EXECUTABLE_DEBUG_DYLIB_PATH\=Chainworks\ Forge.app/Contents/MacOS/Chainworks\ Forge.debug.dylib
    export EXECUTABLE_FOLDER_PATH\=Chainworks\ Forge.app/Contents/MacOS
    export EXECUTABLE_FOLDER_PATH_SHALLOW_BUNDLE_NO\=Chainworks\ Forge.app/Contents/MacOS
    export EXECUTABLE_FOLDER_PATH_SHALLOW_BUNDLE_YES\=Chainworks\ Forge.app/Contents
    export EXECUTABLE_NAME\=Chainworks\ Forge
    export EXECUTABLE_PATH\=Chainworks\ Forge.app/Contents/MacOS/Chainworks\ Forge
    export EXPANDED_CODE_SIGN_IDENTITY\=2160021861DD1F9EDCBC401D6FE67C44FF285171
    export EXPANDED_CODE_SIGN_IDENTITY_NAME\=Apple\ Development:\ Андрей\ Khasanov\ \(TTB66998BK\)
    export EXTENSIONS_FOLDER_PATH\=Chainworks\ Forge.app/Contents/Extensions
    export FILE_LIST\=/var/folders/fj/v77kf6rs4dz1ybsm1_1_qhb00000gn/T/chainworks-test-gates/p042-swift-20260420T063001Z-DerivedData/Build/Intermediates.noindex/Chainworks\ Forge.build/Debug/Chainworks\ Forge.build/Objects/LinkFileList
    export FIXED_FILES_DIR\=/var/folders/fj/v77kf6rs4dz1ybsm1_1_qhb00000gn/T/chainworks-test-gates/p042-swift-20260420T063001Z-DerivedData/Build/Intermediates.noindex/Chainworks\ Forge.build/Debug/Chainworks\ Forge.build/FixedFiles
    export FRAMEWORKS_FOLDER_PATH\=Chainworks\ Forge.app/Contents/Frameworks
    export FRAMEWORK_FLAG_PREFIX\=-framework
    export FRAMEWORK_SEARCH_PATHS\=/var/folders/fj/v77kf6rs4dz1ybsm1_1_qhb00000gn/T/chainworks-test-gates/p042-swift-20260420T063001Z-DerivedData/Build/Products/Debug/PackageFrameworks\ /var/folders/fj/v77kf6rs4dz1ybsm1_1_qhb00000gn/T/chainworks-test-gates/p042-swift-20260420T063001Z-DerivedData/Build/Products/Debug/PackageFrameworks\ /var/folders/fj/v77kf6rs4dz1ybsm1_1_qhb00000gn/T/chainworks-test-gates/p042-swift-20260420T063001Z-DerivedData/Build/Products/Debug\ 
    export FRAMEWORK_VERSION\=A
    export FULL_PRODUCT_NAME\=Chainworks\ Forge.app
    export FUSE_BUILD_PHASES\=YES
    export FUSE_BUILD_SCRIPT_PHASES\=NO
    export GCC3_VERSION\=3.3
    export GCC_C_LANGUAGE_STANDARD\=gnu17
    export GCC_DYNAMIC_NO_PIC\=NO
    export GCC_INLINES_ARE_PRIVATE_EXTERN\=YES
    export GCC_NO_COMMON_BLOCKS\=YES
    export GCC_OPTIMIZATION_LEVEL\=0
    export GCC_PFE_FILE_C_DIALECTS\=c\ objective-c\ c++\ objective-c++
    export GCC_PREPROCESSOR_DEFINITIONS\=DEBUG\=1\ 
    export GCC_SYMBOLS_PRIVATE_EXTERN\=NO
    export GCC_TREAT_WARNINGS_AS_ERRORS\=NO
    export GCC_VERSION\=com.apple.compilers.llvm.clang.1_0
    export GCC_VERSION_IDENTIFIER\=com_apple_compilers_llvm_clang_1_0
    export GCC_WARN_64_TO_32_BIT_CONVERSION\=YES
    export GCC_WARN_ABOUT_RETURN_TYPE\=YES_ERROR
    export GCC_WARN_UNDECLARED_SELECTOR\=YES
    export GCC_WARN_UNINITIALIZED_AUTOS\=YES_AGGRESSIVE
    export GCC_WARN_UNUSED_FUNCTION\=YES
    export GCC_WARN_UNUSED_VARIABLE\=YES
    export GENERATED_MODULEMAP_DIR\=/var/folders/fj/v77kf6rs4dz1ybsm1_1_qhb00000gn/T/chainworks-test-gates/p042-swift-20260420T063001Z-DerivedData/Build/Intermediates.noindex/GeneratedModuleMaps
    export GENERATE_INFOPLIST_FILE\=YES
    export GENERATE_INTERMEDIATE_TEXT_BASED_STUBS\=YES
    export GENERATE_PKGINFO_FILE\=YES
    export GENERATE_PRELINK_OBJECT_FILE\=NO
    export GENERATE_PROFILING_CODE\=NO
    export GENERATE_TEXT_BASED_STUBS\=NO
    export GID\=20
    export GROUP\=staff
    export HEADERMAP_INCLUDES_FLAT_ENTRIES_FOR_TARGET_BEING_BUILT\=YES
    export HEADERMAP_INCLUDES_FRAMEWORK_ENTRIES_FOR_ALL_PRODUCT_TYPES\=YES
    export HEADERMAP_INCLUDES_FRAMEWORK_ENTRIES_FOR_TARGETS_NOT_BEING_BUILT\=YES
    export HEADERMAP_INCLUDES_NONPUBLIC_NONPRIVATE_HEADERS\=YES
    export HEADERMAP_INCLUDES_PROJECT_HEADERS\=YES
    export HEADERMAP_USES_FRAMEWORK_PREFIX_ENTRIES\=YES
    export HEADERMAP_USES_VFS\=NO
    export HEADER_SEARCH_PATHS\=/var/folders/fj/v77kf6rs4dz1ybsm1_1_qhb00000gn/T/chainworks-test-gates/p042-swift-20260420T063001Z-DerivedData/SourcePackages/checkouts/Yams/Sources/CYaml/include\ /var/folders/fj/v77kf6rs4dz1ybsm1_1_qhb00000gn/T/chainworks-test-gates/p042-swift-20260420T063001Z-DerivedData/Build/Products/Debug/include\ 
    export HOME\=/Users/user
    export HOST_ARCH\=arm64
    export HOST_PLATFORM\=macosx
    export ICONV\=/usr/bin/iconv
    export IMPLICIT_DEPENDENCY_DOMAIN\=default
    export INDEX_STORE_COMPRESS\=NO
    export INDEX_STORE_ONLY_PROJECT_FILES\=NO
    export INFOPLIST_ENABLE_CFBUNDLEICONS_MERGE\=YES
    export INFOPLIST_EXPAND_BUILD_SETTINGS\=YES
    export INFOPLIST_KEY_CFBundleDisplayName\=Chainworks\ Forge
    export INFOPLIST_KEY_LSApplicationCategoryType\=public.app-category.developer-tools
    export INFOPLIST_OUTPUT_FORMAT\=same-as-input
    export INFOPLIST_PATH\=Chainworks\ Forge.app/Contents/Info.plist
    export INFOPLIST_PREPROCESS\=NO
    export INFOSTRINGS_PATH\=Chainworks\ Forge.app/Contents/Resources/en.lproj/InfoPlist.strings
    export INLINE_PRIVATE_FRAMEWORKS\=NO
    export INSTALLAPI_IGNORE_SKIP_INSTALL\=YES
    export INSTALLHDRS_COPY_PHASE\=NO
    export INSTALLHDRS_SCRIPT_PHASE\=NO
    export INSTALL_DIR\=/tmp/Chainworks\ Forge.dst/Applications
    export INSTALL_GROUP\=staff
    export INSTALL_MODE_FLAG\=u+w,go-w,a+rX
    export INSTALL_OWNER\=user
    export INSTALL_PATH\=/Applications
    export INSTALL_ROOT\=/tmp/Chainworks\ Forge.dst
    export IOS_UNZIPPERED_TWIN_PREFIX_PATH\=/System/iOSSupport
    export IS_MACCATALYST\=NO
    export IS_UNOPTIMIZED_BUILD\=YES
    export JAVAC_DEFAULT_FLAGS\=-J-Xms64m\ -J-XX:NewSize\=4M\ -J-Dfile.encoding\=UTF8
    export JAVA_APP_STUB\=/System/Library/Frameworks/JavaVM.framework/Resources/MacOS/JavaApplicationStub
    export JAVA_ARCHIVE_CLASSES\=YES
    export JAVA_ARCHIVE_TYPE\=JAR
    export JAVA_COMPILER\=/usr/bin/javac
    export JAVA_FOLDER_PATH\=Chainworks\ Forge.app/Contents/Resources/Java
    export JAVA_FRAMEWORK_RESOURCES_DIRS\=Resources
    export JAVA_JAR_FLAGS\=cv
    export JAVA_SOURCE_SUBDIR\=.
    export JAVA_USE_DEPENDENCIES\=YES
    export JAVA_ZIP_FLAGS\=-urg
    export JIKES_DEFAULT_FLAGS\=+E\ +OLDCSO
    export KASAN_CFLAGS_CLASSIC\=-DKASAN\=1\ -DKASAN_CLASSIC\=1\ -fsanitize\=address\ -mllvm\ -asan-globals-live-support\ -mllvm\ -asan-force-dynamic-shadow
    export KASAN_CFLAGS_TBI\=-DKASAN\=1\ -DKASAN_TBI\=1\ -fsanitize\=kernel-hwaddress\ -mllvm\ -hwasan-recover\=0\ -mllvm\ -hwasan-instrument-atomics\=0\ -mllvm\ -hwasan-instrument-stack\=1\ -mllvm\ -hwasan-generate-tags-with-calls\=1\ -mllvm\ -hwasan-instrument-with-calls\=1\ -mllvm\ -hwasan-use-short-granules\=0\ -mllvm\ -hwasan-memory-access-callback-prefix\=__asan_
    export KASAN_DEFAULT_CFLAGS\=-DKASAN\=1\ -DKASAN_CLASSIC\=1\ -fsanitize\=address\ -mllvm\ -asan-globals-live-support\ -mllvm\ -asan-force-dynamic-shadow
    export KEEP_PRIVATE_EXTERNS\=NO
    export LD_DEPENDENCY_INFO_FILE\=/var/folders/fj/v77kf6rs4dz1ybsm1_1_qhb00000gn/T/chainworks-test-gates/p042-swift-20260420T063001Z-DerivedData/Build/Intermediates.noindex/Chainworks\ Forge.build/Debug/Chainworks\ Forge.build/Objects-normal/undefined_arch/Chainworks\ Forge_dependency_info.dat
    export LD_EXPORT_SYMBOLS\=YES
    export LD_GENERATE_MAP_FILE\=NO
    export LD_MAP_FILE_PATH\=/var/folders/fj/v77kf6rs4dz1ybsm1_1_qhb00000gn/T/chainworks-test-gates/p042-swift-20260420T063001Z-DerivedData/Build/Intermediates.noindex/Chainworks\ Forge.build/Debug/Chainworks\ Forge.build/Chainworks\ Forge-LinkMap-normal-undefined_arch.txt
    export LD_NO_PIE\=NO
    export LD_QUOTE_LINKER_ARGUMENTS_FOR_COMPILER_DRIVER\=YES
    export LD_RUNPATH_SEARCH_PATHS\=/var/folders/fj/v77kf6rs4dz1ybsm1_1_qhb00000gn/T/chainworks-test-gates/p042-swift-20260420T063001Z-DerivedData/Build/Products/Debug/PackageFrameworks\ /var/folders/fj/v77kf6rs4dz1ybsm1_1_qhb00000gn/T/chainworks-test-gates/p042-swift-20260420T063001Z-DerivedData/Build/Products/Debug/PackageFrameworks\ \ @executable_path/../Frameworks
    export LD_RUNPATH_SEARCH_PATHS_YES\=@loader_path/../Frameworks
    export LD_SHARED_CACHE_ELIGIBLE\=Automatic
    export LD_WARN_DUPLICATE_LIBRARIES\=NO
    export LD_WARN_UNUSED_DYLIBS\=NO
    export LEGACY_DEVELOPER_DIR\=/Applications/Xcode.app/Contents/PlugIns/Xcode3Core.ideplugin/Contents/SharedSupport/Developer
    export LEX\=lex
    export LIBRARY_DEXT_INSTALL_PATH\=/Library/DriverExtensions
    export LIBRARY_FLAG_NOSPACE\=YES
    export LIBRARY_FLAG_PREFIX\=-l
    export LIBRARY_KEXT_INSTALL_PATH\=/Library/Extensions
    export LIBRARY_SEARCH_PATHS\=/var/folders/fj/v77kf6rs4dz1ybsm1_1_qhb00000gn/T/chainworks-test-gates/p042-swift-20260420T063001Z-DerivedData/Build/Products/Debug\ 
    export LINKER_DISPLAYS_MANGLED_NAMES\=NO
    export LINK_FILE_LIST_normal_arm64\=/var/folders/fj/v77kf6rs4dz1ybsm1_1_qhb00000gn/T/chainworks-test-gates/p042-swift-20260420T063001Z-DerivedData/Build/Intermediates.noindex/Chainworks\ Forge.build/Debug/Chainworks\ Forge.build/Objects-normal/arm64/Chainworks\ Forge.LinkFileList
    export LINK_OBJC_RUNTIME\=YES
    export LINK_WITH_STANDARD_LIBRARIES\=YES
    export LLVM_TARGET_TRIPLE_OS_VERSION\=macos26.2
    export LLVM_TARGET_TRIPLE_OS_VERSION_NO\=macos26.2
    export LLVM_TARGET_TRIPLE_OS_VERSION_YES\=macos26.4
    export LLVM_TARGET_TRIPLE_VENDOR\=apple
    export LM_AUX_CONST_METADATA_LIST_PATH_normal_arm64\=/var/folders/fj/v77kf6rs4dz1ybsm1_1_qhb00000gn/T/chainworks-test-gates/p042-swift-20260420T063001Z-DerivedData/Build/Intermediates.noindex/Chainworks\ Forge.build/Debug/Chainworks\ Forge.build/Objects-normal/arm64/Chainworks\ Forge.SwiftConstValuesFileList
    export LOCALIZATION_EXPORT_SUPPORTED\=YES
    export LOCALIZATION_PREFERS_STRING_CATALOGS\=YES
    export LOCALIZED_RESOURCES_FOLDER_PATH\=Chainworks\ Forge.app/Contents/Resources/en.lproj
    export LOCALIZED_STRING_CODE_COMMENTS\=NO
    export LOCALIZED_STRING_MACRO_NAMES\=NSLocalizedString\ CFCopyLocalizedString
    export LOCALIZED_STRING_SWIFTUI_SUPPORT\=YES
    export LOCAL_ADMIN_APPS_DIR\=/Applications/Utilities
    export LOCAL_APPS_DIR\=/Applications
    export LOCAL_DEVELOPER_DIR\=/Library/Developer
    export LOCAL_LIBRARY_DIR\=/Library
    export LOCROOT\=/Users/user/Documents/Chainworks\ Forge
    export LOCSYMROOT\=/Users/user/Documents/Chainworks\ Forge
    export MACH_O_TYPE\=mh_execute
    export MACOSX_DEPLOYMENT_TARGET\=26.2
    export MAC_OS_X_PRODUCT_BUILD_VERSION\=25E253
    export MAC_OS_X_VERSION_ACTUAL\=260401
    export MAC_OS_X_VERSION_MAJOR\=260000
    export MAC_OS_X_VERSION_MINOR\=260400
    export MAKE_MERGEABLE\=NO
    export MARKETING_VERSION\=1.0
    export MERGEABLE_LIBRARY\=NO
    export MERGED_BINARY_TYPE\=none
    export MERGE_LINKED_LIBRARIES\=NO
    export METAL_LIBRARY_FILE_BASE\=default
    export METAL_LIBRARY_OUTPUT_DIR\=/var/folders/fj/v77kf6rs4dz1ybsm1_1_qhb00000gn/T/chainworks-test-gates/p042-swift-20260420T063001Z-DerivedData/Build/Products/Debug/Chainworks\ Forge.app/Contents/Resources
    export MODULES_FOLDER_PATH\=Chainworks\ Forge.app/Contents/Modules
    export MODULE_CACHE_DIR\=/var/folders/fj/v77kf6rs4dz1ybsm1_1_qhb00000gn/T/chainworks-test-gates/p042-swift-20260420T063001Z-DerivedData/ModuleCache.noindex
    export MTL_ENABLE_DEBUG_INFO\=INCLUDE_SOURCE
    export MTL_FAST_MATH\=YES
    export NATIVE_ARCH\=arm64
    export NATIVE_ARCH_32_BIT\=arm
    export NATIVE_ARCH_64_BIT\=arm64
    export NATIVE_ARCH_ACTUAL\=arm64
    export NO_COMMON\=YES
    export OBJECT_FILE_DIR\=/var/folders/fj/v77kf6rs4dz1ybsm1_1_qhb00000gn/T/chainworks-test-gates/p042-swift-20260420T063001Z-DerivedData/Build/Intermediates.noindex/Chainworks\ Forge.build/Debug/Chainworks\ Forge.build/Objects
    export OBJECT_FILE_DIR_normal\=/var/folders/fj/v77kf6rs4dz1ybsm1_1_qhb00000gn/T/chainworks-test-gates/p042-swift-20260420T063001Z-DerivedData/Build/Intermediates.noindex/Chainworks\ Forge.build/Debug/Chainworks\ Forge.build/Objects-normal
    export OBJROOT\=/var/folders/fj/v77kf6rs4dz1ybsm1_1_qhb00000gn/T/chainworks-test-gates/p042-swift-20260420T063001Z-DerivedData/Build/Intermediates.noindex
    export ONLY_ACTIVE_ARCH\=YES
    export OS\=MACOS
    export OSAC\=/usr/bin/osacompile
    export OTHER_CFLAGS\=-fmodule-map-file\=/var/folders/fj/v77kf6rs4dz1ybsm1_1_qhb00000gn/T/chainworks-test-gates/p042-swift-20260420T063001Z-DerivedData/Build/Intermediates.noindex/GeneratedModuleMaps/Yams.modulemap\ 
    export OTHER_CPLUSPLUSFLAGS\=-fmodule-map-file\=/var/folders/fj/v77kf6rs4dz1ybsm1_1_qhb00000gn/T/chainworks-test-gates/p042-swift-20260420T063001Z-DerivedData/Build/Intermediates.noindex/GeneratedModuleMaps/Yams.modulemap\ 
    export OTHER_LDFLAGS\=-Wl,-no_warn_duplicate_libraries\ -Wl,-no_warn_duplicate_libraries\ 
    export PACKAGE_TYPE\=com.apple.package-type.wrapper.application
    export PASCAL_STRINGS\=YES
    export PATH\=/Applications/Xcode.app/Contents/SharedFrameworks/SwiftBuild.framework/Versions/A/PlugIns/SWBBuildService.bundle/Contents/PlugIns/SWBUniversalPlatformPlugin.bundle/Contents/Frameworks/SWBUniversalPlatform.framework/Resources:/Applications/Xcode.app/Contents/Developer/Toolchains/XcodeDefault.xctoolchain/usr/bin:/Applications/Xcode.app/Contents/Developer/Toolchains/XcodeDefault.xctoolchain/usr/local/bin:/Applications/Xcode.app/Contents/Developer/Toolchains/XcodeDefault.xctoolchain/usr/libexec:/Applications/Xcode.app/Contents/Developer/Platforms/MacOSX.platform/usr/bin:/Applications/Xcode.app/Contents/Developer/Platforms/MacOSX.platform/usr/local/bin:/Applications/Xcode.app/Contents/Developer/Platforms/MacOSX.platform/Developer/usr/bin:/Applications/Xcode.app/Contents/Developer/Platforms/MacOSX.platform/Developer/usr/local/bin:/Applications/Xcode.app/Contents/Developer/usr/bin:/Applications/Xcode.app/Contents/Developer/usr/local/bin:/Users/user/.opencode/bin:/Users/user/.local/bin:/Users/user/.antigravity/antigravity/bin:/Users/user/RustroverProjects/RaceboardServer/target/release:/opt/homebrew/opt/postgresql@12/bin:/opt/homebrew/bin:/opt/homebrew/sbin:/usr/local/bin:/System/Cryptexes/App/usr/bin:/usr/bin:/bin:/usr/sbin:/sbin:/var/run/com.apple.security.cryptexd/codex.system/bootstrap/usr/local/bin:/var/run/com.apple.security.cryptexd/codex.system/bootstrap/usr/bin:/var/run/com.apple.security.cryptexd/codex.system/bootstrap/usr/appleinternal/bin:/opt/pkg/env/active/bin:/opt/pmk/env/global/bin:/Library/Apple/usr/bin:/usr/local/go/bin:/Users/user/.cargo/bin:/Users/user/.orbstack/bin:/Users/user/Library/Application\ Support/JetBrains/Toolbox/scripts:/Users/user/go/bin:/Users/user/bin:/Users/user/Library/Application\ Support/Claude/local-agent-mode-sessions/skills-plugin/867eee77-9dc3-4cb4-a963-0ed5181dda69/705bac61-c533-4cdf-9325-67506d64099e/bin:/Users/user/Library/Application\ Support/Claude/local-agent-mode-sessions/705bac61-c533-4cdf-9325-67506d64099e/867eee77-9dc3-4cb4-a963-0ed5181dda69/rpm/plugin_01GC5sHmfRpUwySPemYHW7n5/bin:/Users/user/Library/Application\ Support/Claude/local-agent-mode-sessions/705bac61-c533-4cdf-9325-67506d64099e/867eee77-9dc3-4cb4-a963-0ed5181dda69/rpm/plugin_011VCCbVFqAn2m9NLT6tYcch/bin:/Users/user/.claude/plugins/cache/claude-plugins-official/swift-lsp/1.0.0/bin
    export PATH_PREFIXES_EXCLUDED_FROM_HEADER_DEPENDENCIES\=/usr/include\ /usr/local/include\ /System/Library/Frameworks\ /System/Library/PrivateFrameworks\ /Applications/Xcode.app/Contents/Developer/Headers\ /Applications/Xcode.app/Contents/Developer/SDKs\ /Applications/Xcode.app/Contents/Developer/Platforms
    export PBDEVELOPMENTPLIST_PATH\=Chainworks\ Forge.app/Contents/pbdevelopment.plist
    export PER_ARCH_MODULE_FILE_DIR\=/var/folders/fj/v77kf6rs4dz1ybsm1_1_qhb00000gn/T/chainworks-test-gates/p042-swift-20260420T063001Z-DerivedData/Build/Intermediates.noindex/Chainworks\ Forge.build/Debug/Chainworks\ Forge.build/Objects-normal/undefined_arch
    export PER_ARCH_OBJECT_FILE_DIR\=/var/folders/fj/v77kf6rs4dz1ybsm1_1_qhb00000gn/T/chainworks-test-gates/p042-swift-20260420T063001Z-DerivedData/Build/Intermediates.noindex/Chainworks\ Forge.build/Debug/Chainworks\ Forge.build/Objects-normal/undefined_arch
    export PER_VARIANT_OBJECT_FILE_DIR\=/var/folders/fj/v77kf6rs4dz1ybsm1_1_qhb00000gn/T/chainworks-test-gates/p042-swift-20260420T063001Z-DerivedData/Build/Intermediates.noindex/Chainworks\ Forge.build/Debug/Chainworks\ Forge.build/Objects-normal
    export PKGINFO_FILE_PATH\=/var/folders/fj/v77kf6rs4dz1ybsm1_1_qhb00000gn/T/chainworks-test-gates/p042-swift-20260420T063001Z-DerivedData/Build/Intermediates.noindex/Chainworks\ Forge.build/Debug/Chainworks\ Forge.build/PkgInfo
    export PKGINFO_PATH\=Chainworks\ Forge.app/Contents/PkgInfo
    export PLATFORM_DEVELOPER_APPLICATIONS_DIR\=/Applications/Xcode.app/Contents/Developer/Applications
    export PLATFORM_DEVELOPER_BIN_DIR\=/Applications/Xcode.app/Contents/Developer/usr/bin
    export PLATFORM_DEVELOPER_LIBRARY_DIR\=/Applications/Xcode.app/Contents/Developer/Library
    export PLATFORM_DEVELOPER_SDK_DIR\=/Applications/Xcode.app/Contents/Developer/Platforms/MacOSX.platform/Developer/SDKs
    export PLATFORM_DEVELOPER_TOOLS_DIR\=/Applications/Xcode.app/Contents/Developer/Tools
    export PLATFORM_DEVELOPER_USR_DIR\=/Applications/Xcode.app/Contents/Developer/usr
    export PLATFORM_DIR\=/Applications/Xcode.app/Contents/Developer/Platforms/MacOSX.platform
    export PLATFORM_DISPLAY_NAME\=macOS
    export PLATFORM_FAMILY_NAME\=macOS
    export PLATFORM_NAME\=macosx
    export PLATFORM_PREFERRED_ARCH\=x86_64
    export PLATFORM_PRODUCT_BUILD_VERSION\=25E251
    export PLATFORM_REQUIRES_SWIFT_AUTOLINK_EXTRACT\=NO
    export PLATFORM_REQUIRES_SWIFT_MODULEWRAP\=NO
    export PLATFORM_USES_DSYMS\=YES
    export PLIST_FILE_OUTPUT_FORMAT\=same-as-input
    export PLUGINS_FOLDER_PATH\=Chainworks\ Forge.app/Contents/PlugIns
    export PRECOMPS_INCLUDE_HEADERS_FROM_BUILT_PRODUCTS_DIR\=YES
    export PRECOMP_DESTINATION_DIR\=/var/folders/fj/v77kf6rs4dz1ybsm1_1_qhb00000gn/T/chainworks-test-gates/p042-swift-20260420T063001Z-DerivedData/Build/Intermediates.noindex/Chainworks\ Forge.build/Debug/Chainworks\ Forge.build/PrefixHeaders
    export PRIVATE_HEADERS_FOLDER_PATH\=Chainworks\ Forge.app/Contents/PrivateHeaders
    export PROCESSED_INFOPLIST_PATH\=/var/folders/fj/v77kf6rs4dz1ybsm1_1_qhb00000gn/T/chainworks-test-gates/p042-swift-20260420T063001Z-DerivedData/Build/Intermediates.noindex/Chainworks\ Forge.build/Debug/Chainworks\ Forge.build/Objects-normal/undefined_arch/Processed-Info.plist
    export PRODUCT_BUNDLE_IDENTIFIER\=xax.Chainworks-Forge
    export PRODUCT_BUNDLE_PACKAGE_TYPE\=APPL
    export PRODUCT_MODULE_NAME\=Chainworks_Forge
    export PRODUCT_NAME\=Chainworks\ Forge
    export PRODUCT_SETTINGS_PATH\=
    export PRODUCT_TYPE\=com.apple.product-type.application
    export PROFILING_CODE\=NO
    export PROJECT\=Chainworks\ Forge
    export PROJECT_DERIVED_FILE_DIR\=/var/folders/fj/v77kf6rs4dz1ybsm1_1_qhb00000gn/T/chainworks-test-gates/p042-swift-20260420T063001Z-DerivedData/Build/Intermediates.noindex/Chainworks\ Forge.build/DerivedSources
    export PROJECT_DIR\=/Users/user/Documents/Chainworks\ Forge
    export PROJECT_FILE_PATH\=/Users/user/Documents/Chainworks\ Forge/Chainworks\ Forge.xcodeproj
    export PROJECT_GUID\=6a18b84c5887fced543750989b10baf6
    export PROJECT_NAME\=Chainworks\ Forge
    export PROJECT_TEMP_DIR\=/var/folders/fj/v77kf6rs4dz1ybsm1_1_qhb00000gn/T/chainworks-test-gates/p042-swift-20260420T063001Z-DerivedData/Build/Intermediates.noindex/Chainworks\ Forge.build
    export PROJECT_TEMP_ROOT\=/var/folders/fj/v77kf6rs4dz1ybsm1_1_qhb00000gn/T/chainworks-test-gates/p042-swift-20260420T063001Z-DerivedData/Build/Intermediates.noindex
    export PROVISIONING_PROFILE_REQUIRED\=NO
    export PROVISIONING_PROFILE_REQUIRED_YES_YES\=YES
    export PROVISIONING_PROFILE_SUPPORTED\=YES
    export PUBLIC_HEADERS_FOLDER_PATH\=Chainworks\ Forge.app/Contents/Headers
    export RECOMMENDED_MACOSX_DEPLOYMENT_TARGET\=11.0
    export RECURSIVE_SEARCH_PATHS_FOLLOW_SYMLINKS\=YES
    export REGISTER_APP_GROUPS\=YES
    export REMOVE_CVS_FROM_RESOURCES\=YES
    export REMOVE_GIT_FROM_RESOURCES\=YES
    export REMOVE_HEADERS_FROM_EMBEDDED_BUNDLES\=YES
    export REMOVE_HG_FROM_RESOURCES\=YES
    export REMOVE_STATIC_EXECUTABLES_FROM_EMBEDDED_BUNDLES\=YES
    export REMOVE_SVN_FROM_RESOURCES\=YES
    export RESCHEDULE_INDEPENDENT_HEADERS_PHASES\=YES
    export REZ_COLLECTOR_DIR\=/var/folders/fj/v77kf6rs4dz1ybsm1_1_qhb00000gn/T/chainworks-test-gates/p042-swift-20260420T063001Z-DerivedData/Build/Intermediates.noindex/Chainworks\ Forge.build/Debug/Chainworks\ Forge.build/ResourceManagerResources
    export REZ_OBJECTS_DIR\=/var/folders/fj/v77kf6rs4dz1ybsm1_1_qhb00000gn/T/chainworks-test-gates/p042-swift-20260420T063001Z-DerivedData/Build/Intermediates.noindex/Chainworks\ Forge.build/Debug/Chainworks\ Forge.build/ResourceManagerResources/Objects
    export REZ_SEARCH_PATHS\=/var/folders/fj/v77kf6rs4dz1ybsm1_1_qhb00000gn/T/chainworks-test-gates/p042-swift-20260420T063001Z-DerivedData/Build/Products/Debug\ 
    export RPATH_ORIGIN\=@loader_path
    export RUNTIME_EXCEPTION_ALLOW_DYLD_ENVIRONMENT_VARIABLES\=NO
    export RUNTIME_EXCEPTION_ALLOW_JIT\=NO
    export RUNTIME_EXCEPTION_ALLOW_UNSIGNED_EXECUTABLE_MEMORY\=NO
    export RUNTIME_EXCEPTION_DEBUGGING_TOOL\=NO
    export RUNTIME_EXCEPTION_DISABLE_EXECUTABLE_PAGE_PROTECTION\=NO
    export RUNTIME_EXCEPTION_DISABLE_LIBRARY_VALIDATION\=NO
    export SCANNING_PCM_KEEP_CACHE_DIRECTORY\=YES
    export SCAN_ALL_SOURCE_FILES_FOR_INCLUDES\=NO
    export SCRIPTS_FOLDER_PATH\=Chainworks\ Forge.app/Contents/Resources/Scripts
    export SCRIPT_INPUT_FILE_COUNT\=0
    export SCRIPT_INPUT_FILE_LIST_COUNT\=0
    export SCRIPT_OUTPUT_FILE_COUNT\=0
    export SCRIPT_OUTPUT_FILE_LIST_COUNT\=0
    export SDKROOT\=/Applications/Xcode.app/Contents/Developer/Platforms/MacOSX.platform/Developer/SDKs/MacOSX26.4.sdk
    export SDK_DIR\=/Applications/Xcode.app/Contents/Developer/Platforms/MacOSX.platform/Developer/SDKs/MacOSX26.4.sdk
    export SDK_DIR_macosx\=/Applications/Xcode.app/Contents/Developer/Platforms/MacOSX.platform/Developer/SDKs/MacOSX26.4.sdk
    export SDK_DIR_macosx26_4\=/Applications/Xcode.app/Contents/Developer/Platforms/MacOSX.platform/Developer/SDKs/MacOSX26.4.sdk
    export SDK_NAME\=macosx26.4
    export SDK_NAMES\=macosx26.4
    export SDK_PRODUCT_BUILD_VERSION\=25E251
    export SDK_STAT_CACHE_DIR\=/var/folders/fj/v77kf6rs4dz1ybsm1_1_qhb00000gn/T/chainworks-test-gates/p042-swift-20260420T063001Z-DerivedData
    export SDK_STAT_CACHE_ENABLE\=YES
    export SDK_STAT_CACHE_PATH\=/var/folders/fj/v77kf6rs4dz1ybsm1_1_qhb00000gn/T/chainworks-test-gates/p042-swift-20260420T063001Z-DerivedData/SDKStatCaches.noindex/macosx26.4-25E251-30f9ca8789b706f8bd3fc906a70d770f.sdkstatcache
    export SDK_VERSION\=26.4
    export SDK_VERSION_ACTUAL\=260400
    export SDK_VERSION_MAJOR\=260000
    export SDK_VERSION_MINOR\=260400
    export SED\=/usr/bin/sed
    export SEPARATE_STRIP\=NO
    export SEPARATE_SYMBOL_EDIT\=NO
    export SET_DIR_MODE_OWNER_GROUP\=YES
    export SET_FILE_MODE_OWNER_GROUP\=NO
    export SHALLOW_BUNDLE\=NO
    export SHALLOW_BUNDLE_PLATFORM\=NO
    export SHALLOW_BUNDLE_TRIPLE\=macos
    export SHALLOW_BUNDLE_ios_macabi\=NO
    export SHALLOW_BUNDLE_macos\=NO
    export SHARED_DERIVED_FILE_DIR\=/var/folders/fj/v77kf6rs4dz1ybsm1_1_qhb00000gn/T/chainworks-test-gates/p042-swift-20260420T063001Z-DerivedData/Build/Products/Debug/DerivedSources
    export SHARED_FRAMEWORKS_FOLDER_PATH\=Chainworks\ Forge.app/Contents/SharedFrameworks
    export SHARED_PRECOMPS_DIR\=/var/folders/fj/v77kf6rs4dz1ybsm1_1_qhb00000gn/T/chainworks-test-gates/p042-swift-20260420T063001Z-DerivedData/Build/Intermediates.noindex/PrecompiledHeaders
    export SHARED_SUPPORT_FOLDER_PATH\=Chainworks\ Forge.app/Contents/SharedSupport
    export SKIP_INSTALL\=NO
    export SKIP_MERGEABLE_LIBRARY_BUNDLE_HOOK\=NO
    export SOURCE_ROOT\=/Users/user/Documents/Chainworks\ Forge
    export SRCROOT\=/Users/user/Documents/Chainworks\ Forge
    export STRINGSDATA_DIR\=/var/folders/fj/v77kf6rs4dz1ybsm1_1_qhb00000gn/T/chainworks-test-gates/p042-swift-20260420T063001Z-DerivedData/Build/Intermediates.noindex/Chainworks\ Forge.build/Debug/Chainworks\ Forge.build/Objects-normal/undefined_arch
    export STRINGSDATA_ROOT\=/var/folders/fj/v77kf6rs4dz1ybsm1_1_qhb00000gn/T/chainworks-test-gates/p042-swift-20260420T063001Z-DerivedData/Build/Intermediates.noindex/Chainworks\ Forge.build/Debug/Chainworks\ Forge.build
    export STRINGS_FILE_INFOPLIST_RENAME\=YES
    export STRINGS_FILE_OUTPUT_ENCODING\=UTF-16
    export STRING_CATALOG_GENERATE_SYMBOLS\=YES
    export STRIP_BITCODE_FROM_COPIED_FILES\=NO
    export STRIP_INSTALLED_PRODUCT\=NO
    export STRIP_PNG_TEXT\=NO
    export STRIP_STYLE\=all
    export STRIP_SWIFT_SYMBOLS\=YES
    export SUPPORTED_PLATFORMS\=macosx
    export SUPPORTS_MACCATALYST\=NO
    export SUPPORTS_ON_DEMAND_RESOURCES\=NO
    export SUPPORTS_TEXT_BASED_API\=NO
    export SUPPRESS_WARNINGS\=NO
    export SWIFT_ACTIVE_COMPILATION_CONDITIONS\=DEBUG\ 
    export SWIFT_APPROACHABLE_CONCURRENCY\=YES
    export SWIFT_DEFAULT_ACTOR_ISOLATION\=MainActor
    export SWIFT_EMIT_CONST_VALUE_PROTOCOLS\=AnyResolverProviding\ AppEntity\ AppEnum\ AppExtension\ AppIntent\ AppIntentsPackage\ AppShortcutProviding\ AppShortcutsProvider\ AppUnionValue\ AppUnionValueCasesProviding\ DynamicOptionsProvider\ EntityQuery\ ExtensionPointDefining\ IntentValueQuery\ Resolver\ TransientEntity\ _AssistantIntentsProvider\ _GenerativeFunctionExtractable\ _IntentValueRepresentable
    export SWIFT_EMIT_LOC_STRINGS\=YES
    export SWIFT_ENABLE_EXPLICIT_MODULES\=YES
    export SWIFT_OPTIMIZATION_LEVEL\=-Onone
    export SWIFT_PLATFORM_TARGET_PREFIX\=macos
    export SWIFT_RESPONSE_FILE_PATH_normal_arm64\=/var/folders/fj/v77kf6rs4dz1ybsm1_1_qhb00000gn/T/chainworks-test-gates/p042-swift-20260420T063001Z-DerivedData/Build/Intermediates.noindex/Chainworks\ Forge.build/Debug/Chainworks\ Forge.build/Objects-normal/arm64/Chainworks\ Forge.SwiftFileList
    export SWIFT_UPCOMING_FEATURE_MEMBER_IMPORT_VISIBILITY\=YES
    export SWIFT_VERSION\=5.0
    export SYMROOT\=/var/folders/fj/v77kf6rs4dz1ybsm1_1_qhb00000gn/T/chainworks-test-gates/p042-swift-20260420T063001Z-DerivedData/Build/Products
    export SYSTEM_ADMIN_APPS_DIR\=/Applications/Utilities
    export SYSTEM_APPS_DIR\=/Applications
    export SYSTEM_CORE_SERVICES_DIR\=/System/Library/CoreServices
    export SYSTEM_DEMOS_DIR\=/Applications/Extras
    export SYSTEM_DEVELOPER_APPS_DIR\=/Applications/Xcode.app/Contents/Developer/Applications
    export SYSTEM_DEVELOPER_BIN_DIR\=/Applications/Xcode.app/Contents/Developer/usr/bin
    export SYSTEM_DEVELOPER_DEMOS_DIR\=/Applications/Xcode.app/Contents/Developer/Applications/Utilities/Built\ Examples
    export SYSTEM_DEVELOPER_DIR\=/Applications/Xcode.app/Contents/Developer
    export SYSTEM_DEVELOPER_DOC_DIR\=/Applications/Xcode.app/Contents/Developer/ADC\ Reference\ Library
    export SYSTEM_DEVELOPER_GRAPHICS_TOOLS_DIR\=/Applications/Xcode.app/Contents/Developer/Applications/Graphics\ Tools
    export SYSTEM_DEVELOPER_JAVA_TOOLS_DIR\=/Applications/Xcode.app/Contents/Developer/Applications/Java\ Tools
    export SYSTEM_DEVELOPER_PERFORMANCE_TOOLS_DIR\=/Applications/Xcode.app/Contents/Developer/Applications/Performance\ Tools
    export SYSTEM_DEVELOPER_RELEASENOTES_DIR\=/Applications/Xcode.app/Contents/Developer/ADC\ Reference\ Library/releasenotes
    export SYSTEM_DEVELOPER_TOOLS\=/Applications/Xcode.app/Contents/Developer/Tools
    export SYSTEM_DEVELOPER_TOOLS_DOC_DIR\=/Applications/Xcode.app/Contents/Developer/ADC\ Reference\ Library/documentation/DeveloperTools
    export SYSTEM_DEVELOPER_TOOLS_RELEASENOTES_DIR\=/Applications/Xcode.app/Contents/Developer/ADC\ Reference\ Library/releasenotes/DeveloperTools
    export SYSTEM_DEVELOPER_USR_DIR\=/Applications/Xcode.app/Contents/Developer/usr
    export SYSTEM_DEVELOPER_UTILITIES_DIR\=/Applications/Xcode.app/Contents/Developer/Applications/Utilities
    export SYSTEM_DEXT_INSTALL_PATH\=/System/Library/DriverExtensions
    export SYSTEM_DOCUMENTATION_DIR\=/Library/Documentation
    export SYSTEM_EXTENSIONS_FOLDER_PATH\=Chainworks\ Forge.app/Contents/Library/SystemExtensions
    export SYSTEM_EXTENSIONS_FOLDER_PATH_SHALLOW_BUNDLE_NO\=Chainworks\ Forge.app/Contents/Library/SystemExtensions
    export SYSTEM_EXTENSIONS_FOLDER_PATH_SHALLOW_BUNDLE_YES\=Chainworks\ Forge.app/Contents/SystemExtensions
    export SYSTEM_KEXT_INSTALL_PATH\=/System/Library/Extensions
    export SYSTEM_LIBRARY_DIR\=/System/Library
    export TAPI_DEMANGLE\=YES
    export TAPI_ENABLE_PROJECT_HEADERS\=NO
    export TAPI_LANGUAGE\=objective-c
    export TAPI_LANGUAGE_STANDARD\=compiler-default
    export TAPI_USE_SRCROOT\=YES
    export TAPI_VERIFY_MODE\=Pedantic
    export TARGETNAME\=Chainworks\ Forge
    export TARGET_BUILD_DIR\=/var/folders/fj/v77kf6rs4dz1ybsm1_1_qhb00000gn/T/chainworks-test-gates/p042-swift-20260420T063001Z-DerivedData/Build/Products/Debug
    export TARGET_NAME\=Chainworks\ Forge
    export TARGET_TEMP_DIR\=/var/folders/fj/v77kf6rs4dz1ybsm1_1_qhb00000gn/T/chainworks-test-gates/p042-swift-20260420T063001Z-DerivedData/Build/Intermediates.noindex/Chainworks\ Forge.build/Debug/Chainworks\ Forge.build
    export TEMP_DIR\=/var/folders/fj/v77kf6rs4dz1ybsm1_1_qhb00000gn/T/chainworks-test-gates/p042-swift-20260420T063001Z-DerivedData/Build/Intermediates.noindex/Chainworks\ Forge.build/Debug/Chainworks\ Forge.build
    export TEMP_FILES_DIR\=/var/folders/fj/v77kf6rs4dz1ybsm1_1_qhb00000gn/T/chainworks-test-gates/p042-swift-20260420T063001Z-DerivedData/Build/Intermediates.noindex/Chainworks\ Forge.build/Debug/Chainworks\ Forge.build
    export TEMP_FILE_DIR\=/var/folders/fj/v77kf6rs4dz1ybsm1_1_qhb00000gn/T/chainworks-test-gates/p042-swift-20260420T063001Z-DerivedData/Build/Intermediates.noindex/Chainworks\ Forge.build/Debug/Chainworks\ Forge.build
    export TEMP_ROOT\=/var/folders/fj/v77kf6rs4dz1ybsm1_1_qhb00000gn/T/chainworks-test-gates/p042-swift-20260420T063001Z-DerivedData/Build/Intermediates.noindex
    export TEMP_SANDBOX_DIR\=/var/folders/fj/v77kf6rs4dz1ybsm1_1_qhb00000gn/T/chainworks-test-gates/p042-swift-20260420T063001Z-DerivedData/Build/Intermediates.noindex/TemporaryTaskSandboxes
    export TEST_FRAMEWORK_SEARCH_PATHS\=\ /Applications/Xcode.app/Contents/Developer/Platforms/MacOSX.platform/Developer/Library/Frameworks
    export TEST_LIBRARY_SEARCH_PATHS\=\ /Applications/Xcode.app/Contents/Developer/Platforms/MacOSX.platform/Developer/usr/lib
    export TOOLCHAINS\=com.apple.dt.toolchain.XcodeDefault
    export TOOLCHAIN_DIR\=/Applications/Xcode.app/Contents/Developer/Toolchains/XcodeDefault.xctoolchain
    export TREAT_MISSING_BASELINES_AS_TEST_FAILURES\=NO
    export TREAT_MISSING_SCRIPT_PHASE_OUTPUTS_AS_ERRORS\=NO
    export TeamIdentifierPrefix\=R859U8DTY9.
    export UID\=501
    export UNINSTALLED_PRODUCTS_DIR\=/var/folders/fj/v77kf6rs4dz1ybsm1_1_qhb00000gn/T/chainworks-test-gates/p042-swift-20260420T063001Z-DerivedData/Build/Intermediates.noindex/UninstalledProducts
    export UNLOCALIZED_RESOURCES_FOLDER_PATH\=Chainworks\ Forge.app/Contents/Resources
    export UNLOCALIZED_RESOURCES_FOLDER_PATH_SHALLOW_BUNDLE_NO\=Chainworks\ Forge.app/Contents/Resources
    export UNLOCALIZED_RESOURCES_FOLDER_PATH_SHALLOW_BUNDLE_YES\=Chainworks\ Forge.app/Contents
    export UNSTRIPPED_PRODUCT\=NO
    export USER\=user
    export USER_APPS_DIR\=/Users/user/Applications
    export USER_LIBRARY_DIR\=/Users/user/Library
    export USE_DYNAMIC_NO_PIC\=YES
    export USE_HEADERMAP\=YES
    export USE_HEADER_SYMLINKS\=NO
    export VALIDATE_DEVELOPMENT_ASSET_PATHS\=YES_ERROR
    export VALIDATE_PRODUCT\=NO
    export VALID_ARCHS\=arm64\ arm64e\ i386\ x86_64
    export VERBOSE_PBXCP\=NO
    export VERSIONPLIST_PATH\=Chainworks\ Forge.app/Contents/version.plist
    export VERSION_INFO_BUILDER\=user
    export VERSION_INFO_FILE\=Chainworks\ Forge_vers.c
    export VERSION_INFO_STRING\=\"@\(\#\)PROGRAM:Chainworks\ Forge\ \ PROJECT:Chainworks\ Forge-1\"
    export WORKSPACE_DIR\=/Users/user/Documents/Chainworks\ Forge/Chainworks\ Forge.xcodeproj
    export WRAPPER_EXTENSION\=app
    export WRAPPER_NAME\=Chainworks\ Forge.app
    export WRAPPER_SUFFIX\=.app
    export WRAP_ASSET_PACKS_IN_SEPARATE_DIRECTORIES\=NO
    export XCODE_APP_SUPPORT_DIR\=/Applications/Xcode.app/Contents/Developer/Library/Xcode
    export XCODE_PRODUCT_BUILD_VERSION\=17E202
    export XCODE_VERSION_ACTUAL\=2641
    export XCODE_VERSION_MAJOR\=2600
    export XCODE_VERSION_MINOR\=2640
    export XPCSERVICES_FOLDER_PATH\=Chainworks\ Forge.app/Contents/XPCServices
    export YACC\=yacc
    export _BOOL_\=NO
    export _BOOL_NO\=NO
    export _BOOL_YES\=YES
    export _DEVELOPMENT_TEAM_IS_EMPTY\=NO
    export _DISCOVER_COMMAND_LINE_LINKER_INPUTS\=YES
    export _DISCOVER_COMMAND_LINE_LINKER_INPUTS_INCLUDE_WL\=YES
    export _IS_EMPTY_\=YES
    export _LD_MULTIARCH\=YES
    export _MACOSX_DEPLOYMENT_TARGET_IS_EMPTY\=NO
    export _WRAPPER_CONTENTS_DIR\=/Contents
    export _WRAPPER_CONTENTS_DIR_SHALLOW_BUNDLE_NO\=/Contents
    export _WRAPPER_PARENT_PATH\=/..
    export _WRAPPER_PARENT_PATH_SHALLOW_BUNDLE_NO\=/..
    export _WRAPPER_RESOURCES_DIR\=/Resources
    export _WRAPPER_RESOURCES_DIR_SHALLOW_BUNDLE_NO\=/Resources
    export __DIAGNOSE_DEPRECATED_ARCHS\=YES
    export __IS_NOT_MACOS\=NO
    export __IS_NOT_MACOS_macosx\=NO
    export __IS_NOT_SIMULATOR\=YES
    export __IS_NOT_SIMULATOR_simulator\=NO
    export __ORIGINAL_SDK_DEFINED_LLVM_TARGET_TRIPLE_SYS\=macos
    export arch\=undefined_arch
    export variant\=normal
    /bin/sh -c /var/folders/fj/v77kf6rs4dz1ybsm1_1_qhb00000gn/T/chainworks-test-gates/p042-swift-20260420T063001Z-DerivedData/Build/Intermediates.noindex/Chainworks\\\ Forge.build/Debug/Chainworks\\\ Forge.build/Script-CE5347FE2F94332200F5D470.sh
embed-control-plane-daemon: profile=Debug
                           source=/Users/user/Documents/Chainworks Forge/control-plane
                           target=/var/folders/fj/v77kf6rs4dz1ybsm1_1_qhb00000gn/T/chainworks-test-gates/p042-swift-20260420T063001Z-DerivedData/Build/Intermediates.noindex/Chainworks Forge.build/Debug/Chainworks Forge.build/cargo-target
                           GIT_SHA=1cca56b9
   Compiling proc-macro2 v1.0.106
   Compiling unicode-ident v1.0.24
   Compiling quote v1.0.45
   Compiling libc v0.2.184
   Compiling serde v1.0.228
   Compiling cfg-if v1.0.4
   Compiling serde_core v1.0.228
   Compiling memchr v2.8.0
   Compiling itoa v1.0.18
   Compiling pin-project-lite v0.2.17
   Compiling futures-core v0.3.32
   Compiling scopeguard v1.2.0
   Compiling lock_api v0.4.14
   Compiling zmij v1.0.21
   Compiling autocfg v1.5.0
   Compiling serde_json v1.0.149
   Compiling parking_lot_core v0.9.12
   Compiling version_check v0.9.5
   Compiling once_cell v1.21.4
   Compiling stable_deref_trait v1.2.1
   Compiling smallvec v1.15.1
   Compiling equivalent v1.0.2
   Compiling typenum v1.19.0
   Compiling futures-io v0.3.32
   Compiling hashbrown v0.17.0
   Compiling generic-array v0.14.7
   Compiling crossbeam-utils v0.8.21
   Compiling errno v0.3.14
   Compiling socket2 v0.6.3
   Compiling mio v1.2.0
   Compiling litemap v0.8.2
   Compiling log v0.4.29
   Compiling writeable v0.6.3
   Compiling futures-sink v0.3.32
   Compiling syn v2.0.117
   Compiling icu_normalizer_data v2.2.0
   Compiling utf8_iter v1.0.4
   Compiling futures-task v0.3.32
   Compiling thiserror v2.0.18
   Compiling icu_properties_data v2.2.0
   Compiling tracing-core v0.1.36
   Compiling core-foundation-sys v0.8.7
   Compiling percent-encoding v2.3.2
   Compiling form_urlencoded v1.2.2
   Compiling iana-time-zone v0.1.65
   Compiling parking_lot v0.12.5
   Compiling cpufeatures v0.2.17
   Compiling signal-hook-registry v1.4.8
   Compiling num-traits v0.2.19
   Compiling getrandom v0.4.2
   Compiling parking v2.2.1
   Compiling ryu v1.0.23
   Compiling slab v0.4.12
   Compiling strsim v0.11.1
   Compiling ident_case v1.0.1
   Compiling block-buffer v0.10.4
   Compiling crypto-common v0.1.7
   Compiling spin v0.9.8
   Compiling digest v0.10.7
   Compiling indexmap v2.14.0
   Compiling find-msvc-tools v0.1.9
   Compiling foldhash v0.1.5
   Compiling shlex v1.3.0
   Compiling allocator-api2 v0.2.21
   Compiling cc v1.2.60
   Compiling sha2 v0.10.9
   Compiling hashbrown v0.15.5
   Compiling vcpkg v0.2.15
   Compiling crc-catalog v2.4.0
   Compiling pkg-config v0.3.32
   Compiling httparse v1.10.1
   Compiling heck v0.5.0
   Compiling ucd-trie v0.1.7
   Compiling synstructure v0.13.2
   Compiling pest v2.8.6
   Compiling hashlink v0.10.0
   Compiling libsqlite3-sys v0.30.1
   Compiling uuid v1.23.0
   Compiling crc v3.4.0
   Compiling crossbeam-queue v0.3.12
   Compiling concurrent-queue v2.5.0
   Compiling zerocopy v0.8.48
   Compiling fnv v1.0.7
   Compiling getrandom v0.3.4
   Compiling futures-util v0.3.32
   Compiling darling_core v0.20.11
   Compiling serde_derive v1.0.228
   Compiling zerofrom-derive v0.1.7
   Compiling yoke-derive v0.8.2
   Compiling zerovec-derive v0.11.3
   Compiling displaydoc v0.2.5
   Compiling tracing-attributes v0.1.31
   Compiling thiserror-impl v2.0.18
   Compiling tokio-macros v2.7.0
   Compiling futures-macro v0.3.32
   Compiling zerofrom v0.1.7
   Compiling futures-channel v0.3.32
   Compiling base64 v0.22.1
   Compiling darling_macro v0.20.11
   Compiling tracing v0.1.44
   Compiling chrono v0.4.44
   Compiling event-listener v5.4.1
   Compiling futures-intrusive v0.5.0
   Compiling yoke v0.8.2
   Compiling aho-corasick v1.1.4
   Compiling anyhow v1.0.102
   Compiling thiserror v1.0.69
   Compiling rustix v1.1.4
   Compiling regex-syntax v0.8.10
   Compiling ppv-lite86 v0.2.21
   Compiling darling v0.20.11
   Compiling rand_core v0.9.5
   Compiling futures-executor v0.3.32
   Compiling bytes v1.11.1
   Compiling serde_urlencoded v0.7.1
   Compiling either v1.15.0
   Compiling zerovec v0.11.6
   Compiling zerotrie v0.2.4
   Compiling tokio v1.51.1
   Compiling http v1.4.0
   Compiling regex-automata v0.4.14
   Compiling http-body v1.0.1
   Compiling atoi v2.0.0
   Compiling thiserror-impl v1.0.69
   Compiling flume v0.11.1
   Compiling winnow v1.0.1
   Compiling bitflags v2.11.0
   Compiling derive_builder_core v0.20.2
   Compiling rand_chacha v0.9.0
   Compiling toml_parser v1.1.2+spec-1.1.0
   Compiling pest_meta v2.8.6
   Compiling tinystr v0.8.3
   Compiling potential_utf v0.1.5
   Compiling icu_locale_core v2.2.0
   Compiling darling_core v0.23.0
   Compiling icu_collections v2.2.0
   Compiling dotenvy v0.15.7
   Compiling mime v0.3.17
   Compiling tower-service v0.3.3
   Compiling icu_provider v2.2.0
   Compiling tokio-stream v0.1.18
   Compiling toml_datetime v1.1.1+spec-1.1.0
   Compiling icu_properties v2.2.0
   Compiling icu_normalizer v2.2.0
   Compiling hex v0.4.3
   Compiling toml_edit v0.25.11+spec-1.1.0
   Compiling domain v0.1.0 (/Users/user/Documents/Chainworks Forge/control-plane/crates/domain)
   Compiling pest_generator v2.8.6
   Compiling derive_builder_macro v0.20.2
   Compiling rand v0.9.3
   Compiling async-graphql-value v7.2.1
   Compiling async-trait v0.1.89
   Compiling idna_adapter v1.2.1
   Compiling idna v1.1.0
   Compiling strum_macros v0.27.2
   Compiling darling_macro v0.23.0
   Compiling sha1 v0.10.6
   Compiling url v2.5.8
   Compiling multer v3.1.0
   Compiling async-io v2.6.0
   Compiling httpdate v1.0.3
   Compiling num-modular v0.6.1
   Compiling atomic-waker v1.1.2
   Compiling utf-8 v0.7.6
   Compiling sqlx-core v0.8.6
   Compiling sync_wrapper v1.0.2
   Compiling data-encoding v2.10.0
   Compiling option-ext v0.2.0
   Compiling tower-layer v0.3.3
   Compiling num-order v1.2.0
   Compiling dirs-sys v0.4.1
   Compiling tungstenite v0.28.0
   Compiling darling v0.23.0
   Compiling async-graphql-parser v7.2.1
   Compiling pest_derive v2.8.6
   Compiling tokio-util v0.7.18
   Compiling strum v0.27.2
   Compiling hyper v1.9.0
   Compiling derive_builder v0.20.2
   Compiling proc-macro-crate v3.5.0
   Compiling polling v3.11.0
   Compiling http-body-util v0.1.3
   Compiling futures-lite v2.6.1
   Compiling encoding_rs v0.8.35
   Compiling ascii_utils v0.9.3
   Compiling unsafe-libyaml v0.2.11
   Compiling sqlx-sqlite v0.8.6
   Compiling Inflector v0.11.4
   Compiling fastrand v2.4.1
   Compiling tempfile v3.27.0
   Compiling handlebars v6.4.0
   Compiling serde_yaml v0.9.34+deprecated
   Compiling fast_chemail v0.9.6
   Compiling async-graphql-derive v7.2.1
   Compiling axum-core v0.5.6
   Compiling hyper-util v0.1.20
   Compiling tokio-tungstenite v0.28.0
   Compiling tower v0.5.3
   Compiling dirs v5.0.1
   Compiling regex v1.12.3
   Compiling serde_path_to_error v0.1.20
   Compiling sqlx-macros-core v0.8.6
   Compiling asynk-strim v0.1.5
   Compiling matchit v0.8.4
   Compiling static_assertions_next v1.1.2
   Compiling acp v0.1.0 (/Users/user/Documents/Chainworks Forge/control-plane/crates/acp)
   Compiling axum v0.8.8
   Compiling workflow v0.1.0 (/Users/user/Documents/Chainworks Forge/control-plane/crates/workflow)
   Compiling powerfmt v0.2.0
   Compiling lazy_static v1.5.0
   Compiling sharded-slab v0.1.7
   Compiling deranged v0.5.8
   Compiling sqlx-macros v0.8.6
   Compiling auth v0.1.0 (/Users/user/Documents/Chainworks Forge/control-plane/crates/auth)
   Compiling matchers v0.2.0
   Compiling tracing-serde v0.2.0
   Compiling tracing-log v0.2.0
   Compiling thread_local v1.1.9
   Compiling nu-ansi-term v0.50.3
   Compiling time-core v0.1.8
   Compiling sqlx v0.8.6
   Compiling num-conv v0.2.1
   Compiling tracing-subscriber v0.3.23
   Compiling time v0.3.47
   Compiling crossbeam-channel v0.5.15
   Compiling symlink v0.1.0
   Compiling fs2 v0.4.3
   Compiling db v0.1.0 (/Users/user/Documents/Chainworks Forge/control-plane/crates/db)
   Compiling async-graphql v7.2.1
   Compiling tracing-appender v0.2.5
   Compiling engine v0.1.0 (/Users/user/Documents/Chainworks Forge/control-plane/crates/engine)
   Compiling async-graphql-axum v7.2.1
   Compiling graphql-server v0.1.0 (/Users/user/Documents/Chainworks Forge/control-plane/crates/graphql-server)
   Compiling mcp-server v0.1.0 (/Users/user/Documents/Chainworks Forge/control-plane/crates/mcp-server)
   Compiling daemon v0.1.0 (/Users/user/Documents/Chainworks Forge/control-plane/crates/daemon)
warning: unused import: `Duration`
  --> crates/daemon/src/supervisor.rs:22:17
   |
22 | use std::time::{Duration, SystemTime, UNIX_EPOCH};
   |                 ^^^^^^^^
   |
   = note: `#[warn(unused_imports)]` (part of `#[warn(unused)]`) on by default

warning: unused import: `std::os::unix::io::AsRawFd`
  --> crates/daemon/src/supervisor.rs:89:9
   |
89 |     use std::os::unix::io::AsRawFd;
   |         ^^^^^^^^^^^^^^^^^^^^^^^^^^

warning: `daemon` (lib) generated 2 warnings (run `cargo fix --lib -p daemon` to apply 2 suggestions)
    Finished `dev` profile [unoptimized + debuginfo] target(s) in 43.39s
embed-control-plane-daemon: signing with Apple Development: Андрей Khasanov (TTB66998BK)
/var/folders/fj/v77kf6rs4dz1ybsm1_1_qhb00000gn/T/chainworks-test-gates/p042-swift-20260420T063001Z-DerivedData/Build/Products/Debug/Chainworks Forge.app/Contents/MacOS/chainworks-forge-daemon: replacing existing signature
embed-control-plane-daemon: bundled daemon sha 1cca56b9
embed-control-plane-daemon: ok → /var/folders/fj/v77kf6rs4dz1ybsm1_1_qhb00000gn/T/chainworks-test-gates/p042-swift-20260420T063001Z-DerivedData/Build/Products/Debug/Chainworks Forge.app/Contents/MacOS/chainworks-forge-daemon

Copy /var/folders/fj/v77kf6rs4dz1ybsm1_1_qhb00000gn/T/chainworks-test-gates/p042-swift-20260420T063001Z-DerivedData/Build/Products/Debug/Chainworks\ Forge.app/Contents/Library/LaunchAgents/com.chainworks.forge.daemon.plist /Users/user/Documents/Chainworks\ Forge/Chainworks\ Forge/Resources/LaunchDaemons/com.chainworks.forge.daemon.plist (in target 'Chainworks Forge' from project 'Chainworks Forge')
    cd /Users/user/Documents/Chainworks\ Forge
    builtin-copy -exclude .DS_Store -exclude CVS -exclude .svn -exclude .git -exclude .hg -resolve-src-symlinks -remove-static-executable /Users/user/Documents/Chainworks\ Forge/Chainworks\ Forge/Resources/LaunchDaemons/com.chainworks.forge.daemon.plist /var/folders/fj/v77kf6rs4dz1ybsm1_1_qhb00000gn/T/chainworks-test-gates/p042-swift-20260420T063001Z-DerivedData/Build/Products/Debug/Chainworks\ Forge.app/Contents/Library/LaunchAgents

SwiftDriver Chainworks\ ForgeTests normal arm64 com.apple.xcode.tools.swift.compiler (in target 'Chainworks ForgeTests' from project 'Chainworks Forge')
    cd /Users/user/Documents/Chainworks\ Forge
    builtin-SwiftDriver -- /Applications/Xcode.app/Contents/Developer/Toolchains/XcodeDefault.xctoolchain/usr/bin/swiftc -module-name Chainworks_ForgeTests -Onone @/var/folders/fj/v77kf6rs4dz1ybsm1_1_qhb00000gn/T/chainworks-test-gates/p042-swift-20260420T063001Z-DerivedData/Build/Intermediates.noindex/Chainworks\ Forge.build/Debug/Chainworks\ ForgeTests.build/Objects-normal/arm64/Chainworks\ ForgeTests.SwiftFileList -DDEBUG -plugin-path /Applications/Xcode.app/Contents/Developer/Toolchains/XcodeDefault.xctoolchain/usr/lib/swift/host/plugins/testing -enable-bare-slash-regex -enable-upcoming-feature DisableOutwardActorInference -enable-upcoming-feature InferSendableFromCaptures -enable-upcoming-feature GlobalActorIsolatedTypesUsability -enable-upcoming-feature MemberImportVisibility -enable-upcoming-feature InferIsolatedConformances -enable-upcoming-feature NonisolatedNonsendingByDefault -enable-experimental-feature DebugDescriptionMacro -sdk /Applications/Xcode.app/Contents/Developer/Platforms/MacOSX.platform/Developer/SDKs/MacOSX26.4.sdk -target arm64-apple-macos26.2 -g -module-cache-path /var/folders/fj/v77kf6rs4dz1ybsm1_1_qhb00000gn/T/chainworks-test-gates/p042-swift-20260420T063001Z-DerivedData/ModuleCache.noindex -Xfrontend -serialize-debugging-options -profile-coverage-mapping -profile-generate -enable-testing -index-store-path /var/folders/fj/v77kf6rs4dz1ybsm1_1_qhb00000gn/T/chainworks-test-gates/p042-swift-20260420T063001Z-DerivedData/Index.noindex/DataStore -Xcc -D_LIBCPP_HARDENING_MODE\=_LIBCPP_HARDENING_MODE_DEBUG -swift-version 5 -I /var/folders/fj/v77kf6rs4dz1ybsm1_1_qhb00000gn/T/chainworks-test-gates/p042-swift-20260420T063001Z-DerivedData/Build/Products/Debug -Isystem /Applications/Xcode.app/Contents/Developer/Platforms/MacOSX.platform/Developer/usr/lib -F /var/folders/fj/v77kf6rs4dz1ybsm1_1_qhb00000gn/T/chainworks-test-gates/p042-swift-20260420T063001Z-DerivedData/Build/Products/Debug/PackageFrameworks -F /var/folders/fj/v77kf6rs4dz1ybsm1_1_qhb00000gn/T/chainworks-test-gates/p042-swift-20260420T063001Z-DerivedData/Build/Products/Debug/PackageFrameworks -F /var/folders/fj/v77kf6rs4dz1ybsm1_1_qhb00000gn/T/chainworks-test-gates/p042-swift-20260420T063001Z-DerivedData/Build/Products/Debug/PackageFrameworks -F /var/folders/fj/v77kf6rs4dz1ybsm1_1_qhb00000gn/T/chainworks-test-gates/p042-swift-20260420T063001Z-DerivedData/Build/Products/Debug/PackageFrameworks -F /var/folders/fj/v77kf6rs4dz1ybsm1_1_qhb00000gn/T/chainworks-test-gates/p042-swift-20260420T063001Z-DerivedData/Build/Products/Debug -F /Applications/Xcode.app/Contents/Developer/Platforms/MacOSX.platform/Developer/Library/Frameworks -c -j10 -enable-batch-mode -incremental -Xcc -ivfsstatcache -Xcc /var/folders/fj/v77kf6rs4dz1ybsm1_1_qhb00000gn/T/chainworks-test-gates/p042-swift-20260420T063001Z-DerivedData/SDKStatCaches.noindex/macosx26.4-25E251-30f9ca8789b706f8bd3fc906a70d770f.sdkstatcache -output-file-map /var/folders/fj/v77kf6rs4dz1ybsm1_1_qhb00000gn/T/chainworks-test-gates/p042-swift-20260420T063001Z-DerivedData/Build/Intermediates.noindex/Chainworks\ Forge.build/Debug/Chainworks\ ForgeTests.build/Objects-normal/arm64/Chainworks\ ForgeTests-OutputFileMap.json -use-frontend-parseable-output -save-temps -no-color-diagnostics -explicit-module-build -module-cache-path /var/folders/fj/v77kf6rs4dz1ybsm1_1_qhb00000gn/T/chainworks-test-gates/p042-swift-20260420T063001Z-DerivedData/Build/Intermediates.noindex/SwiftExplicitPrecompiledModules -clang-scanner-module-cache-path /var/folders/fj/v77kf6rs4dz1ybsm1_1_qhb00000gn/T/chainworks-test-gates/p042-swift-20260420T063001Z-DerivedData/ModuleCache.noindex -sdk-module-cache-path /var/folders/fj/v77kf6rs4dz1ybsm1_1_qhb00000gn/T/chainworks-test-gates/p042-swift-20260420T063001Z-DerivedData/ModuleCache.noindex -serialize-diagnostics -emit-dependencies -emit-module -emit-module-path /var/folders/fj/v77kf6rs4dz1ybsm1_1_qhb00000gn/T/chainworks-test-gates/p042-swift-20260420T063001Z-DerivedData/Build/Intermediates.noindex/Chainworks\ Forge.build/Debug/Chainworks\ ForgeTests.build/Objects-normal/arm64/Chainworks_ForgeTests.swiftmodule -validate-clang-modules-once -clang-build-session-file /var/folders/fj/v77kf6rs4dz1ybsm1_1_qhb00000gn/T/chainworks-test-gates/p042-swift-20260420T063001Z-DerivedData/ModuleCache.noindex/Session.modulevalidation -Xcc -I/var/folders/fj/v77kf6rs4dz1ybsm1_1_qhb00000gn/T/chainworks-test-gates/p042-swift-20260420T063001Z-DerivedData/Build/Intermediates.noindex/Chainworks\ Forge.build/Debug/Chainworks\ ForgeTests.build/swift-overrides.hmap -emit-const-values -Xfrontend -const-gather-protocols-file -Xfrontend /var/folders/fj/v77kf6rs4dz1ybsm1_1_qhb00000gn/T/chainworks-test-gates/p042-swift-20260420T063001Z-DerivedData/Build/Intermediates.noindex/Chainworks\ Forge.build/Debug/Chainworks\ ForgeTests.build/Objects-normal/arm64/Chainworks\ ForgeTests_const_extract_protocols.json -Xcc -iquote -Xcc /var/folders/fj/v77kf6rs4dz1ybsm1_1_qhb00000gn/T/chainworks-test-gates/p042-swift-20260420T063001Z-DerivedData/Build/Intermediates.noindex/Chainworks\ Forge.build/Debug/Chainworks\ ForgeTests.build/Chainworks\ ForgeTests-generated-files.hmap -Xcc -I/var/folders/fj/v77kf6rs4dz1ybsm1_1_qhb00000gn/T/chainworks-test-gates/p042-swift-20260420T063001Z-DerivedData/Build/Intermediates.noindex/Chainworks\ Forge.build/Debug/Chainworks\ ForgeTests.build/Chainworks\ ForgeTests-own-target-headers.hmap -Xcc -I/var/folders/fj/v77kf6rs4dz1ybsm1_1_qhb00000gn/T/chainworks-test-gates/p042-swift-20260420T063001Z-DerivedData/Build/Intermediates.noindex/Chainworks\ Forge.build/Debug/Chainworks\ ForgeTests.build/Chainworks\ ForgeTests-all-non-framework-target-headers.hmap -Xcc -ivfsoverlay -Xcc /var/folders/fj/v77kf6rs4dz1ybsm1_1_qhb00000gn/T/chainworks-test-gates/p042-swift-20260420T063001Z-DerivedData/Build/Intermediates.noindex/Chainworks\ Forge.build/Debug/Chainworks\ Forge-6a18b84c5887fced543750989b10baf6-VFS/all-product-headers.yaml -Xcc -iquote -Xcc /var/folders/fj/v77kf6rs4dz1ybsm1_1_qhb00000gn/T/chainworks-test-gates/p042-swift-20260420T063001Z-DerivedData/Build/Intermediates.noindex/Chainworks\ Forge.build/Debug/Chainworks\ ForgeTests.build/Chainworks\ ForgeTests-project-headers.hmap -Xcc -I/var/folders/fj/v77kf6rs4dz1ybsm1_1_qhb00000gn/T/chainworks-test-gates/p042-swift-20260420T063001Z-DerivedData/SourcePackages/checkouts/Yams/Sources/CYaml/include -Xcc -I/var/folders/fj/v77kf6rs4dz1ybsm1_1_qhb00000gn/T/chainworks-test-gates/p042-swift-20260420T063001Z-DerivedData/SourcePackages/checkouts/Yams/Sources/CYaml/include -Xcc -I/var/folders/fj/v77kf6rs4dz1ybsm1_1_qhb00000gn/T/chainworks-test-gates/p042-swift-20260420T063001Z-DerivedData/Build/Products/Debug/include -Xcc -I/var/folders/fj/v77kf6rs4dz1ybsm1_1_qhb00000gn/T/chainworks-test-gates/p042-swift-20260420T063001Z-DerivedData/Build/Intermediates.noindex/Chainworks\ Forge.build/Debug/Chainworks\ ForgeTests.build/DerivedSources-normal/arm64 -Xcc -I/var/folders/fj/v77kf6rs4dz1ybsm1_1_qhb00000gn/T/chainworks-test-gates/p042-swift-20260420T063001Z-DerivedData/Build/Intermediates.noindex/Chainworks\ Forge.build/Debug/Chainworks\ ForgeTests.build/DerivedSources/arm64 -Xcc -I/var/folders/fj/v77kf6rs4dz1ybsm1_1_qhb00000gn/T/chainworks-test-gates/p042-swift-20260420T063001Z-DerivedData/Build/Intermediates.noindex/Chainworks\ Forge.build/Debug/Chainworks\ ForgeTests.build/DerivedSources -Xcc -DDEBUG\=1 -emit-objc-header -emit-objc-header-path /var/folders/fj/v77kf6rs4dz1ybsm1_1_qhb00000gn/T/chainworks-test-gates/p042-swift-20260420T063001Z-DerivedData/Build/Intermediates.noindex/Chainworks\ Forge.build/Debug/Chainworks\ ForgeTests.build/Objects-normal/arm64/Chainworks_ForgeTests-Swift.h -working-directory /Users/user/Documents/Chainworks\ Forge -experimental-emit-module-separately -disable-cmo

CpResource /var/folders/fj/v77kf6rs4dz1ybsm1_1_qhb00000gn/T/chainworks-test-gates/p042-swift-20260420T063001Z-DerivedData/Build/Products/Debug/Chainworks\ Forge.app/Contents/Resources/workflow.yaml /Users/user/Documents/Chainworks\ Forge/examples/workflows/workflow.yaml (in target 'Chainworks Forge' from project 'Chainworks Forge')
    cd /Users/user/Documents/Chainworks\ Forge
    builtin-copy -exclude .DS_Store -exclude CVS -exclude .svn -exclude .git -exclude .hg -resolve-src-symlinks /Users/user/Documents/Chainworks\ Forge/examples/workflows/workflow.yaml /var/folders/fj/v77kf6rs4dz1ybsm1_1_qhb00000gn/T/chainworks-test-gates/p042-swift-20260420T063001Z-DerivedData/Build/Products/Debug/Chainworks\ Forge.app/Contents/Resources

CpResource /var/folders/fj/v77kf6rs4dz1ybsm1_1_qhb00000gn/T/chainworks-test-gates/p042-swift-20260420T063001Z-DerivedData/Build/Products/Debug/Chainworks\ Forge.app/Contents/Resources/agents.yaml /Users/user/Documents/Chainworks\ Forge/examples/agents/agents.yaml (in target 'Chainworks Forge' from project 'Chainworks Forge')
    cd /Users/user/Documents/Chainworks\ Forge
    builtin-copy -exclude .DS_Store -exclude CVS -exclude .svn -exclude .git -exclude .hg -resolve-src-symlinks /Users/user/Documents/Chainworks\ Forge/examples/agents/agents.yaml /var/folders/fj/v77kf6rs4dz1ybsm1_1_qhb00000gn/T/chainworks-test-gates/p042-swift-20260420T063001Z-DerivedData/Build/Products/Debug/Chainworks\ Forge.app/Contents/Resources

CpResource /var/folders/fj/v77kf6rs4dz1ybsm1_1_qhb00000gn/T/chainworks-test-gates/p042-swift-20260420T063001Z-DerivedData/Build/Products/Debug/Chainworks\ Forge.app/Contents/Resources/proposal-loop-live.yaml /Users/user/Documents/Chainworks\ Forge/examples/workflows/proposal-loop-live.yaml (in target 'Chainworks Forge' from project 'Chainworks Forge')
    cd /Users/user/Documents/Chainworks\ Forge
    builtin-copy -exclude .DS_Store -exclude CVS -exclude .svn -exclude .git -exclude .hg -resolve-src-symlinks /Users/user/Documents/Chainworks\ Forge/examples/workflows/proposal-loop-live.yaml /var/folders/fj/v77kf6rs4dz1ybsm1_1_qhb00000gn/T/chainworks-test-gates/p042-swift-20260420T063001Z-DerivedData/Build/Products/Debug/Chainworks\ Forge.app/Contents/Resources

CpResource /var/folders/fj/v77kf6rs4dz1ybsm1_1_qhb00000gn/T/chainworks-test-gates/p042-swift-20260420T063001Z-DerivedData/Build/Products/Debug/Chainworks\ Forge.app/Contents/Resources/proposal-to-release.yaml /Users/user/Documents/Chainworks\ Forge/examples/workflows/proposal-to-release.yaml (in target 'Chainworks Forge' from project 'Chainworks Forge')
    cd /Users/user/Documents/Chainworks\ Forge
    builtin-copy -exclude .DS_Store -exclude CVS -exclude .svn -exclude .git -exclude .hg -resolve-src-symlinks /Users/user/Documents/Chainworks\ Forge/examples/workflows/proposal-to-release.yaml /var/folders/fj/v77kf6rs4dz1ybsm1_1_qhb00000gn/T/chainworks-test-gates/p042-swift-20260420T063001Z-DerivedData/Build/Products/Debug/Chainworks\ Forge.app/Contents/Resources

CpResource /var/folders/fj/v77kf6rs4dz1ybsm1_1_qhb00000gn/T/chainworks-test-gates/p042-swift-20260420T063001Z-DerivedData/Build/Products/Debug/Chainworks\ Forge.app/Contents/Resources/full-mvp-live.yaml /Users/user/Documents/Chainworks\ Forge/examples/workflows/full-mvp-live.yaml (in target 'Chainworks Forge' from project 'Chainworks Forge')
    cd /Users/user/Documents/Chainworks\ Forge
    builtin-copy -exclude .DS_Store -exclude CVS -exclude .svn -exclude .git -exclude .hg -resolve-src-symlinks /Users/user/Documents/Chainworks\ Forge/examples/workflows/full-mvp-live.yaml /var/folders/fj/v77kf6rs4dz1ybsm1_1_qhb00000gn/T/chainworks-test-gates/p042-swift-20260420T063001Z-DerivedData/Build/Products/Debug/Chainworks\ Forge.app/Contents/Resources

CpResource /var/folders/fj/v77kf6rs4dz1ybsm1_1_qhb00000gn/T/chainworks-test-gates/p042-swift-20260420T063001Z-DerivedData/Build/Products/Debug/Chainworks\ Forge.app/Contents/Resources/proposal-po-reviewer.yaml /Users/user/Documents/Chainworks\ Forge/examples/agents/proposal-po-reviewer.yaml (in target 'Chainworks Forge' from project 'Chainworks Forge')
    cd /Users/user/Documents/Chainworks\ Forge
    builtin-copy -exclude .DS_Store -exclude CVS -exclude .svn -exclude .git -exclude .hg -resolve-src-symlinks /Users/user/Documents/Chainworks\ Forge/examples/agents/proposal-po-reviewer.yaml /var/folders/fj/v77kf6rs4dz1ybsm1_1_qhb00000gn/T/chainworks-test-gates/p042-swift-20260420T063001Z-DerivedData/Build/Products/Debug/Chainworks\ Forge.app/Contents/Resources

CpResource /var/folders/fj/v77kf6rs4dz1ybsm1_1_qhb00000gn/T/chainworks-test-gates/p042-swift-20260420T063001Z-DerivedData/Build/Products/Debug/Chainworks\ Forge.app/Contents/Resources/README.md /Users/user/Documents/Chainworks\ Forge/examples/README.md (in target 'Chainworks Forge' from project 'Chainworks Forge')
    cd /Users/user/Documents/Chainworks\ Forge
    builtin-copy -exclude .DS_Store -exclude CVS -exclude .svn -exclude .git -exclude .hg -resolve-src-symlinks /Users/user/Documents/Chainworks\ Forge/examples/README.md /var/folders/fj/v77kf6rs4dz1ybsm1_1_qhb00000gn/T/chainworks-test-gates/p042-swift-20260420T063001Z-DerivedData/Build/Products/Debug/Chainworks\ Forge.app/Contents/Resources

CopyPlistFile /var/folders/fj/v77kf6rs4dz1ybsm1_1_qhb00000gn/T/chainworks-test-gates/p042-swift-20260420T063001Z-DerivedData/Build/Products/Debug/Chainworks\ Forge.app/Contents/Resources/com.chainworks.forge.daemon.plist /Users/user/Documents/Chainworks\ Forge/Chainworks\ Forge/Resources/LaunchDaemons/com.chainworks.forge.daemon.plist (in target 'Chainworks Forge' from project 'Chainworks Forge')
    cd /Users/user/Documents/Chainworks\ Forge
    builtin-copyPlist --outdir /var/folders/fj/v77kf6rs4dz1ybsm1_1_qhb00000gn/T/chainworks-test-gates/p042-swift-20260420T063001Z-DerivedData/Build/Products/Debug/Chainworks\ Forge.app/Contents/Resources -- /Users/user/Documents/Chainworks\ Forge/Chainworks\ Forge/Resources/LaunchDaemons/com.chainworks.forge.daemon.plist

CopySwiftLibs /var/folders/fj/v77kf6rs4dz1ybsm1_1_qhb00000gn/T/chainworks-test-gates/p042-swift-20260420T063001Z-DerivedData/Build/Products/Debug/Chainworks\ Forge.app (in target 'Chainworks Forge' from project 'Chainworks Forge')
    cd /Users/user/Documents/Chainworks\ Forge
    builtin-swiftStdLibTool --copy --verbose --sign 2160021861DD1F9EDCBC401D6FE67C44FF285171 --scan-executable /var/folders/fj/v77kf6rs4dz1ybsm1_1_qhb00000gn/T/chainworks-test-gates/p042-swift-20260420T063001Z-DerivedData/Build/Products/Debug/Chainworks\ Forge.app/Contents/MacOS/Chainworks\ Forge.debug.dylib --scan-folder /var/folders/fj/v77kf6rs4dz1ybsm1_1_qhb00000gn/T/chainworks-test-gates/p042-swift-20260420T063001Z-DerivedData/Build/Products/Debug/Chainworks\ Forge.app/Contents/Frameworks --scan-folder /var/folders/fj/v77kf6rs4dz1ybsm1_1_qhb00000gn/T/chainworks-test-gates/p042-swift-20260420T063001Z-DerivedData/Build/Products/Debug/Chainworks\ Forge.app/Contents/PlugIns --scan-folder /var/folders/fj/v77kf6rs4dz1ybsm1_1_qhb00000gn/T/chainworks-test-gates/p042-swift-20260420T063001Z-DerivedData/Build/Products/Debug/Chainworks\ Forge.app/Contents/Library/SystemExtensions --scan-folder /var/folders/fj/v77kf6rs4dz1ybsm1_1_qhb00000gn/T/chainworks-test-gates/p042-swift-20260420T063001Z-DerivedData/Build/Products/Debug/Chainworks\ Forge.app/Contents/Extensions --scan-folder /var/folders/fj/v77kf6rs4dz1ybsm1_1_qhb00000gn/T/chainworks-test-gates/p042-swift-20260420T063001Z-DerivedData/Build/Products/Debug/PackageFrameworks/Yams_712EB057E_PackageProduct.framework --platform macosx --toolchain /Applications/Xcode.app/Contents/Developer/Toolchains/XcodeDefault.xctoolchain --destination /var/folders/fj/v77kf6rs4dz1ybsm1_1_qhb00000gn/T/chainworks-test-gates/p042-swift-20260420T063001Z-DerivedData/Build/Products/Debug/Chainworks\ Forge.app/Contents/Frameworks --strip-bitcode --strip-bitcode-tool /Applications/Xcode.app/Contents/Developer/Toolchains/XcodeDefault.xctoolchain/usr/bin/bitcode_strip --emit-dependency-info /var/folders/fj/v77kf6rs4dz1ybsm1_1_qhb00000gn/T/chainworks-test-gates/p042-swift-20260420T063001Z-DerivedData/Build/Intermediates.noindex/Chainworks\ Forge.build/Debug/Chainworks\ Forge.build/SwiftStdLibToolInputDependencies.dep --filter-for-swift-os

ExtractAppIntentsMetadata (in target 'Chainworks Forge' from project 'Chainworks Forge')
    cd /Users/user/Documents/Chainworks\ Forge
    /Applications/Xcode.app/Contents/Developer/Toolchains/XcodeDefault.xctoolchain/usr/bin/appintentsmetadataprocessor --toolchain-dir /Applications/Xcode.app/Contents/Developer/Toolchains/XcodeDefault.xctoolchain --module-name Chainworks_Forge --sdk-root /Applications/Xcode.app/Contents/Developer/Platforms/MacOSX.platform/Developer/SDKs/MacOSX26.4.sdk --xcode-version 17E202 --platform-family macOS --deployment-target 26.2 --bundle-identifier xax.Chainworks-Forge --output /var/folders/fj/v77kf6rs4dz1ybsm1_1_qhb00000gn/T/chainworks-test-gates/p042-swift-20260420T063001Z-DerivedData/Build/Products/Debug/Chainworks\ Forge.app/Contents/Resources --target-triple arm64-apple-macos26.2 --binary-file /var/folders/fj/v77kf6rs4dz1ybsm1_1_qhb00000gn/T/chainworks-test-gates/p042-swift-20260420T063001Z-DerivedData/Build/Products/Debug/Chainworks\ Forge.app/Contents/MacOS/Chainworks\ Forge --dependency-file /var/folders/fj/v77kf6rs4dz1ybsm1_1_qhb00000gn/T/chainworks-test-gates/p042-swift-20260420T063001Z-DerivedData/Build/Intermediates.noindex/Chainworks\ Forge.build/Debug/Chainworks\ Forge.build/Objects-normal/arm64/Chainworks\ Forge_dependency_info.dat --stringsdata-file /var/folders/fj/v77kf6rs4dz1ybsm1_1_qhb00000gn/T/chainworks-test-gates/p042-swift-20260420T063001Z-DerivedData/Build/Intermediates.noindex/Chainworks\ Forge.build/Debug/Chainworks\ Forge.build/Objects-normal/arm64/ExtractedAppShortcutsMetadata.stringsdata --source-file-list /var/folders/fj/v77kf6rs4dz1ybsm1_1_qhb00000gn/T/chainworks-test-gates/p042-swift-20260420T063001Z-DerivedData/Build/Intermediates.noindex/Chainworks\ Forge.build/Debug/Chainworks\ Forge.build/Objects-normal/arm64/Chainworks\ Forge.SwiftFileList --metadata-file-list /var/folders/fj/v77kf6rs4dz1ybsm1_1_qhb00000gn/T/chainworks-test-gates/p042-swift-20260420T063001Z-DerivedData/Build/Intermediates.noindex/Chainworks\ Forge.build/Debug/Chainworks\ Forge.build/Chainworks\ Forge.DependencyMetadataFileList --static-metadata-file-list /var/folders/fj/v77kf6rs4dz1ybsm1_1_qhb00000gn/T/chainworks-test-gates/p042-swift-20260420T063001Z-DerivedData/Build/Intermediates.noindex/Chainworks\ Forge.build/Debug/Chainworks\ Forge.build/Chainworks\ Forge.DependencyStaticMetadataFileList --swift-const-vals-list /var/folders/fj/v77kf6rs4dz1ybsm1_1_qhb00000gn/T/chainworks-test-gates/p042-swift-20260420T063001Z-DerivedData/Build/Intermediates.noindex/Chainworks\ Forge.build/Debug/Chainworks\ Forge.build/Objects-normal/arm64/Chainworks\ Forge.SwiftConstValuesFileList --compile-time-extraction --deployment-aware-processing --validate-assistant-intents --no-app-shortcuts-localization
2026-04-20 09:31:39.591 appintentsmetadataprocessor[29663:25593091] Starting appintentsmetadataprocessor export
2026-04-20 09:31:39.598 appintentsmetadataprocessor[29663:25593091] warning: Metadata extraction skipped. No AppIntents.framework dependency found.

CpResource /var/folders/fj/v77kf6rs4dz1ybsm1_1_qhb00000gn/T/chainworks-test-gates/p042-swift-20260420T063001Z-DerivedData/Build/Products/Debug/Chainworks\ Forge.app/Contents/PlugIns/Chainworks\ ForgeTests.xctest/Contents/Resources/steward_config.yaml /Users/user/Documents/Chainworks\ Forge/Chainworks\ ForgeTests/Fixtures/steward_config.yaml (in target 'Chainworks ForgeTests' from project 'Chainworks Forge')
    cd /Users/user/Documents/Chainworks\ Forge
    builtin-copy -exclude .DS_Store -exclude CVS -exclude .svn -exclude .git -exclude .hg -resolve-src-symlinks /Users/user/Documents/Chainworks\ Forge/Chainworks\ ForgeTests/Fixtures/steward_config.yaml /var/folders/fj/v77kf6rs4dz1ybsm1_1_qhb00000gn/T/chainworks-test-gates/p042-swift-20260420T063001Z-DerivedData/Build/Products/Debug/Chainworks\ Forge.app/Contents/PlugIns/Chainworks\ ForgeTests.xctest/Contents/Resources

CpResource /var/folders/fj/v77kf6rs4dz1ybsm1_1_qhb00000gn/T/chainworks-test-gates/p042-swift-20260420T063001Z-DerivedData/Build/Products/Debug/Chainworks\ Forge.app/Contents/PlugIns/Chainworks\ ForgeTests.xctest/Contents/Resources/proposal-loop-live.yaml /Users/user/Documents/Chainworks\ Forge/Chainworks\ ForgeTests/Fixtures/proposal-loop-live.yaml (in target 'Chainworks ForgeTests' from project 'Chainworks Forge')
    cd /Users/user/Documents/Chainworks\ Forge
    builtin-copy -exclude .DS_Store -exclude CVS -exclude .svn -exclude .git -exclude .hg -resolve-src-symlinks /Users/user/Documents/Chainworks\ Forge/Chainworks\ ForgeTests/Fixtures/proposal-loop-live.yaml /var/folders/fj/v77kf6rs4dz1ybsm1_1_qhb00000gn/T/chainworks-test-gates/p042-swift-20260420T063001Z-DerivedData/Build/Products/Debug/Chainworks\ Forge.app/Contents/PlugIns/Chainworks\ ForgeTests.xctest/Contents/Resources

CpResource /var/folders/fj/v77kf6rs4dz1ybsm1_1_qhb00000gn/T/chainworks-test-gates/p042-swift-20260420T063001Z-DerivedData/Build/Products/Debug/Chainworks\ Forge.app/Contents/PlugIns/Chainworks\ ForgeTests.xctest/Contents/Resources/workflow.yaml /Users/user/Documents/Chainworks\ Forge/Chainworks\ ForgeTests/Fixtures/workflow.yaml (in target 'Chainworks ForgeTests' from project 'Chainworks Forge')
    cd /Users/user/Documents/Chainworks\ Forge
    builtin-copy -exclude .DS_Store -exclude CVS -exclude .svn -exclude .git -exclude .hg -resolve-src-symlinks /Users/user/Documents/Chainworks\ Forge/Chainworks\ ForgeTests/Fixtures/workflow.yaml /var/folders/fj/v77kf6rs4dz1ybsm1_1_qhb00000gn/T/chainworks-test-gates/p042-swift-20260420T063001Z-DerivedData/Build/Products/Debug/Chainworks\ Forge.app/Contents/PlugIns/Chainworks\ ForgeTests.xctest/Contents/Resources

CpResource /var/folders/fj/v77kf6rs4dz1ybsm1_1_qhb00000gn/T/chainworks-test-gates/p042-swift-20260420T063001Z-DerivedData/Build/Products/Debug/Chainworks\ Forge.app/Contents/PlugIns/Chainworks\ ForgeTests.xctest/Contents/Resources/full-mvp-live.yaml /Users/user/Documents/Chainworks\ Forge/Chainworks\ ForgeTests/Fixtures/full-mvp-live.yaml (in target 'Chainworks ForgeTests' from project 'Chainworks Forge')
    cd /Users/user/Documents/Chainworks\ Forge
    builtin-copy -exclude .DS_Store -exclude CVS -exclude .svn -exclude .git -exclude .hg -resolve-src-symlinks /Users/user/Documents/Chainworks\ Forge/Chainworks\ ForgeTests/Fixtures/full-mvp-live.yaml /var/folders/fj/v77kf6rs4dz1ybsm1_1_qhb00000gn/T/chainworks-test-gates/p042-swift-20260420T063001Z-DerivedData/Build/Products/Debug/Chainworks\ Forge.app/Contents/PlugIns/Chainworks\ ForgeTests.xctest/Contents/Resources

ProcessInfoPlistFile /var/folders/fj/v77kf6rs4dz1ybsm1_1_qhb00000gn/T/chainworks-test-gates/p042-swift-20260420T063001Z-DerivedData/Build/Products/Debug/Chainworks\ Forge.app/Contents/PlugIns/Chainworks\ ForgeTests.xctest/Contents/Info.plist /var/folders/fj/v77kf6rs4dz1ybsm1_1_qhb00000gn/T/chainworks-test-gates/p042-swift-20260420T063001Z-DerivedData/Build/Intermediates.noindex/Chainworks\ Forge.build/Debug/Chainworks\ ForgeTests.build/empty-Chainworks\ ForgeTests.plist (in target 'Chainworks ForgeTests' from project 'Chainworks Forge')
    cd /Users/user/Documents/Chainworks\ Forge
    builtin-infoPlistUtility /var/folders/fj/v77kf6rs4dz1ybsm1_1_qhb00000gn/T/chainworks-test-gates/p042-swift-20260420T063001Z-DerivedData/Build/Intermediates.noindex/Chainworks\ Forge.build/Debug/Chainworks\ ForgeTests.build/empty-Chainworks\ ForgeTests.plist -producttype com.apple.product-type.bundle.unit-test -expandbuildsettings -platform macosx -o /var/folders/fj/v77kf6rs4dz1ybsm1_1_qhb00000gn/T/chainworks-test-gates/p042-swift-20260420T063001Z-DerivedData/Build/Products/Debug/Chainworks\ Forge.app/Contents/PlugIns/Chainworks\ ForgeTests.xctest/Contents/Info.plist

CpResource /var/folders/fj/v77kf6rs4dz1ybsm1_1_qhb00000gn/T/chainworks-test-gates/p042-swift-20260420T063001Z-DerivedData/Build/Products/Debug/Chainworks\ Forge.app/Contents/PlugIns/Chainworks\ ForgeTests.xctest/Contents/Resources/proposal-to-release.yaml /Users/user/Documents/Chainworks\ Forge/Chainworks\ ForgeTests/Fixtures/proposal-to-release.yaml (in target 'Chainworks ForgeTests' from project 'Chainworks Forge')
    cd /Users/user/Documents/Chainworks\ Forge
    builtin-copy -exclude .DS_Store -exclude CVS -exclude .svn -exclude .git -exclude .hg -resolve-src-symlinks /Users/user/Documents/Chainworks\ Forge/Chainworks\ ForgeTests/Fixtures/proposal-to-release.yaml /var/folders/fj/v77kf6rs4dz1ybsm1_1_qhb00000gn/T/chainworks-test-gates/p042-swift-20260420T063001Z-DerivedData/Build/Products/Debug/Chainworks\ Forge.app/Contents/PlugIns/Chainworks\ ForgeTests.xctest/Contents/Resources

CpResource /var/folders/fj/v77kf6rs4dz1ybsm1_1_qhb00000gn/T/chainworks-test-gates/p042-swift-20260420T063001Z-DerivedData/Build/Products/Debug/Chainworks\ Forge.app/Contents/PlugIns/Chainworks\ ForgeTests.xctest/Contents/Resources/agents.yaml /Users/user/Documents/Chainworks\ Forge/Chainworks\ ForgeTests/Fixtures/agents.yaml (in target 'Chainworks ForgeTests' from project 'Chainworks Forge')
    cd /Users/user/Documents/Chainworks\ Forge
    builtin-copy -exclude .DS_Store -exclude CVS -exclude .svn -exclude .git -exclude .hg -resolve-src-symlinks /Users/user/Documents/Chainworks\ Forge/Chainworks\ ForgeTests/Fixtures/agents.yaml /var/folders/fj/v77kf6rs4dz1ybsm1_1_qhb00000gn/T/chainworks-test-gates/p042-swift-20260420T063001Z-DerivedData/Build/Products/Debug/Chainworks\ Forge.app/Contents/PlugIns/Chainworks\ ForgeTests.xctest/Contents/Resources

Copy /var/folders/fj/v77kf6rs4dz1ybsm1_1_qhb00000gn/T/chainworks-test-gates/p042-swift-20260420T063001Z-DerivedData/Build/Products/Debug/Chainworks\ Forge.app/Contents/PlugIns/Chainworks\ ForgeTests.xctest/Contents/Frameworks/Yams_712EB057E_PackageProduct.framework /var/folders/fj/v77kf6rs4dz1ybsm1_1_qhb00000gn/T/chainworks-test-gates/p042-swift-20260420T063001Z-DerivedData/Build/Products/Debug/PackageFrameworks/Yams_712EB057E_PackageProduct.framework (in target 'Chainworks ForgeTests' from project 'Chainworks Forge')
    cd /Users/user/Documents/Chainworks\ Forge
    builtin-copy -exclude .DS_Store -exclude CVS -exclude .svn -exclude .git -exclude .hg -resolve-src-symlinks -remove-static-executable /var/folders/fj/v77kf6rs4dz1ybsm1_1_qhb00000gn/T/chainworks-test-gates/p042-swift-20260420T063001Z-DerivedData/Build/Products/Debug/PackageFrameworks/Yams_712EB057E_PackageProduct.framework /var/folders/fj/v77kf6rs4dz1ybsm1_1_qhb00000gn/T/chainworks-test-gates/p042-swift-20260420T063001Z-DerivedData/Build/Products/Debug/Chainworks\ Forge.app/Contents/PlugIns/Chainworks\ ForgeTests.xctest/Contents/Frameworks

CodeSign /var/folders/fj/v77kf6rs4dz1ybsm1_1_qhb00000gn/T/chainworks-test-gates/p042-swift-20260420T063001Z-DerivedData/Build/Products/Debug/Chainworks\ Forge.app/Contents/PlugIns/Chainworks\ ForgeTests.xctest/Contents/Frameworks/Yams_712EB057E_PackageProduct.framework/Versions/A (in target 'Chainworks ForgeTests' from project 'Chainworks Forge')
    cd /Users/user/Documents/Chainworks\ Forge
    
    Signing Identity:     "Apple Development: Андрей Khasanov (TTB66998BK)"
    
    /usr/bin/codesign --force --sign 2160021861DD1F9EDCBC401D6FE67C44FF285171 --timestamp\=none --preserve-metadata\=identifier,entitlements,flags --generate-entitlement-der /var/folders/fj/v77kf6rs4dz1ybsm1_1_qhb00000gn/T/chainworks-test-gates/p042-swift-20260420T063001Z-DerivedData/Build/Products/Debug/Chainworks\ Forge.app/Contents/PlugIns/Chainworks\ ForgeTests.xctest/Contents/Frameworks/Yams_712EB057E_PackageProduct.framework/Versions/A
/var/folders/fj/v77kf6rs4dz1ybsm1_1_qhb00000gn/T/chainworks-test-gates/p042-swift-20260420T063001Z-DerivedData/Build/Products/Debug/Chainworks Forge.app/Contents/PlugIns/Chainworks ForgeTests.xctest/Contents/Frameworks/Yams_712EB057E_PackageProduct.framework/Versions/A: replacing existing signature

SwiftExplicitDependencyCompileModuleFromInterface arm64 /var/folders/fj/v77kf6rs4dz1ybsm1_1_qhb00000gn/T/chainworks-test-gates/p042-swift-20260420T063001Z-DerivedData/Build/Intermediates.noindex/SwiftExplicitPrecompiledModules/Testing-29ZFWMF8ZOHOF.swiftmodule

SwiftExplicitDependencyGeneratePcm arm64 /var/folders/fj/v77kf6rs4dz1ybsm1_1_qhb00000gn/T/chainworks-test-gates/p042-swift-20260420T063001Z-DerivedData/Build/Intermediates.noindex/SwiftExplicitPrecompiledModules/XCUIAutomation-AVR2WDCWNJI1D0APMG0DB1DBO.pcm

SwiftExplicitDependencyGeneratePcm arm64 /var/folders/fj/v77kf6rs4dz1ybsm1_1_qhb00000gn/T/chainworks-test-gates/p042-swift-20260420T063001Z-DerivedData/Build/Intermediates.noindex/SwiftExplicitPrecompiledModules/XCTest-5NKC1K2RS2MC8E19NAUAUY59V.pcm

SwiftExplicitDependencyCompileModuleFromInterface arm64 /var/folders/fj/v77kf6rs4dz1ybsm1_1_qhb00000gn/T/chainworks-test-gates/p042-swift-20260420T063001Z-DerivedData/Build/Intermediates.noindex/SwiftExplicitPrecompiledModules/XCUIAutomation-ZRXETZGM6MID.swiftmodule

SwiftExplicitDependencyCompileModuleFromInterface arm64 /var/folders/fj/v77kf6rs4dz1ybsm1_1_qhb00000gn/T/chainworks-test-gates/p042-swift-20260420T063001Z-DerivedData/Build/Intermediates.noindex/SwiftExplicitPrecompiledModules/_Testing_Foundation-2EFGWXY50R14O.swiftmodule

SwiftExplicitDependencyCompileModuleFromInterface arm64 /var/folders/fj/v77kf6rs4dz1ybsm1_1_qhb00000gn/T/chainworks-test-gates/p042-swift-20260420T063001Z-DerivedData/Build/Intermediates.noindex/SwiftExplicitPrecompiledModules/_Testing_CoreGraphics-2K97HS6B6QFWH.swiftmodule

SwiftExplicitDependencyCompileModuleFromInterface arm64 /var/folders/fj/v77kf6rs4dz1ybsm1_1_qhb00000gn/T/chainworks-test-gates/p042-swift-20260420T063001Z-DerivedData/Build/Intermediates.noindex/SwiftExplicitPrecompiledModules/XCTest-1B8P2X3XBNO5B.swiftmodule

SwiftExplicitDependencyCompileModuleFromInterface arm64 /var/folders/fj/v77kf6rs4dz1ybsm1_1_qhb00000gn/T/chainworks-test-gates/p042-swift-20260420T063001Z-DerivedData/Build/Intermediates.noindex/SwiftExplicitPrecompiledModules/_Testing_AppKit-3VLPN26C5K1PA.swiftmodule

SwiftCompile normal arm64 Compiling\ RunStartModePresentationTests.swift,\ RuntimeAgentExecutorTests.swift,\ RuntimeHelperProcessJanitorTests.swift,\ RunTimelineInspectorViewTests.swift,\ RuntimeSessionBridgeTests.swift /Users/user/Documents/Chainworks\ Forge/Chainworks\ ForgeTests/RunStartModePresentationTests.swift /Users/user/Documents/Chainworks\ Forge/Chainworks\ ForgeTests/RuntimeAgentExecutorTests.swift /Users/user/Documents/Chainworks\ Forge/Chainworks\ ForgeTests/RuntimeHelperProcessJanitorTests.swift /Users/user/Documents/Chainworks\ Forge/Chainworks\ ForgeTests/RunTimelineInspectorViewTests.swift /Users/user/Documents/Chainworks\ Forge/Chainworks\ ForgeTests/RuntimeSessionBridgeTests.swift (in target 'Chainworks ForgeTests' from project 'Chainworks Forge')

SwiftCompile normal arm64 /Users/user/Documents/Chainworks\ Forge/Chainworks\ ForgeTests/RunStartModePresentationTests.swift (in target 'Chainworks ForgeTests' from project 'Chainworks Forge')
    cd /Users/user/Documents/Chainworks\ Forge
    

SwiftCompile normal arm64 /Users/user/Documents/Chainworks\ Forge/Chainworks\ ForgeTests/RuntimeAgentExecutorTests.swift (in target 'Chainworks ForgeTests' from project 'Chainworks Forge')
    cd /Users/user/Documents/Chainworks\ Forge
    

SwiftCompile normal arm64 /Users/user/Documents/Chainworks\ Forge/Chainworks\ ForgeTests/RuntimeHelperProcessJanitorTests.swift (in target 'Chainworks ForgeTests' from project 'Chainworks Forge')
    cd /Users/user/Documents/Chainworks\ Forge
    

SwiftCompile normal arm64 /Users/user/Documents/Chainworks\ Forge/Chainworks\ ForgeTests/RunTimelineInspectorViewTests.swift (in target 'Chainworks ForgeTests' from project 'Chainworks Forge')
    cd /Users/user/Documents/Chainworks\ Forge
    

SwiftCompile normal arm64 /Users/user/Documents/Chainworks\ Forge/Chainworks\ ForgeTests/RuntimeSessionBridgeTests.swift (in target 'Chainworks ForgeTests' from project 'Chainworks Forge')
    cd /Users/user/Documents/Chainworks\ Forge
    

SwiftCompile normal arm64 Compiling\ SharedMocks.swift,\ SimulatedAgentExecutorTests.swift,\ SourceContextBuilderTests.swift,\ SupervisorTests.swift,\ TestSupport.swift /Users/user/Documents/Chainworks\ Forge/Chainworks\ ForgeTests/SharedMocks.swift /Users/user/Documents/Chainworks\ Forge/Chainworks\ ForgeTests/SimulatedAgentExecutorTests.swift /Users/user/Documents/Chainworks\ Forge/Chainworks\ ForgeTests/SourceContextBuilderTests.swift /Users/user/Documents/Chainworks\ Forge/Chainworks\ ForgeTests/SupervisorTests.swift /Users/user/Documents/Chainworks\ Forge/Chainworks\ ForgeTests/TestSupport.swift (in target 'Chainworks ForgeTests' from project 'Chainworks Forge')

SwiftCompile normal arm64 /Users/user/Documents/Chainworks\ Forge/Chainworks\ ForgeTests/SharedMocks.swift (in target 'Chainworks ForgeTests' from project 'Chainworks Forge')
    cd /Users/user/Documents/Chainworks\ Forge
    
/Users/user/Documents/Chainworks Forge/Chainworks ForgeTests/SharedMocks.swift:21:9: warning: main actor-isolated initializer 'init(sessionId:status:policyAcknowledgement:actualEnabledExtensions:startupLatencyMilliseconds:)' cannot be called from outside of the actor; this is an error in the Swift 6 language mode
        RuntimeSessionResponse(
        ^~~~~~~~~~~~~~~~~~~~~~~
        await 
@__swiftmacro_21Chainworks_ForgeTests0038SimulatedAgentExecutorTestsswift_yoBAmfMX58_8_6expectfMf_.swift:1:57: warning: main actor-isolated property 'succeeded' can not be referenced from a nonisolated context
Testing.__checkPropertyAccess(result.self,getting: { $0.succeeded },expression: .__fromPropertyAccess(.__fromSyntaxNode("result"),.__fromSyntaxNode("succeeded")),comments: [],isRequired: false,sourceLocation: Testing.SourceLocation.__here()).__expected()
                                                        ^
/Users/user/Documents/Chainworks Forge/Chainworks ForgeTests/SimulatedAgentExecutorTests.swift:59:9: note: in expansion of macro 'expect' here
        #expect(result.succeeded)
        ^~~~~~~~~~~~~~~~~~~~~~~~~
/Users/user/Documents/Chainworks Forge/Chainworks ForgeTests/SimulatedAgentExecutorTests.swift:59:9: note: in expansion of macro 'expect' here
        #expect(result.succeeded)
        ^~~~~~~~~~~~~~~~~~~~~~~~~
Chainworks_Forge.AgentResult.succeeded:2:25: note: property declared here
@MainActor internal let succeeded: Bool}
                        ^
@__swiftmacro_21Chainworks_ForgeTests0038SimulatedAgentExecutorTestsswift_yoBAmfMX59_8_6expectfMf0_.swift:1:39: warning: main actor-isolated property 'errorMessage' cannot be accessed from outside of the actor; this is an error in the Swift 6 language mode
Testing.__checkBinaryOperation(result.errorMessage,{ $0 == $1() },nil,expression: .__fromBinaryOperation(.__fromSyntaxNode("result.errorMessage"),"==",.__fromSyntaxNode("nil")),comments: [],isRequired: false,sourceLocation: Testing.SourceLocation.__here()).__expected()
                                      ^
/Users/user/Documents/Chainworks Forge/Chainworks ForgeTests/SimulatedAgentExecutorTests.swift:60:9: note: in expansion of macro 'expect' here
        #expect(result.errorMessage == nil)
        ^~~~~~~~~~~~~~~~~~~~~~~~~~~~~~~~~~~
/Users/user/Documents/Chainworks Forge/Chainworks ForgeTests/SimulatedAgentExecutorTests.swift:60:9: note: in expansion of macro 'expect' here
        #expect(result.errorMessage == nil)
        ^~~~~~~~~~~~~~~~~~~~~~~~~~~~~~~~~~~
@__swiftmacro_21Chainworks_ForgeTests0038SimulatedAgentExecutorTestsswift_yoBAmfMX60_8_6expectfMf1_.swift:1:38: warning: main actor-isolated property 'outputs' cannot be accessed from outside of the actor; this is an error in the Swift 6 language mode
Testing.__checkPropertyAccess(result.outputs.self,getting: { $0.isEmpty },expression: .__fromNegation(.__fromPropertyAccess(.__fromSyntaxNode("result.outputs"),.__fromSyntaxNode("isEmpty")), false),comments: [],isRequired: false,sourceLocation: Testing.SourceLocation.__here()).__expected()
                                     ^
/Users/user/Documents/Chainworks Forge/Chainworks ForgeTests/SimulatedAgentExecutorTests.swift:61:9: note: in expansion of macro 'expect' here
        #expect(!result.outputs.isEmpty)
        ^~~~~~~~~~~~~~~~~~~~~~~~~~~~~~~~
/Users/user/Documents/Chainworks Forge/Chainworks ForgeTests/SimulatedAgentExecutorTests.swift:61:9: note: in expansion of macro 'expect' here
        #expect(!result.outputs.isEmpty)
        ^~~~~~~~~~~~~~~~~~~~~~~~~~~~~~~~
@__swiftmacro_21Chainworks_ForgeTests0038SimulatedAgentExecutorTestsswift_yoBAmfMX61_8_6expectfMf2_.swift:1:39: warning: main actor-isolated property 'logSnippet' cannot be accessed from outside of the actor; this is an error in the Swift 6 language mode
Testing.__checkBinaryOperation(result.logSnippet,{ $0 != $1() },nil,expression: .__fromBinaryOperation(.__fromSyntaxNode("result.logSnippet"),"!=",.__fromSyntaxNode("nil")),comments: [],isRequired: false,sourceLocation: Testing.SourceLocation.__here()).__expected()
                                      ^
/Users/user/Documents/Chainworks Forge/Chainworks ForgeTests/SimulatedAgentExecutorTests.swift:62:9: note: in expansion of macro 'expect' here
        #expect(result.logSnippet != nil)
        ^~~~~~~~~~~~~~~~~~~~~~~~~~~~~~~~~
/Users/user/Documents/Chainworks Forge/Chainworks ForgeTests/SimulatedAgentExecutorTests.swift:62:9: note: in expansion of macro 'expect' here
        #expect(result.logSnippet != nil)
        ^~~~~~~~~~~~~~~~~~~~~~~~~~~~~~~~~
@__swiftmacro_21Chainworks_ForgeTests0038SimulatedAgentExecutorTestsswift_yoBAmfMX73_8_6expectfMf_.swift:1:57: warning: main actor-isolated property 'succeeded' can not be referenced from a nonisolated context
Testing.__checkPropertyAccess(result.self,getting: { $0.succeeded },expression: .__fromPropertyAccess(.__fromSyntaxNode("result"),.__fromSyntaxNode("succeeded")),comments: [],isRequired: false,sourceLocation: Testing.SourceLocation.__here()).__expected()
                                                        ^
/Users/user/Documents/Chainworks Forge/Chainworks ForgeTests/SimulatedAgentExecutorTests.swift:74:9: note: in expansion of macro 'expect' here
        #expect(result.succeeded)
        ^~~~~~~~~~~~~~~~~~~~~~~~~
/Users/user/Documents/Chainworks Forge/Chainworks ForgeTests/SimulatedAgentExecutorTests.swift:74:9: note: in expansion of macro 'expect' here
        #expect(result.succeeded)
        ^~~~~~~~~~~~~~~~~~~~~~~~~
Chainworks_Forge.AgentResult.succeeded:2:25: note: property declared here
@MainActor internal let succeeded: Bool}
                        ^
@__swiftmacro_21Chainworks_ForgeTests0038SimulatedAgentExecutorTestsswift_yoBAmfMX74_8_6expectfMf0_.swift:1:39: warning: main actor-isolated property 'outputs' cannot be accessed from outside of the actor; this is an error in the Swift 6 language mode
Testing.__checkBinaryOperation(result.outputs.count,{ $0 == $1() },2,expression: .__fromBinaryOperation(.__fromSyntaxNode("result.outputs.count"),"==",.__fromSyntaxNode("2")),comments: [],isRequired: false,sourceLocation: Testing.SourceLocation.__here()).__expected()
                                      ^
/Users/user/Documents/Chainworks Forge/Chainworks ForgeTests/SimulatedAgentExecutorTests.swift:75:9: note: in expansion of macro 'expect' here
        #expect(result.outputs.count == 2)
        ^~~~~~~~~~~~~~~~~~~~~~~~~~~~~~~~~~
/Users/user/Documents/Chainworks Forge/Chainworks ForgeTests/SimulatedAgentExecutorTests.swift:75:9: note: in expansion of macro 'expect' here
        #expect(result.outputs.count == 2)
        ^~~~~~~~~~~~~~~~~~~~~~~~~~~~~~~~~~
@__swiftmacro_21Chainworks_ForgeTests0038SimulatedAgentExecutorTestsswift_yoBAmfMX75_8_6expectfMf1_.swift:1:39: warning: main actor-isolated property 'outputs' cannot be accessed from outside of the actor; this is an error in the Swift 6 language mode
Testing.__checkBinaryOperation(result.outputs["proposal_current"],{ $0 != $1() },nil,expression: .__fromBinaryOperation(.__fromSyntaxNode(#"result.outputs["proposal_current"]"#),"!=",.__fromSyntaxNode("nil")),comments: [],isRequired: false,sourceLocation: Testing.SourceLocation.__here()).__expected()
                                      ^
/Users/user/Documents/Chainworks Forge/Chainworks ForgeTests/SimulatedAgentExecutorTests.swift:76:9: note: in expansion of macro 'expect' here
        #expect(result.outputs["proposal_current"] != nil)
        ^~~~~~~~~~~~~~~~~~~~~~~~~~~~~~~~~~~~~~~~~~~~~~~~~~
/Users/user/Documents/Chainworks Forge/Chainworks ForgeTests/SimulatedAgentExecutorTests.swift:76:9: note: in expansion of macro 'expect' here
        #expect(result.outputs["proposal_current"] != nil)
        ^~~~~~~~~~~~~~~~~~~~~~~~~~~~~~~~~~~~~~~~~~~~~~~~~~
@__swiftmacro_21Chainworks_ForgeTests0038SimulatedAgentExecutorTestsswift_yoBAmfMX76_8_6expectfMf2_.swift:1:39: warning: main actor-isolated property 'outputs' cannot be accessed from outside of the actor; this is an error in the Swift 6 language mode
Testing.__checkBinaryOperation(result.outputs["idea_brief"],{ $0 != $1() },nil,expression: .__fromBinaryOperation(.__fromSyntaxNode(#"result.outputs["idea_brief"]"#),"!=",.__fromSyntaxNode("nil")),comments: [],isRequired: false,sourceLocation: Testing.SourceLocation.__here()).__expected()
                                      ^
/Users/user/Documents/Chainworks Forge/Chainworks ForgeTests/SimulatedAgentExecutorTests.swift:77:9: note: in expansion of macro 'expect' here
        #expect(result.outputs["idea_brief"] != nil)
        ^~~~~~~~~~~~~~~~~~~~~~~~~~~~~~~~~~~~~~~~~~~~
/Users/user/Documents/Chainworks Forge/Chainworks ForgeTests/SimulatedAgentExecutorTests.swift:77:9: note: in expansion of macro 'expect' here
        #expect(result.outputs["idea_brief"] != nil)
        ^~~~~~~~~~~~~~~~~~~~~~~~~~~~~~~~~~~~~~~~~~~~
@__swiftmacro_21Chainworks_ForgeTests0038SimulatedAgentExecutorTestsswift_yoBAmfMX88_8_6expectfMf_.swift:1:57: warning: main actor-isolated property 'succeeded' can not be referenced from a nonisolated context
Testing.__checkPropertyAccess(result.self,getting: { $0.succeeded },expression: .__fromPropertyAccess(.__fromSyntaxNode("result"),.__fromSyntaxNode("succeeded")),comments: [],isRequired: false,sourceLocation: Testing.SourceLocation.__here()).__expected()
                                                        ^
/Users/user/Documents/Chainworks Forge/Chainworks ForgeTests/SimulatedAgentExecutorTests.swift:89:9: note: in expansion of macro 'expect' here
        #expect(result.succeeded)
        ^~~~~~~~~~~~~~~~~~~~~~~~~
/Users/user/Documents/Chainworks Forge/Chainworks ForgeTests/SimulatedAgentExecutorTests.swift:89:9: note: in expansion of macro 'expect' here
        #expect(result.succeeded)
        ^~~~~~~~~~~~~~~~~~~~~~~~~
Chainworks_Forge.AgentResult.succeeded:2:25: note: property declared here
@MainActor internal let succeeded: Bool}
                        ^
@__swiftmacro_21Chainworks_ForgeTests0038SimulatedAgentExecutorTestsswift_yoBAmfMX89_8_6expectfMf0_.swift:1:39: warning: main actor-isolated property 'outputs' cannot be accessed from outside of the actor; this is an error in the Swift 6 language mode
Testing.__checkBinaryOperation(result.outputs.count,{ $0 == $1() },1,expression: .__fromBinaryOperation(.__fromSyntaxNode("result.outputs.count"),"==",.__fromSyntaxNode("1")),comments: [],isRequired: false,sourceLocation: Testing.SourceLocation.__here()).__expected()
                                      ^
/Users/user/Documents/Chainworks Forge/Chainworks ForgeTests/SimulatedAgentExecutorTests.swift:90:9: note: in expansion of macro 'expect' here
        #expect(result.outputs.count == 1)
        ^~~~~~~~~~~~~~~~~~~~~~~~~~~~~~~~~~
/Users/user/Documents/Chainworks Forge/Chainworks ForgeTests/SimulatedAgentExecutorTests.swift:90:9: note: in expansion of macro 'expect' here
        #expect(result.outputs.count == 1)
        ^~~~~~~~~~~~~~~~~~~~~~~~~~~~~~~~~~
@__swiftmacro_21Chainworks_ForgeTests0038SimulatedAgentExecutorTestsswift_yoBAmfMX90_8_6expectfMf1_.swift:1:39: warning: main actor-isolated property 'outputs' cannot be accessed from outside of the actor; this is an error in the Swift 6 language mode
Testing.__checkBinaryOperation(result.outputs["test_agent_output"],{ $0 != $1() },nil,expression: .__fromBinaryOperation(.__fromSyntaxNode(#"result.outputs["test_agent_output"]"#),"!=",.__fromSyntaxNode("nil")),comments: [],isRequired: false,sourceLocation: Testing.SourceLocation.__here()).__expected()
                                      ^
/Users/user/Documents/Chainworks Forge/Chainworks ForgeTests/SimulatedAgentExecutorTests.swift:91:9: note: in expansion of macro 'expect' here
        #expect(result.outputs["test_agent_output"] != nil)
        ^~~~~~~~~~~~~~~~~~~~~~~~~~~~~~~~~~~~~~~~~~~~~~~~~~~
/Users/user/Documents/Chainworks Forge/Chainworks ForgeTests/SimulatedAgentExecutorTests.swift:91:9: note: in expansion of macro 'expect' here
        #expect(result.outputs["test_agent_output"] != nil)
        ^~~~~~~~~~~~~~~~~~~~~~~~~~~~~~~~~~~~~~~~~~~~~~~~~~~
@__swiftmacro_21Chainworks_ForgeTests0038SimulatedAgentExecutorTestsswift_yoBAmfMX108_8_6expectfMf_.swift:1:57: warning: main actor-isolated property 'succeeded' can not be referenced from a nonisolated context
Testing.__checkPropertyAccess(result.self,getting: { $0.succeeded },expression: .__fromPropertyAccess(.__fromSyntaxNode("result"),.__fromSyntaxNode("succeeded")),comments: [],isRequired: false,sourceLocation: Testing.SourceLocation.__here()).__expected()
                                                        ^
/Users/user/Documents/Chainworks Forge/Chainworks ForgeTests/SimulatedAgentExecutorTests.swift:109:9: note: in expansion of macro 'expect' here
        #expect(result.succeeded)
        ^~~~~~~~~~~~~~~~~~~~~~~~~
/Users/user/Documents/Chainworks Forge/Chainworks ForgeTests/SimulatedAgentExecutorTests.swift:109:9: note: in expansion of macro 'expect' here
        #expect(result.succeeded)
        ^~~~~~~~~~~~~~~~~~~~~~~~~
Chainworks_Forge.AgentResult.succeeded:2:25: note: property declared here
@MainActor internal let succeeded: Bool}
                        ^
@__swiftmacro_21Chainworks_ForgeTests0038SimulatedAgentExecutorTestsswift_yoBAmfMX170_8_6expectfMf_.swift:1:57: warning: main actor-isolated property 'succeeded' can not be referenced from a nonisolated context
Testing.__checkPropertyAccess(result.self,getting: { $0.succeeded },expression: .__fromNegation(.__fromPropertyAccess(.__fromSyntaxNode("result"),.__fromSyntaxNode("succeeded")), false),comments: [],isRequired: false,sourceLocation: Testing.SourceLocation.__here()).__expected()
                                                        ^
/Users/user/Documents/Chainworks Forge/Chainworks ForgeTests/SimulatedAgentExecutorTests.swift:171:9: note: in expansion of macro 'expect' here
        #expect(!result.succeeded)
        ^~~~~~~~~~~~~~~~~~~~~~~~~~
/Users/user/Documents/Chainworks Forge/Chainworks ForgeTests/SimulatedAgentExecutorTests.swift:171:9: note: in expansion of macro 'expect' here
        #expect(!result.succeeded)
        ^~~~~~~~~~~~~~~~~~~~~~~~~~
Chainworks_Forge.AgentResult.succeeded:2:25: note: property declared here
@MainActor internal let succeeded: Bool}
                        ^
@__swiftmacro_21Chainworks_ForgeTests0038SimulatedAgentExecutorTestsswift_yoBAmfMX171_8_6expectfMf0_.swift:1:39: warning: main actor-isolated property 'errorMessage' cannot be accessed from outside of the actor; this is an error in the Swift 6 language mode
Testing.__checkBinaryOperation(result.errorMessage,{ $0 != $1() },nil,expression: .__fromBinaryOperation(.__fromSyntaxNode("result.errorMessage"),"!=",.__fromSyntaxNode("nil")),comments: [],isRequired: false,sourceLocation: Testing.SourceLocation.__here()).__expected()
                                      ^
/Users/user/Documents/Chainworks Forge/Chainworks ForgeTests/SimulatedAgentExecutorTests.swift:172:9: note: in expansion of macro 'expect' here
        #expect(result.errorMessage != nil)
        ^~~~~~~~~~~~~~~~~~~~~~~~~~~~~~~~~~~
/Users/user/Documents/Chainworks Forge/Chainworks ForgeTests/SimulatedAgentExecutorTests.swift:172:9: note: in expansion of macro 'expect' here
        #expect(result.errorMessage != nil)
        ^~~~~~~~~~~~~~~~~~~~~~~~~~~~~~~~~~~
@__swiftmacro_21Chainworks_ForgeTests0038SimulatedAgentExecutorTestsswift_yoBAmfMX172_8_6expectfMf1_.swift:1:38: warning: main actor-isolated property 'outputs' cannot be accessed from outside of the actor; this is an error in the Swift 6 language mode
Testing.__checkPropertyAccess(result.outputs.self,getting: { $0.isEmpty },expression: .__fromPropertyAccess(.__fromSyntaxNode("result.outputs"),.__fromSyntaxNode("isEmpty")),comments: [],isRequired: false,sourceLocation: Testing.SourceLocation.__here()).__expected()
                                     ^
/Users/user/Documents/Chainworks Forge/Chainworks ForgeTests/SimulatedAgentExecutorTests.swift:173:9: note: in expansion of macro 'expect' here
        #expect(result.outputs.isEmpty)
        ^~~~~~~~~~~~~~~~~~~~~~~~~~~~~~~
/Users/user/Documents/Chainworks Forge/Chainworks ForgeTests/SimulatedAgentExecutorTests.swift:173:9: note: in expansion of macro 'expect' here
        #expect(result.outputs.isEmpty)
        ^~~~~~~~~~~~~~~~~~~~~~~~~~~~~~~
@__swiftmacro_21Chainworks_ForgeTests0038SimulatedAgentExecutorTestsswift_yoBAmfMX193_8_6expectfMf_.swift:1:41: warning: main actor-isolated property 'executedTasks' cannot be accessed from outside of the actor; this is an error in the Swift 6 language mode
Testing.__checkBinaryOperation(executor.executedTasks.count,{ $0 == $1() },2,expression: .__fromBinaryOperation(.__fromSyntaxNode("executor.executedTasks.count"),"==",.__fromSyntaxNode("2")),comments: [],isRequired: false,sourceLocation: Testing.SourceLocation.__here()).__expected()
                                        ^
/Users/user/Documents/Chainworks Forge/Chainworks ForgeTests/SimulatedAgentExecutorTests.swift:194:9: note: in expansion of macro 'expect' here
        #expect(executor.executedTasks.count == 2)
        ^~~~~~~~~~~~~~~~~~~~~~~~~~~~~~~~~~~~~~~~~~
/Users/user/Documents/Chainworks Forge/Chainworks ForgeTests/SimulatedAgentExecutorTests.swift:194:9: note: in expansion of macro 'expect' here
        #expect(executor.executedTasks.count == 2)
        ^~~~~~~~~~~~~~~~~~~~~~~~~~~~~~~~~~~~~~~~~~
@__swiftmacro_21Chainworks_ForgeTests0038SimulatedAgentExecutorTestsswift_yoBAmfMX194_8_6expectfMf0_.swift:1:41: warning: main actor-isolated property 'executedTasks' cannot be accessed from outside of the actor; this is an error in the Swift 6 language mode
Testing.__checkBinaryOperation(executor.executedTasks[0].task,{ $0 == $1() },"task_1",expression: .__fromBinaryOperation(.__fromSyntaxNode("executor.executedTasks[0].task"),"==",.__fromStringLiteral(#""task_1""#, "task_1")),comments: [],isRequired: false,sourceLocation: Testing.SourceLocation.__here()).__expected()
                                        ^
/Users/user/Documents/Chainworks Forge/Chainworks ForgeTests/SimulatedAgentExecutorTests.swift:195:9: note: in expansion of macro 'expect' here
        #expect(executor.executedTasks[0].task == "task_1")
        ^~~~~~~~~~~~~~~~~~~~~~~~~~~~~~~~~~~~~~~~~~~~~~~~~~~
/Users/user/Documents/Chainworks Forge/Chainworks ForgeTests/SimulatedAgentExecutorTests.swift:195:9: note: in expansion of macro 'expect' here
        #expect(executor.executedTasks[0].task == "task_1")
        ^~~~~~~~~~~~~~~~~~~~~~~~~~~~~~~~~~~~~~~~~~~~~~~~~~~
@__swiftmacro_21Chainworks_ForgeTests0038SimulatedAgentExecutorTestsswift_yoBAmfMX195_8_6expectfMf1_.swift:1:41: warning: main actor-isolated property 'executedTasks' cannot be accessed from outside of the actor; this is an error in the Swift 6 language mode
Testing.__checkBinaryOperation(executor.executedTasks[1].stageID,{ $0 == $1() },"stage_2",expression: .__fromBinaryOperation(.__fromSyntaxNode("executor.executedTasks[1].stageID"),"==",.__fromStringLiteral(#""stage_2""#, "stage_2")),comments: [],isRequired: false,sourceLocation: Testing.SourceLocation.__here()).__expected()
                                        ^
/Users/user/Documents/Chainworks Forge/Chainworks ForgeTests/SimulatedAgentExecutorTests.swift:196:9: note: in expansion of macro 'expect' here
        #expect(executor.executedTasks[1].stageID == "stage_2")
        ^~~~~~~~~~~~~~~~~~~~~~~~~~~~~~~~~~~~~~~~~~~~~~~~~~~~~~~
/Users/user/Documents/Chainworks Forge/Chainworks ForgeTests/SimulatedAgentExecutorTests.swift:196:9: note: in expansion of macro 'expect' here
        #expect(executor.executedTasks[1].stageID == "stage_2")
        ^~~~~~~~~~~~~~~~~~~~~~~~~~~~~~~~~~~~~~~~~~~~~~~~~~~~~~~
@__swiftmacro_21Chainworks_ForgeTests0038SimulatedAgentExecutorTestsswift_yoBAmfMX206_8_6expectfMf_.swift:1:40: warning: main actor-isolated property 'executedTasks' cannot be accessed from outside of the actor; this is an error in the Swift 6 language mode
Testing.__checkPropertyAccess(executor.executedTasks.self,getting: { $0.isEmpty },expression: .__fromPropertyAccess(.__fromSyntaxNode("executor.executedTasks"),.__fromSyntaxNode("isEmpty")),comments: [],isRequired: false,sourceLocation: Testing.SourceLocation.__here()).__expected()
                                       ^
/Users/user/Documents/Chainworks Forge/Chainworks ForgeTests/SimulatedAgentExecutorTests.swift:207:9: note: in expansion of macro 'expect' here
        #expect(executor.executedTasks.isEmpty)
        ^~~~~~~~~~~~~~~~~~~~~~~~~~~~~~~~~~~~~~~
/Users/user/Documents/Chainworks Forge/Chainworks ForgeTests/SimulatedAgentExecutorTests.swift:207:9: note: in expansion of macro 'expect' here
        #expect(executor.executedTasks.isEmpty)
        ^~~~~~~~~~~~~~~~~~~~~~~~~~~~~~~~~~~~~~~
@__swiftmacro_21Chainworks_ForgeTests0038SimulatedAgentExecutorTestsswift_yoBAmfMX207_8_6expectfMf0_.swift:1:40: warning: main actor-isolated property 'failingAgentIDs' cannot be accessed from outside of the actor; this is an error in the Swift 6 language mode
Testing.__checkPropertyAccess(executor.failingAgentIDs.self,getting: { $0.isEmpty },expression: .__fromPropertyAccess(.__fromSyntaxNode("executor.failingAgentIDs"),.__fromSyntaxNode("isEmpty")),comments: [],isRequired: false,sourceLocation: Testing.SourceLocation.__here()).__expected()
                                       ^
/Users/user/Documents/Chainworks Forge/Chainworks ForgeTests/SimulatedAgentExecutorTests.swift:208:9: note: in expansion of macro 'expect' here
        #expect(executor.failingAgentIDs.isEmpty)
        ^~~~~~~~~~~~~~~~~~~~~~~~~~~~~~~~~~~~~~~~~
/Users/user/Documents/Chainworks Forge/Chainworks ForgeTests/SimulatedAgentExecutorTests.swift:208:9: note: in expansion of macro 'expect' here
        #expect(executor.failingAgentIDs.isEmpty)
        ^~~~~~~~~~~~~~~~~~~~~~~~~~~~~~~~~~~~~~~~~
@__swiftmacro_21Chainworks_ForgeTests0038SimulatedAgentExecutorTestsswift_yoBAmfMX262_8_6expectfMf_.swift:1:39: warning: main actor-isolated property 'costCents' cannot be accessed from outside of the actor; this is an error in the Swift 6 language mode
Testing.__checkBinaryOperation(result.costCents,{ $0 != $1() },nil,expression: .__fromBinaryOperation(.__fromSyntaxNode("result.costCents"),"!=",.__fromSyntaxNode("nil")),comments: [.__line("// §6.2: default 100 cents per execution")],isRequired: false,sourceLocation: Testing.SourceLocation.__here()).__expected()
/Users/user/Documents/Chainworks Forge/Chainworks ForgeTests/SimulatedAgentExecutorTests.swift:263:9: note: in expansion of macro 'expect' here
        #expect(result.costCents != nil)
        ^~~~~~~~~~~~~~~~~~~~~~~~~~~~~~~~
/Users/user/Documents/Chainworks Forge/Chainworks ForgeTests/SimulatedAgentExecutorTests.swift:263:9: note: in expansion of macro 'expect' here
        #expect(result.costCents != nil)
        ^~~~~~~~~~~~~~~~~~~~~~~~~~~~~~~~
@__swiftmacro_21Chainworks_ForgeTests0038SimulatedAgentExecutorTestsswift_yoBAmfMX263_8_6expectfMf0_.swift:1:39: warning: main actor-isolated property 'costCents' cannot be accessed from outside of the actor; this is an error in the Swift 6 language mode
Testing.__checkBinaryOperation(result.costCents,{ $0 == $1() },100,expression: .__fromBinaryOperation(.__fromSyntaxNode("result.costCents"),"==",.__fromSyntaxNode("100")),comments: [],isRequired: false,sourceLocation: Testing.SourceLocation.__here()).__expected()
                                      ^
/Users/user/Documents/Chainworks Forge/Chainworks ForgeTests/SimulatedAgentExecutorTests.swift:264:9: note: in expansion of macro 'expect' here
        #expect(result.costCents == 100)
        ^~~~~~~~~~~~~~~~~~~~~~~~~~~~~~~~
/Users/user/Documents/Chainworks Forge/Chainworks ForgeTests/SimulatedAgentExecutorTests.swift:264:9: note: in expansion of macro 'expect' here
        #expect(result.costCents == 100)
        ^~~~~~~~~~~~~~~~~~~~~~~~~~~~~~~~
@__swiftmacro_21Chainworks_ForgeTests0038SimulatedAgentExecutorTestsswift_yoBAmfMX277_8_6expectfMf_.swift:1:39: warning: main actor-isolated property 'sessionID' cannot be accessed from outside of the actor; this is an error in the Swift 6 language mode
Testing.__checkBinaryOperation(result.sessionID,{ $0 != $1() },nil,expression: .__fromBinaryOperation(.__fromSyntaxNode("result.sessionID"),"!=",.__fromSyntaxNode("nil")),comments: ["AgentResult.sessionID must be set (§6.1)"],isRequired: false,sourceLocation: Testing.SourceLocation.__here()).__expected()
/Users/user/Documents/Chainworks Forge/Chainworks ForgeTests/SimulatedAgentExecutorTests.swift:278:9: note: in expansion of macro 'expect' here
        #expect(result.sessionID != nil, "AgentResult.sessionID must be set (§6.1)")
/Users/user/Documents/Chainworks Forge/Chainworks ForgeTests/SimulatedAgentExecutorTests.swift:278:9: note: in expansion of macro 'expect' here
        #expect(result.sessionID != nil, "AgentResult.sessionID must be set (§6.1)")
@__swiftmacro_21Chainworks_ForgeTests0038SimulatedAgentExecutorTestsswift_yoBAmfMX278_8_6expectfMf0_.swift:1:36: warning: main actor-isolated property 'sessionID' cannot be accessed from outside of the actor; this is an error in the Swift 6 language mode
Testing.__checkFunctionCall(result.sessionID!.self,calling: {
                                   ^
/Users/user/Documents/Chainworks Forge/Chainworks ForgeTests/SimulatedAgentExecutorTests.swift:279:9: note: in expansion of macro 'expect' here
        #expect(result.sessionID!.hasPrefix("sim-"), "Simulated sessions use 'sim-' prefix")
        ^~~~~~~~~~~~~~~~~~~~~~~~~~~~~~~~~~~~~~~~~~~~~~~~~~~~~~~~~~~~~~~~~~~~~~~~~~~~~~~~~~~~
/Users/user/Documents/Chainworks Forge/Chainworks ForgeTests/SimulatedAgentExecutorTests.swift:279:9: note: in expansion of macro 'expect' here
        #expect(result.sessionID!.hasPrefix("sim-"), "Simulated sessions use 'sim-' prefix")
        ^~~~~~~~~~~~~~~~~~~~~~~~~~~~~~~~~~~~~~~~~~~~~~~~~~~~~~~~~~~~~~~~~~~~~~~~~~~~~~~~~~~~
@__swiftmacro_21Chainworks_ForgeTests0038SimulatedAgentExecutorTestsswift_yoBAmfMX279_8_6expectfMf1_.swift:1:39: warning: main actor-isolated property 'durationSeconds' cannot be accessed from outside of the actor; this is an error in the Swift 6 language mode
Testing.__checkBinaryOperation(result.durationSeconds,{ $0 >= $1() },0,expression: .__fromBinaryOperation(.__fromSyntaxNode("result.durationSeconds"),">=",.__fromSyntaxNode("0")),comments: ["AgentResult.durationSeconds must be non-negative (§6.1)"],isRequired: false,sourceLocation: Testing.SourceLocation.__here()).__expected()
/Users/user/Documents/Chainworks Forge/Chainworks ForgeTests/SimulatedAgentExecutorTests.swift:280:9: note: in expansion of macro 'expect' here
        #expect(result.durationSeconds >= 0, "AgentResult.durationSeconds must be non-negative (§6.1)")
/Users/user/Documents/Chainworks Forge/Chainworks ForgeTests/SimulatedAgentExecutorTests.swift:280:9: note: in expansion of macro 'expect' here
        #expect(result.durationSeconds >= 0, "AgentResult.durationSeconds must be non-negative (§6.1)")

SwiftCompile normal arm64 /Users/user/Documents/Chainworks\ Forge/Chainworks\ ForgeTests/SimulatedAgentExecutorTests.swift (in target 'Chainworks ForgeTests' from project 'Chainworks Forge')
    cd /Users/user/Documents/Chainworks\ Forge
    
@__swiftmacro_21Chainworks_ForgeTests0038SimulatedAgentExecutorTestsswift_yoBAmfMX58_8_6expectfMf_.swift:1:57: warning: main actor-isolated property 'succeeded' can not be referenced from a nonisolated context
Testing.__checkPropertyAccess(result.self,getting: { $0.succeeded },expression: .__fromPropertyAccess(.__fromSyntaxNode("result"),.__fromSyntaxNode("succeeded")),comments: [],isRequired: false,sourceLocation: Testing.SourceLocation.__here()).__expected()
                                                        ^
/Users/user/Documents/Chainworks Forge/Chainworks ForgeTests/SimulatedAgentExecutorTests.swift:59:9: note: in expansion of macro 'expect' here
        #expect(result.succeeded)
        ^~~~~~~~~~~~~~~~~~~~~~~~~
/Users/user/Documents/Chainworks Forge/Chainworks ForgeTests/SimulatedAgentExecutorTests.swift:59:9: note: in expansion of macro 'expect' here
        #expect(result.succeeded)
        ^~~~~~~~~~~~~~~~~~~~~~~~~
Chainworks_Forge.AgentResult.succeeded:2:25: note: property declared here
@MainActor internal let succeeded: Bool}
                        ^
/Users/user/Documents/Chainworks Forge/Chainworks ForgeTests/SimulatedAgentExecutorTests.swift:52:24: warning: main actor-isolated initializer 'init(simulatedDelay:catalog:)' cannot be called from outside of the actor; this is an error in the Swift 6 language mode
        let executor = SimulatedAgentExecutor()
                       ^~~~~~~~~~~~~~~~~~~~~~~~
                       await 
@__swiftmacro_21Chainworks_ForgeTests0038SimulatedAgentExecutorTestsswift_yoBAmfMX59_8_6expectfMf0_.swift:1:39: warning: main actor-isolated property 'errorMessage' cannot be accessed from outside of the actor; this is an error in the Swift 6 language mode
Testing.__checkBinaryOperation(result.errorMessage,{ $0 == $1() },nil,expression: .__fromBinaryOperation(.__fromSyntaxNode("result.errorMessage"),"==",.__fromSyntaxNode("nil")),comments: [],isRequired: false,sourceLocation: Testing.SourceLocation.__here()).__expected()
                                      ^
/Users/user/Documents/Chainworks Forge/Chainworks ForgeTests/SimulatedAgentExecutorTests.swift:60:9: note: in expansion of macro 'expect' here
        #expect(result.errorMessage == nil)
        ^~~~~~~~~~~~~~~~~~~~~~~~~~~~~~~~~~~
/Users/user/Documents/Chainworks Forge/Chainworks ForgeTests/SimulatedAgentExecutorTests.swift:60:9: note: in expansion of macro 'expect' here
        #expect(result.errorMessage == nil)
        ^~~~~~~~~~~~~~~~~~~~~~~~~~~~~~~~~~~
@__swiftmacro_21Chainworks_ForgeTests0038SimulatedAgentExecutorTestsswift_yoBAmfMX60_8_6expectfMf1_.swift:1:38: warning: main actor-isolated property 'outputs' cannot be accessed from outside of the actor; this is an error in the Swift 6 language mode
Testing.__checkPropertyAccess(result.outputs.self,getting: { $0.isEmpty },expression: .__fromNegation(.__fromPropertyAccess(.__fromSyntaxNode("result.outputs"),.__fromSyntaxNode("isEmpty")), false),comments: [],isRequired: false,sourceLocation: Testing.SourceLocation.__here()).__expected()
                                     ^
/Users/user/Documents/Chainworks Forge/Chainworks ForgeTests/SimulatedAgentExecutorTests.swift:61:9: note: in expansion of macro 'expect' here
        #expect(!result.outputs.isEmpty)
        ^~~~~~~~~~~~~~~~~~~~~~~~~~~~~~~~
/Users/user/Documents/Chainworks Forge/Chainworks ForgeTests/SimulatedAgentExecutorTests.swift:61:9: note: in expansion of macro 'expect' here
        #expect(!result.outputs.isEmpty)
        ^~~~~~~~~~~~~~~~~~~~~~~~~~~~~~~~
@__swiftmacro_21Chainworks_ForgeTests0038SimulatedAgentExecutorTestsswift_yoBAmfMX61_8_6expectfMf2_.swift:1:39: warning: main actor-isolated property 'logSnippet' cannot be accessed from outside of the actor; this is an error in the Swift 6 language mode
Testing.__checkBinaryOperation(result.logSnippet,{ $0 != $1() },nil,expression: .__fromBinaryOperation(.__fromSyntaxNode("result.logSnippet"),"!=",.__fromSyntaxNode("nil")),comments: [],isRequired: false,sourceLocation: Testing.SourceLocation.__here()).__expected()
                                      ^
/Users/user/Documents/Chainworks Forge/Chainworks ForgeTests/SimulatedAgentExecutorTests.swift:62:9: note: in expansion of macro 'expect' here
        #expect(result.logSnippet != nil)
        ^~~~~~~~~~~~~~~~~~~~~~~~~~~~~~~~~
/Users/user/Documents/Chainworks Forge/Chainworks ForgeTests/SimulatedAgentExecutorTests.swift:62:9: note: in expansion of macro 'expect' here
        #expect(result.logSnippet != nil)
        ^~~~~~~~~~~~~~~~~~~~~~~~~~~~~~~~~
@__swiftmacro_21Chainworks_ForgeTests0038SimulatedAgentExecutorTestsswift_yoBAmfMX73_8_6expectfMf_.swift:1:57: warning: main actor-isolated property 'succeeded' can not be referenced from a nonisolated context
Testing.__checkPropertyAccess(result.self,getting: { $0.succeeded },expression: .__fromPropertyAccess(.__fromSyntaxNode("result"),.__fromSyntaxNode("succeeded")),comments: [],isRequired: false,sourceLocation: Testing.SourceLocation.__here()).__expected()
                                                        ^
/Users/user/Documents/Chainworks Forge/Chainworks ForgeTests/SimulatedAgentExecutorTests.swift:74:9: note: in expansion of macro 'expect' here
        #expect(result.succeeded)
        ^~~~~~~~~~~~~~~~~~~~~~~~~
/Users/user/Documents/Chainworks Forge/Chainworks ForgeTests/SimulatedAgentExecutorTests.swift:74:9: note: in expansion of macro 'expect' here
        #expect(result.succeeded)
        ^~~~~~~~~~~~~~~~~~~~~~~~~
Chainworks_Forge.AgentResult.succeeded:2:25: note: property declared here
@MainActor internal let succeeded: Bool}
                        ^
/Users/user/Documents/Chainworks Forge/Chainworks ForgeTests/SimulatedAgentExecutorTests.swift:67:24: warning: main actor-isolated initializer 'init(simulatedDelay:catalog:)' cannot be called from outside of the actor; this is an error in the Swift 6 language mode
        let executor = SimulatedAgentExecutor()
                       ^~~~~~~~~~~~~~~~~~~~~~~~
                       await 
@__swiftmacro_21Chainworks_ForgeTests0038SimulatedAgentExecutorTestsswift_yoBAmfMX74_8_6expectfMf0_.swift:1:39: warning: main actor-isolated property 'outputs' cannot be accessed from outside of the actor; this is an error in the Swift 6 language mode
Testing.__checkBinaryOperation(result.outputs.count,{ $0 == $1() },2,expression: .__fromBinaryOperation(.__fromSyntaxNode("result.outputs.count"),"==",.__fromSyntaxNode("2")),comments: [],isRequired: false,sourceLocation: Testing.SourceLocation.__here()).__expected()
                                      ^
/Users/user/Documents/Chainworks Forge/Chainworks ForgeTests/SimulatedAgentExecutorTests.swift:75:9: note: in expansion of macro 'expect' here
        #expect(result.outputs.count == 2)
        ^~~~~~~~~~~~~~~~~~~~~~~~~~~~~~~~~~
/Users/user/Documents/Chainworks Forge/Chainworks ForgeTests/SimulatedAgentExecutorTests.swift:75:9: note: in expansion of macro 'expect' here
        #expect(result.outputs.count == 2)
        ^~~~~~~~~~~~~~~~~~~~~~~~~~~~~~~~~~
@__swiftmacro_21Chainworks_ForgeTests0038SimulatedAgentExecutorTestsswift_yoBAmfMX75_8_6expectfMf1_.swift:1:39: warning: main actor-isolated property 'outputs' cannot be accessed from outside of the actor; this is an error in the Swift 6 language mode
Testing.__checkBinaryOperation(result.outputs["proposal_current"],{ $0 != $1() },nil,expression: .__fromBinaryOperation(.__fromSyntaxNode(#"result.outputs["proposal_current"]"#),"!=",.__fromSyntaxNode("nil")),comments: [],isRequired: false,sourceLocation: Testing.SourceLocation.__here()).__expected()
                                      ^
/Users/user/Documents/Chainworks Forge/Chainworks ForgeTests/SimulatedAgentExecutorTests.swift:76:9: note: in expansion of macro 'expect' here
        #expect(result.outputs["proposal_current"] != nil)
        ^~~~~~~~~~~~~~~~~~~~~~~~~~~~~~~~~~~~~~~~~~~~~~~~~~
/Users/user/Documents/Chainworks Forge/Chainworks ForgeTests/SimulatedAgentExecutorTests.swift:76:9: note: in expansion of macro 'expect' here
        #expect(result.outputs["proposal_current"] != nil)
        ^~~~~~~~~~~~~~~~~~~~~~~~~~~~~~~~~~~~~~~~~~~~~~~~~~
@__swiftmacro_21Chainworks_ForgeTests0038SimulatedAgentExecutorTestsswift_yoBAmfMX76_8_6expectfMf2_.swift:1:39: warning: main actor-isolated property 'outputs' cannot be accessed from outside of the actor; this is an error in the Swift 6 language mode
Testing.__checkBinaryOperation(result.outputs["idea_brief"],{ $0 != $1() },nil,expression: .__fromBinaryOperation(.__fromSyntaxNode(#"result.outputs["idea_brief"]"#),"!=",.__fromSyntaxNode("nil")),comments: [],isRequired: false,sourceLocation: Testing.SourceLocation.__here()).__expected()
                                      ^
/Users/user/Documents/Chainworks Forge/Chainworks ForgeTests/SimulatedAgentExecutorTests.swift:77:9: note: in expansion of macro 'expect' here
        #expect(result.outputs["idea_brief"] != nil)
        ^~~~~~~~~~~~~~~~~~~~~~~~~~~~~~~~~~~~~~~~~~~~
/Users/user/Documents/Chainworks Forge/Chainworks ForgeTests/SimulatedAgentExecutorTests.swift:77:9: note: in expansion of macro 'expect' here
        #expect(result.outputs["idea_brief"] != nil)
        ^~~~~~~~~~~~~~~~~~~~~~~~~~~~~~~~~~~~~~~~~~~~
@__swiftmacro_21Chainworks_ForgeTests0038SimulatedAgentExecutorTestsswift_yoBAmfMX88_8_6expectfMf_.swift:1:57: warning: main actor-isolated property 'succeeded' can not be referenced from a nonisolated context
Testing.__checkPropertyAccess(result.self,getting: { $0.succeeded },expression: .__fromPropertyAccess(.__fromSyntaxNode("result"),.__fromSyntaxNode("succeeded")),comments: [],isRequired: false,sourceLocation: Testing.SourceLocation.__here()).__expected()
                                                        ^
/Users/user/Documents/Chainworks Forge/Chainworks ForgeTests/SimulatedAgentExecutorTests.swift:89:9: note: in expansion of macro 'expect' here
        #expect(result.succeeded)
        ^~~~~~~~~~~~~~~~~~~~~~~~~
/Users/user/Documents/Chainworks Forge/Chainworks ForgeTests/SimulatedAgentExecutorTests.swift:89:9: note: in expansion of macro 'expect' here
        #expect(result.succeeded)
        ^~~~~~~~~~~~~~~~~~~~~~~~~
Chainworks_Forge.AgentResult.succeeded:2:25: note: property declared here
@MainActor internal let succeeded: Bool}
                        ^
/Users/user/Documents/Chainworks Forge/Chainworks ForgeTests/SimulatedAgentExecutorTests.swift:82:24: warning: main actor-isolated initializer 'init(simulatedDelay:catalog:)' cannot be called from outside of the actor; this is an error in the Swift 6 language mode
        let executor = SimulatedAgentExecutor()
                       ^~~~~~~~~~~~~~~~~~~~~~~~
                       await 
@__swiftmacro_21Chainworks_ForgeTests0038SimulatedAgentExecutorTestsswift_yoBAmfMX89_8_6expectfMf0_.swift:1:39: warning: main actor-isolated property 'outputs' cannot be accessed from outside of the actor; this is an error in the Swift 6 language mode
Testing.__checkBinaryOperation(result.outputs.count,{ $0 == $1() },1,expression: .__fromBinaryOperation(.__fromSyntaxNode("result.outputs.count"),"==",.__fromSyntaxNode("1")),comments: [],isRequired: false,sourceLocation: Testing.SourceLocation.__here()).__expected()
                                      ^
/Users/user/Documents/Chainworks Forge/Chainworks ForgeTests/SimulatedAgentExecutorTests.swift:90:9: note: in expansion of macro 'expect' here
        #expect(result.outputs.count == 1)
        ^~~~~~~~~~~~~~~~~~~~~~~~~~~~~~~~~~
/Users/user/Documents/Chainworks Forge/Chainworks ForgeTests/SimulatedAgentExecutorTests.swift:90:9: note: in expansion of macro 'expect' here
        #expect(result.outputs.count == 1)
        ^~~~~~~~~~~~~~~~~~~~~~~~~~~~~~~~~~
@__swiftmacro_21Chainworks_ForgeTests0038SimulatedAgentExecutorTestsswift_yoBAmfMX90_8_6expectfMf1_.swift:1:39: warning: main actor-isolated property 'outputs' cannot be accessed from outside of the actor; this is an error in the Swift 6 language mode
Testing.__checkBinaryOperation(result.outputs["test_agent_output"],{ $0 != $1() },nil,expression: .__fromBinaryOperation(.__fromSyntaxNode(#"result.outputs["test_agent_output"]"#),"!=",.__fromSyntaxNode("nil")),comments: [],isRequired: false,sourceLocation: Testing.SourceLocation.__here()).__expected()
                                      ^
/Users/user/Documents/Chainworks Forge/Chainworks ForgeTests/SimulatedAgentExecutorTests.swift:91:9: note: in expansion of macro 'expect' here
        #expect(result.outputs["test_agent_output"] != nil)
        ^~~~~~~~~~~~~~~~~~~~~~~~~~~~~~~~~~~~~~~~~~~~~~~~~~~
/Users/user/Documents/Chainworks Forge/Chainworks ForgeTests/SimulatedAgentExecutorTests.swift:91:9: note: in expansion of macro 'expect' here
        #expect(result.outputs["test_agent_output"] != nil)
        ^~~~~~~~~~~~~~~~~~~~~~~~~~~~~~~~~~~~~~~~~~~~~~~~~~~
@__swiftmacro_21Chainworks_ForgeTests0038SimulatedAgentExecutorTestsswift_yoBAmfMX108_8_6expectfMf_.swift:1:57: warning: main actor-isolated property 'succeeded' can not be referenced from a nonisolated context
Testing.__checkPropertyAccess(result.self,getting: { $0.succeeded },expression: .__fromPropertyAccess(.__fromSyntaxNode("result"),.__fromSyntaxNode("succeeded")),comments: [],isRequired: false,sourceLocation: Testing.SourceLocation.__here()).__expected()
                                                        ^
/Users/user/Documents/Chainworks Forge/Chainworks ForgeTests/SimulatedAgentExecutorTests.swift:109:9: note: in expansion of macro 'expect' here
        #expect(result.succeeded)
        ^~~~~~~~~~~~~~~~~~~~~~~~~
/Users/user/Documents/Chainworks Forge/Chainworks ForgeTests/SimulatedAgentExecutorTests.swift:109:9: note: in expansion of macro 'expect' here
        #expect(result.succeeded)
        ^~~~~~~~~~~~~~~~~~~~~~~~~
Chainworks_Forge.AgentResult.succeeded:2:25: note: property declared here
@MainActor internal let succeeded: Bool}
                        ^
/Users/user/Documents/Chainworks Forge/Chainworks ForgeTests/SimulatedAgentExecutorTests.swift:98:24: warning: main actor-isolated initializer 'init(simulatedDelay:catalog:)' cannot be called from outside of the actor; this is an error in the Swift 6 language mode
        let executor = SimulatedAgentExecutor()
                       ^~~~~~~~~~~~~~~~~~~~~~~~
                       await 
/Users/user/Documents/Chainworks Forge/Chainworks ForgeTests/SimulatedAgentExecutorTests.swift:112:27: warning: main actor-isolated property 'outputs' cannot be accessed from outside of the actor; this is an error in the Swift 6 language mode
        let data = result.outputs["proposal_review_po"]!
                   ~~~~~~~^~~~~~~~~~~~~~~~~~~~~~~~~~~~~~
                   await 
/Users/user/Documents/Chainworks Forge/Chainworks ForgeTests/SimulatedAgentExecutorTests.swift:164:18: warning: main actor-isolated property 'failingAgentIDs' can not be mutated from a nonisolated context
        executor.failingAgentIDs = ["bad_agent"]
                 ^
/Users/user/Documents/Chainworks Forge/Chainworks ForgeTests/SimulatedAgentExecutorTests.swift:164:18: note: consider declaring an isolated method on 'MainActor' to perform the mutation
        executor.failingAgentIDs = ["bad_agent"]
                 ^
Chainworks_Forge.SimulatedAgentExecutor.failingAgentIDs:2:25: note: mutation of this property is only permitted within the actor
@MainActor internal var failingAgentIDs: Set<String>}
                        ^
@__swiftmacro_21Chainworks_ForgeTests0038SimulatedAgentExecutorTestsswift_yoBAmfMX170_8_6expectfMf_.swift:1:57: warning: main actor-isolated property 'succeeded' can not be referenced from a nonisolated context
Testing.__checkPropertyAccess(result.self,getting: { $0.succeeded },expression: .__fromNegation(.__fromPropertyAccess(.__fromSyntaxNode("result"),.__fromSyntaxNode("succeeded")), false),comments: [],isRequired: false,sourceLocation: Testing.SourceLocation.__here()).__expected()
                                                        ^
/Users/user/Documents/Chainworks Forge/Chainworks ForgeTests/SimulatedAgentExecutorTests.swift:171:9: note: in expansion of macro 'expect' here
        #expect(!result.succeeded)
        ^~~~~~~~~~~~~~~~~~~~~~~~~~
/Users/user/Documents/Chainworks Forge/Chainworks ForgeTests/SimulatedAgentExecutorTests.swift:171:9: note: in expansion of macro 'expect' here
        #expect(!result.succeeded)
        ^~~~~~~~~~~~~~~~~~~~~~~~~~
Chainworks_Forge.AgentResult.succeeded:2:25: note: property declared here
@MainActor internal let succeeded: Bool}
                        ^
/Users/user/Documents/Chainworks Forge/Chainworks ForgeTests/SimulatedAgentExecutorTests.swift:163:24: warning: main actor-isolated initializer 'init(simulatedDelay:catalog:)' cannot be called from outside of the actor; this is an error in the Swift 6 language mode
        let executor = SimulatedAgentExecutor()
                       ^~~~~~~~~~~~~~~~~~~~~~~~
                       await 
@__swiftmacro_21Chainworks_ForgeTests0038SimulatedAgentExecutorTestsswift_yoBAmfMX171_8_6expectfMf0_.swift:1:39: warning: main actor-isolated property 'errorMessage' cannot be accessed from outside of the actor; this is an error in the Swift 6 language mode
Testing.__checkBinaryOperation(result.errorMessage,{ $0 != $1() },nil,expression: .__fromBinaryOperation(.__fromSyntaxNode("result.errorMessage"),"!=",.__fromSyntaxNode("nil")),comments: [],isRequired: false,sourceLocation: Testing.SourceLocation.__here()).__expected()
                                      ^
/Users/user/Documents/Chainworks Forge/Chainworks ForgeTests/SimulatedAgentExecutorTests.swift:172:9: note: in expansion of macro 'expect' here
        #expect(result.errorMessage != nil)
        ^~~~~~~~~~~~~~~~~~~~~~~~~~~~~~~~~~~
/Users/user/Documents/Chainworks Forge/Chainworks ForgeTests/SimulatedAgentExecutorTests.swift:172:9: note: in expansion of macro 'expect' here
        #expect(result.errorMessage != nil)
        ^~~~~~~~~~~~~~~~~~~~~~~~~~~~~~~~~~~
@__swiftmacro_21Chainworks_ForgeTests0038SimulatedAgentExecutorTestsswift_yoBAmfMX172_8_6expectfMf1_.swift:1:38: warning: main actor-isolated property 'outputs' cannot be accessed from outside of the actor; this is an error in the Swift 6 language mode
Testing.__checkPropertyAccess(result.outputs.self,getting: { $0.isEmpty },expression: .__fromPropertyAccess(.__fromSyntaxNode("result.outputs"),.__fromSyntaxNode("isEmpty")),comments: [],isRequired: false,sourceLocation: Testing.SourceLocation.__here()).__expected()
                                     ^
/Users/user/Documents/Chainworks Forge/Chainworks ForgeTests/SimulatedAgentExecutorTests.swift:173:9: note: in expansion of macro 'expect' here
        #expect(result.outputs.isEmpty)
        ^~~~~~~~~~~~~~~~~~~~~~~~~~~~~~~
/Users/user/Documents/Chainworks Forge/Chainworks ForgeTests/SimulatedAgentExecutorTests.swift:173:9: note: in expansion of macro 'expect' here
        #expect(result.outputs.isEmpty)
        ^~~~~~~~~~~~~~~~~~~~~~~~~~~~~~~
/Users/user/Documents/Chainworks Forge/Chainworks ForgeTests/SimulatedAgentExecutorTests.swift:180:24: warning: main actor-isolated initializer 'init(simulatedDelay:catalog:)' cannot be called from outside of the actor; this is an error in the Swift 6 language mode
        let executor = SimulatedAgentExecutor()
                       ^~~~~~~~~~~~~~~~~~~~~~~~
                       await 
@__swiftmacro_21Chainworks_ForgeTests0038SimulatedAgentExecutorTestsswift_yoBAmfMX193_8_6expectfMf_.swift:1:41: warning: main actor-isolated property 'executedTasks' cannot be accessed from outside of the actor; this is an error in the Swift 6 language mode
Testing.__checkBinaryOperation(executor.executedTasks.count,{ $0 == $1() },2,expression: .__fromBinaryOperation(.__fromSyntaxNode("executor.executedTasks.count"),"==",.__fromSyntaxNode("2")),comments: [],isRequired: false,sourceLocation: Testing.SourceLocation.__here()).__expected()
                                        ^
/Users/user/Documents/Chainworks Forge/Chainworks ForgeTests/SimulatedAgentExecutorTests.swift:194:9: note: in expansion of macro 'expect' here
        #expect(executor.executedTasks.count == 2)
        ^~~~~~~~~~~~~~~~~~~~~~~~~~~~~~~~~~~~~~~~~~
/Users/user/Documents/Chainworks Forge/Chainworks ForgeTests/SimulatedAgentExecutorTests.swift:194:9: note: in expansion of macro 'expect' here
        #expect(executor.executedTasks.count == 2)
        ^~~~~~~~~~~~~~~~~~~~~~~~~~~~~~~~~~~~~~~~~~
@__swiftmacro_21Chainworks_ForgeTests0038SimulatedAgentExecutorTestsswift_yoBAmfMX194_8_6expectfMf0_.swift:1:41: warning: main actor-isolated property 'executedTasks' cannot be accessed from outside of the actor; this is an error in the Swift 6 language mode
Testing.__checkBinaryOperation(executor.executedTasks[0].task,{ $0 == $1() },"task_1",expression: .__fromBinaryOperation(.__fromSyntaxNode("executor.executedTasks[0].task"),"==",.__fromStringLiteral(#""task_1""#, "task_1")),comments: [],isRequired: false,sourceLocation: Testing.SourceLocation.__here()).__expected()
                                        ^
/Users/user/Documents/Chainworks Forge/Chainworks ForgeTests/SimulatedAgentExecutorTests.swift:195:9: note: in expansion of macro 'expect' here
        #expect(executor.executedTasks[0].task == "task_1")
        ^~~~~~~~~~~~~~~~~~~~~~~~~~~~~~~~~~~~~~~~~~~~~~~~~~~
/Users/user/Documents/Chainworks Forge/Chainworks ForgeTests/SimulatedAgentExecutorTests.swift:195:9: note: in expansion of macro 'expect' here
        #expect(executor.executedTasks[0].task == "task_1")
        ^~~~~~~~~~~~~~~~~~~~~~~~~~~~~~~~~~~~~~~~~~~~~~~~~~~
@__swiftmacro_21Chainworks_ForgeTests0038SimulatedAgentExecutorTestsswift_yoBAmfMX195_8_6expectfMf1_.swift:1:41: warning: main actor-isolated property 'executedTasks' cannot be accessed from outside of the actor; this is an error in the Swift 6 language mode
Testing.__checkBinaryOperation(executor.executedTasks[1].stageID,{ $0 == $1() },"stage_2",expression: .__fromBinaryOperation(.__fromSyntaxNode("executor.executedTasks[1].stageID"),"==",.__fromStringLiteral(#""stage_2""#, "stage_2")),comments: [],isRequired: false,sourceLocation: Testing.SourceLocation.__here()).__expected()
                                        ^
/Users/user/Documents/Chainworks Forge/Chainworks ForgeTests/SimulatedAgentExecutorTests.swift:196:9: note: in expansion of macro 'expect' here
        #expect(executor.executedTasks[1].stageID == "stage_2")
        ^~~~~~~~~~~~~~~~~~~~~~~~~~~~~~~~~~~~~~~~~~~~~~~~~~~~~~~
/Users/user/Documents/Chainworks Forge/Chainworks ForgeTests/SimulatedAgentExecutorTests.swift:196:9: note: in expansion of macro 'expect' here
        #expect(executor.executedTasks[1].stageID == "stage_2")
        ^~~~~~~~~~~~~~~~~~~~~~~~~~~~~~~~~~~~~~~~~~~~~~~~~~~~~~~
/Users/user/Documents/Chainworks Forge/Chainworks ForgeTests/SimulatedAgentExecutorTests.swift:202:18: warning: main actor-isolated property 'failingAgentIDs' can not be mutated from a nonisolated context
        executor.failingAgentIDs = ["a"]
                 ^
/Users/user/Documents/Chainworks Forge/Chainworks ForgeTests/SimulatedAgentExecutorTests.swift:202:18: note: consider declaring an isolated method on 'MainActor' to perform the mutation
        executor.failingAgentIDs = ["a"]
                 ^
Chainworks_Forge.SimulatedAgentExecutor.failingAgentIDs:2:25: note: mutation of this property is only permitted within the actor
@MainActor internal var failingAgentIDs: Set<String>}
                        ^
/Users/user/Documents/Chainworks Forge/Chainworks ForgeTests/SimulatedAgentExecutorTests.swift:201:24: warning: main actor-isolated initializer 'init(simulatedDelay:catalog:)' cannot be called from outside of the actor; this is an error in the Swift 6 language mode
        let executor = SimulatedAgentExecutor()
                       ^~~~~~~~~~~~~~~~~~~~~~~~
                       await 
/Users/user/Documents/Chainworks Forge/Chainworks ForgeTests/SimulatedAgentExecutorTests.swift:206:18: warning: main actor-isolated instance method 'reset()' cannot be called from outside of the actor; this is an error in the Swift 6 language mode
        executor.reset()
        ~~~~~~~~~^~~~~~~
        await 
@__swiftmacro_21Chainworks_ForgeTests0038SimulatedAgentExecutorTestsswift_yoBAmfMX206_8_6expectfMf_.swift:1:40: warning: main actor-isolated property 'executedTasks' cannot be accessed from outside of the actor; this is an error in the Swift 6 language mode
Testing.__checkPropertyAccess(executor.executedTasks.self,getting: { $0.isEmpty },expression: .__fromPropertyAccess(.__fromSyntaxNode("executor.executedTasks"),.__fromSyntaxNode("isEmpty")),comments: [],isRequired: false,sourceLocation: Testing.SourceLocation.__here()).__expected()
                                       ^
/Users/user/Documents/Chainworks Forge/Chainworks ForgeTests/SimulatedAgentExecutorTests.swift:207:9: note: in expansion of macro 'expect' here
        #expect(executor.executedTasks.isEmpty)
        ^~~~~~~~~~~~~~~~~~~~~~~~~~~~~~~~~~~~~~~
/Users/user/Documents/Chainworks Forge/Chainworks ForgeTests/SimulatedAgentExecutorTests.swift:207:9: note: in expansion of macro 'expect' here
        #expect(executor.executedTasks.isEmpty)
        ^~~~~~~~~~~~~~~~~~~~~~~~~~~~~~~~~~~~~~~
@__swiftmacro_21Chainworks_ForgeTests0038SimulatedAgentExecutorTestsswift_yoBAmfMX207_8_6expectfMf0_.swift:1:40: warning: main actor-isolated property 'failingAgentIDs' cannot be accessed from outside of the actor; this is an error in the Swift 6 language mode
Testing.__checkPropertyAccess(executor.failingAgentIDs.self,getting: { $0.isEmpty },expression: .__fromPropertyAccess(.__fromSyntaxNode("executor.failingAgentIDs"),.__fromSyntaxNode("isEmpty")),comments: [],isRequired: false,sourceLocation: Testing.SourceLocation.__here()).__expected()
                                       ^
/Users/user/Documents/Chainworks Forge/Chainworks ForgeTests/SimulatedAgentExecutorTests.swift:208:9: note: in expansion of macro 'expect' here
        #expect(executor.failingAgentIDs.isEmpty)
        ^~~~~~~~~~~~~~~~~~~~~~~~~~~~~~~~~~~~~~~~~
/Users/user/Documents/Chainworks Forge/Chainworks ForgeTests/SimulatedAgentExecutorTests.swift:208:9: note: in expansion of macro 'expect' here
        #expect(executor.failingAgentIDs.isEmpty)
        ^~~~~~~~~~~~~~~~~~~~~~~~~~~~~~~~~~~~~~~~~
/Users/user/Documents/Chainworks Forge/Chainworks ForgeTests/SimulatedAgentExecutorTests.swift:255:24: warning: main actor-isolated initializer 'init(simulatedDelay:catalog:)' cannot be called from outside of the actor; this is an error in the Swift 6 language mode
        let executor = SimulatedAgentExecutor()
                       ^~~~~~~~~~~~~~~~~~~~~~~~
                       await 
@__swiftmacro_21Chainworks_ForgeTests0038SimulatedAgentExecutorTestsswift_yoBAmfMX262_8_6expectfMf_.swift:1:39: warning: main actor-isolated property 'costCents' cannot be accessed from outside of the actor; this is an error in the Swift 6 language mode
Testing.__checkBinaryOperation(result.costCents,{ $0 != $1() },nil,expression: .__fromBinaryOperation(.__fromSyntaxNode("result.costCents"),"!=",.__fromSyntaxNode("nil")),comments: [.__line("// §6.2: default 100 cents per execution")],isRequired: false,sourceLocation: Testing.SourceLocation.__here()).__expected()
/Users/user/Documents/Chainworks Forge/Chainworks ForgeTests/SimulatedAgentExecutorTests.swift:263:9: note: in expansion of macro 'expect' here
        #expect(result.costCents != nil)
        ^~~~~~~~~~~~~~~~~~~~~~~~~~~~~~~~
/Users/user/Documents/Chainworks Forge/Chainworks ForgeTests/SimulatedAgentExecutorTests.swift:263:9: note: in expansion of macro 'expect' here
        #expect(result.costCents != nil)
        ^~~~~~~~~~~~~~~~~~~~~~~~~~~~~~~~
@__swiftmacro_21Chainworks_ForgeTests0038SimulatedAgentExecutorTestsswift_yoBAmfMX263_8_6expectfMf0_.swift:1:39: warning: main actor-isolated property 'costCents' cannot be accessed from outside of the actor; this is an error in the Swift 6 language mode
Testing.__checkBinaryOperation(result.costCents,{ $0 == $1() },100,expression: .__fromBinaryOperation(.__fromSyntaxNode("result.costCents"),"==",.__fromSyntaxNode("100")),comments: [],isRequired: false,sourceLocation: Testing.SourceLocation.__here()).__expected()
                                      ^
/Users/user/Documents/Chainworks Forge/Chainworks ForgeTests/SimulatedAgentExecutorTests.swift:264:9: note: in expansion of macro 'expect' here
        #expect(result.costCents == 100)
        ^~~~~~~~~~~~~~~~~~~~~~~~~~~~~~~~
/Users/user/Documents/Chainworks Forge/Chainworks ForgeTests/SimulatedAgentExecutorTests.swift:264:9: note: in expansion of macro 'expect' here
        #expect(result.costCents == 100)
        ^~~~~~~~~~~~~~~~~~~~~~~~~~~~~~~~
/Users/user/Documents/Chainworks Forge/Chainworks ForgeTests/SimulatedAgentExecutorTests.swift:271:24: warning: main actor-isolated initializer 'init(simulatedDelay:catalog:)' cannot be called from outside of the actor; this is an error in the Swift 6 language mode
        let executor = SimulatedAgentExecutor()
                       ^~~~~~~~~~~~~~~~~~~~~~~~
                       await 
@__swiftmacro_21Chainworks_ForgeTests0038SimulatedAgentExecutorTestsswift_yoBAmfMX277_8_6expectfMf_.swift:1:39: warning: main actor-isolated property 'sessionID' cannot be accessed from outside of the actor; this is an error in the Swift 6 language mode
Testing.__checkBinaryOperation(result.sessionID,{ $0 != $1() },nil,expression: .__fromBinaryOperation(.__fromSyntaxNode("result.sessionID"),"!=",.__fromSyntaxNode("nil")),comments: ["AgentResult.sessionID must be set (§6.1)"],isRequired: false,sourceLocation: Testing.SourceLocation.__here()).__expected()
/Users/user/Documents/Chainworks Forge/Chainworks ForgeTests/SimulatedAgentExecutorTests.swift:278:9: note: in expansion of macro 'expect' here
        #expect(result.sessionID != nil, "AgentResult.sessionID must be set (§6.1)")
/Users/user/Documents/Chainworks Forge/Chainworks ForgeTests/SimulatedAgentExecutorTests.swift:278:9: note: in expansion of macro 'expect' here
        #expect(result.sessionID != nil, "AgentResult.sessionID must be set (§6.1)")
@__swiftmacro_21Chainworks_ForgeTests0038SimulatedAgentExecutorTestsswift_yoBAmfMX278_8_6expectfMf0_.swift:1:36: warning: main actor-isolated property 'sessionID' cannot be accessed from outside of the actor; this is an error in the Swift 6 language mode
Testing.__checkFunctionCall(result.sessionID!.self,calling: {
                                   ^
/Users/user/Documents/Chainworks Forge/Chainworks ForgeTests/SimulatedAgentExecutorTests.swift:279:9: note: in expansion of macro 'expect' here
        #expect(result.sessionID!.hasPrefix("sim-"), "Simulated sessions use 'sim-' prefix")
        ^~~~~~~~~~~~~~~~~~~~~~~~~~~~~~~~~~~~~~~~~~~~~~~~~~~~~~~~~~~~~~~~~~~~~~~~~~~~~~~~~~~~
/Users/user/Documents/Chainworks Forge/Chainworks ForgeTests/SimulatedAgentExecutorTests.swift:279:9: note: in expansion of macro 'expect' here
        #expect(result.sessionID!.hasPrefix("sim-"), "Simulated sessions use 'sim-' prefix")
        ^~~~~~~~~~~~~~~~~~~~~~~~~~~~~~~~~~~~~~~~~~~~~~~~~~~~~~~~~~~~~~~~~~~~~~~~~~~~~~~~~~~~
@__swiftmacro_21Chainworks_ForgeTests0038SimulatedAgentExecutorTestsswift_yoBAmfMX279_8_6expectfMf1_.swift:1:39: warning: main actor-isolated property 'durationSeconds' cannot be accessed from outside of the actor; this is an error in the Swift 6 language mode
Testing.__checkBinaryOperation(result.durationSeconds,{ $0 >= $1() },0,expression: .__fromBinaryOperation(.__fromSyntaxNode("result.durationSeconds"),">=",.__fromSyntaxNode("0")),comments: ["AgentResult.durationSeconds must be non-negative (§6.1)"],isRequired: false,sourceLocation: Testing.SourceLocation.__here()).__expected()
/Users/user/Documents/Chainworks Forge/Chainworks ForgeTests/SimulatedAgentExecutorTests.swift:280:9: note: in expansion of macro 'expect' here
        #expect(result.durationSeconds >= 0, "AgentResult.durationSeconds must be non-negative (§6.1)")
/Users/user/Documents/Chainworks Forge/Chainworks ForgeTests/SimulatedAgentExecutorTests.swift:280:9: note: in expansion of macro 'expect' here
        #expect(result.durationSeconds >= 0, "AgentResult.durationSeconds must be non-negative (§6.1)")

SwiftCompile normal arm64 /Users/user/Documents/Chainworks\ Forge/Chainworks\ ForgeTests/SourceContextBuilderTests.swift (in target 'Chainworks ForgeTests' from project 'Chainworks Forge')
    cd /Users/user/Documents/Chainworks\ Forge
    
@__swiftmacro_21Chainworks_ForgeTests0038SimulatedAgentExecutorTestsswift_yoBAmfMX58_8_6expectfMf_.swift:1:57: warning: main actor-isolated property 'succeeded' can not be referenced from a nonisolated context
Testing.__checkPropertyAccess(result.self,getting: { $0.succeeded },expression: .__fromPropertyAccess(.__fromSyntaxNode("result"),.__fromSyntaxNode("succeeded")),comments: [],isRequired: false,sourceLocation: Testing.SourceLocation.__here()).__expected()
                                                        ^
/Users/user/Documents/Chainworks Forge/Chainworks ForgeTests/SimulatedAgentExecutorTests.swift:59:9: note: in expansion of macro 'expect' here
        #expect(result.succeeded)
        ^~~~~~~~~~~~~~~~~~~~~~~~~
/Users/user/Documents/Chainworks Forge/Chainworks ForgeTests/SimulatedAgentExecutorTests.swift:59:9: note: in expansion of macro 'expect' here
        #expect(result.succeeded)
        ^~~~~~~~~~~~~~~~~~~~~~~~~
Chainworks_Forge.AgentResult.succeeded:2:25: note: property declared here
@MainActor internal let succeeded: Bool}
                        ^
@__swiftmacro_21Chainworks_ForgeTests0038SimulatedAgentExecutorTestsswift_yoBAmfMX59_8_6expectfMf0_.swift:1:39: warning: main actor-isolated property 'errorMessage' cannot be accessed from outside of the actor; this is an error in the Swift 6 language mode
Testing.__checkBinaryOperation(result.errorMessage,{ $0 == $1() },nil,expression: .__fromBinaryOperation(.__fromSyntaxNode("result.errorMessage"),"==",.__fromSyntaxNode("nil")),comments: [],isRequired: false,sourceLocation: Testing.SourceLocation.__here()).__expected()
                                      ^
/Users/user/Documents/Chainworks Forge/Chainworks ForgeTests/SimulatedAgentExecutorTests.swift:60:9: note: in expansion of macro 'expect' here
        #expect(result.errorMessage == nil)
        ^~~~~~~~~~~~~~~~~~~~~~~~~~~~~~~~~~~
/Users/user/Documents/Chainworks Forge/Chainworks ForgeTests/SimulatedAgentExecutorTests.swift:60:9: note: in expansion of macro 'expect' here
        #expect(result.errorMessage == nil)
        ^~~~~~~~~~~~~~~~~~~~~~~~~~~~~~~~~~~
@__swiftmacro_21Chainworks_ForgeTests0038SimulatedAgentExecutorTestsswift_yoBAmfMX60_8_6expectfMf1_.swift:1:38: warning: main actor-isolated property 'outputs' cannot be accessed from outside of the actor; this is an error in the Swift 6 language mode
Testing.__checkPropertyAccess(result.outputs.self,getting: { $0.isEmpty },expression: .__fromNegation(.__fromPropertyAccess(.__fromSyntaxNode("result.outputs"),.__fromSyntaxNode("isEmpty")), false),comments: [],isRequired: false,sourceLocation: Testing.SourceLocation.__here()).__expected()
                                     ^
/Users/user/Documents/Chainworks Forge/Chainworks ForgeTests/SimulatedAgentExecutorTests.swift:61:9: note: in expansion of macro 'expect' here
        #expect(!result.outputs.isEmpty)
        ^~~~~~~~~~~~~~~~~~~~~~~~~~~~~~~~
/Users/user/Documents/Chainworks Forge/Chainworks ForgeTests/SimulatedAgentExecutorTests.swift:61:9: note: in expansion of macro 'expect' here
        #expect(!result.outputs.isEmpty)
        ^~~~~~~~~~~~~~~~~~~~~~~~~~~~~~~~
@__swiftmacro_21Chainworks_ForgeTests0038SimulatedAgentExecutorTestsswift_yoBAmfMX61_8_6expectfMf2_.swift:1:39: warning: main actor-isolated property 'logSnippet' cannot be accessed from outside of the actor; this is an error in the Swift 6 language mode
Testing.__checkBinaryOperation(result.logSnippet,{ $0 != $1() },nil,expression: .__fromBinaryOperation(.__fromSyntaxNode("result.logSnippet"),"!=",.__fromSyntaxNode("nil")),comments: [],isRequired: false,sourceLocation: Testing.SourceLocation.__here()).__expected()
                                      ^
/Users/user/Documents/Chainworks Forge/Chainworks ForgeTests/SimulatedAgentExecutorTests.swift:62:9: note: in expansion of macro 'expect' here
        #expect(result.logSnippet != nil)
        ^~~~~~~~~~~~~~~~~~~~~~~~~~~~~~~~~
/Users/user/Documents/Chainworks Forge/Chainworks ForgeTests/SimulatedAgentExecutorTests.swift:62:9: note: in expansion of macro 'expect' here
        #expect(result.logSnippet != nil)
        ^~~~~~~~~~~~~~~~~~~~~~~~~~~~~~~~~
@__swiftmacro_21Chainworks_ForgeTests0038SimulatedAgentExecutorTestsswift_yoBAmfMX73_8_6expectfMf_.swift:1:57: warning: main actor-isolated property 'succeeded' can not be referenced from a nonisolated context
Testing.__checkPropertyAccess(result.self,getting: { $0.succeeded },expression: .__fromPropertyAccess(.__fromSyntaxNode("result"),.__fromSyntaxNode("succeeded")),comments: [],isRequired: false,sourceLocation: Testing.SourceLocation.__here()).__expected()
                                                        ^
/Users/user/Documents/Chainworks Forge/Chainworks ForgeTests/SimulatedAgentExecutorTests.swift:74:9: note: in expansion of macro 'expect' here
        #expect(result.succeeded)
        ^~~~~~~~~~~~~~~~~~~~~~~~~
/Users/user/Documents/Chainworks Forge/Chainworks ForgeTests/SimulatedAgentExecutorTests.swift:74:9: note: in expansion of macro 'expect' here
        #expect(result.succeeded)
        ^~~~~~~~~~~~~~~~~~~~~~~~~
Chainworks_Forge.AgentResult.succeeded:2:25: note: property declared here
@MainActor internal let succeeded: Bool}
                        ^
@__swiftmacro_21Chainworks_ForgeTests0038SimulatedAgentExecutorTestsswift_yoBAmfMX74_8_6expectfMf0_.swift:1:39: warning: main actor-isolated property 'outputs' cannot be accessed from outside of the actor; this is an error in the Swift 6 language mode
Testing.__checkBinaryOperation(result.outputs.count,{ $0 == $1() },2,expression: .__fromBinaryOperation(.__fromSyntaxNode("result.outputs.count"),"==",.__fromSyntaxNode("2")),comments: [],isRequired: false,sourceLocation: Testing.SourceLocation.__here()).__expected()
                                      ^
/Users/user/Documents/Chainworks Forge/Chainworks ForgeTests/SimulatedAgentExecutorTests.swift:75:9: note: in expansion of macro 'expect' here
        #expect(result.outputs.count == 2)
        ^~~~~~~~~~~~~~~~~~~~~~~~~~~~~~~~~~
/Users/user/Documents/Chainworks Forge/Chainworks ForgeTests/SimulatedAgentExecutorTests.swift:75:9: note: in expansion of macro 'expect' here
        #expect(result.outputs.count == 2)
        ^~~~~~~~~~~~~~~~~~~~~~~~~~~~~~~~~~
@__swiftmacro_21Chainworks_ForgeTests0038SimulatedAgentExecutorTestsswift_yoBAmfMX75_8_6expectfMf1_.swift:1:39: warning: main actor-isolated property 'outputs' cannot be accessed from outside of the actor; this is an error in the Swift 6 language mode
Testing.__checkBinaryOperation(result.outputs["proposal_current"],{ $0 != $1() },nil,expression: .__fromBinaryOperation(.__fromSyntaxNode(#"result.outputs["proposal_current"]"#),"!=",.__fromSyntaxNode("nil")),comments: [],isRequired: false,sourceLocation: Testing.SourceLocation.__here()).__expected()
                                      ^
/Users/user/Documents/Chainworks Forge/Chainworks ForgeTests/SimulatedAgentExecutorTests.swift:76:9: note: in expansion of macro 'expect' here
        #expect(result.outputs["proposal_current"] != nil)
        ^~~~~~~~~~~~~~~~~~~~~~~~~~~~~~~~~~~~~~~~~~~~~~~~~~
/Users/user/Documents/Chainworks Forge/Chainworks ForgeTests/SimulatedAgentExecutorTests.swift:76:9: note: in expansion of macro 'expect' here
        #expect(result.outputs["proposal_current"] != nil)
        ^~~~~~~~~~~~~~~~~~~~~~~~~~~~~~~~~~~~~~~~~~~~~~~~~~
@__swiftmacro_21Chainworks_ForgeTests0038SimulatedAgentExecutorTestsswift_yoBAmfMX76_8_6expectfMf2_.swift:1:39: warning: main actor-isolated property 'outputs' cannot be accessed from outside of the actor; this is an error in the Swift 6 language mode
Testing.__checkBinaryOperation(result.outputs["idea_brief"],{ $0 != $1() },nil,expression: .__fromBinaryOperation(.__fromSyntaxNode(#"result.outputs["idea_brief"]"#),"!=",.__fromSyntaxNode("nil")),comments: [],isRequired: false,sourceLocation: Testing.SourceLocation.__here()).__expected()
                                      ^
/Users/user/Documents/Chainworks Forge/Chainworks ForgeTests/SimulatedAgentExecutorTests.swift:77:9: note: in expansion of macro 'expect' here
        #expect(result.outputs["idea_brief"] != nil)
        ^~~~~~~~~~~~~~~~~~~~~~~~~~~~~~~~~~~~~~~~~~~~
/Users/user/Documents/Chainworks Forge/Chainworks ForgeTests/SimulatedAgentExecutorTests.swift:77:9: note: in expansion of macro 'expect' here
        #expect(result.outputs["idea_brief"] != nil)
        ^~~~~~~~~~~~~~~~~~~~~~~~~~~~~~~~~~~~~~~~~~~~
@__swiftmacro_21Chainworks_ForgeTests0038SimulatedAgentExecutorTestsswift_yoBAmfMX88_8_6expectfMf_.swift:1:57: warning: main actor-isolated property 'succeeded' can not be referenced from a nonisolated context
Testing.__checkPropertyAccess(result.self,getting: { $0.succeeded },expression: .__fromPropertyAccess(.__fromSyntaxNode("result"),.__fromSyntaxNode("succeeded")),comments: [],isRequired: false,sourceLocation: Testing.SourceLocation.__here()).__expected()
                                                        ^
/Users/user/Documents/Chainworks Forge/Chainworks ForgeTests/SimulatedAgentExecutorTests.swift:89:9: note: in expansion of macro 'expect' here
        #expect(result.succeeded)
        ^~~~~~~~~~~~~~~~~~~~~~~~~
/Users/user/Documents/Chainworks Forge/Chainworks ForgeTests/SimulatedAgentExecutorTests.swift:89:9: note: in expansion of macro 'expect' here
        #expect(result.succeeded)
        ^~~~~~~~~~~~~~~~~~~~~~~~~
Chainworks_Forge.AgentResult.succeeded:2:25: note: property declared here
@MainActor internal let succeeded: Bool}
                        ^
@__swiftmacro_21Chainworks_ForgeTests0038SimulatedAgentExecutorTestsswift_yoBAmfMX89_8_6expectfMf0_.swift:1:39: warning: main actor-isolated property 'outputs' cannot be accessed from outside of the actor; this is an error in the Swift 6 language mode
Testing.__checkBinaryOperation(result.outputs.count,{ $0 == $1() },1,expression: .__fromBinaryOperation(.__fromSyntaxNode("result.outputs.count"),"==",.__fromSyntaxNode("1")),comments: [],isRequired: false,sourceLocation: Testing.SourceLocation.__here()).__expected()
                                      ^
/Users/user/Documents/Chainworks Forge/Chainworks ForgeTests/SimulatedAgentExecutorTests.swift:90:9: note: in expansion of macro 'expect' here
        #expect(result.outputs.count == 1)
        ^~~~~~~~~~~~~~~~~~~~~~~~~~~~~~~~~~
/Users/user/Documents/Chainworks Forge/Chainworks ForgeTests/SimulatedAgentExecutorTests.swift:90:9: note: in expansion of macro 'expect' here
        #expect(result.outputs.count == 1)
        ^~~~~~~~~~~~~~~~~~~~~~~~~~~~~~~~~~
@__swiftmacro_21Chainworks_ForgeTests0038SimulatedAgentExecutorTestsswift_yoBAmfMX90_8_6expectfMf1_.swift:1:39: warning: main actor-isolated property 'outputs' cannot be accessed from outside of the actor; this is an error in the Swift 6 language mode
Testing.__checkBinaryOperation(result.outputs["test_agent_output"],{ $0 != $1() },nil,expression: .__fromBinaryOperation(.__fromSyntaxNode(#"result.outputs["test_agent_output"]"#),"!=",.__fromSyntaxNode("nil")),comments: [],isRequired: false,sourceLocation: Testing.SourceLocation.__here()).__expected()
                                      ^
/Users/user/Documents/Chainworks Forge/Chainworks ForgeTests/SimulatedAgentExecutorTests.swift:91:9: note: in expansion of macro 'expect' here
        #expect(result.outputs["test_agent_output"] != nil)
        ^~~~~~~~~~~~~~~~~~~~~~~~~~~~~~~~~~~~~~~~~~~~~~~~~~~
/Users/user/Documents/Chainworks Forge/Chainworks ForgeTests/SimulatedAgentExecutorTests.swift:91:9: note: in expansion of macro 'expect' here
        #expect(result.outputs["test_agent_output"] != nil)
        ^~~~~~~~~~~~~~~~~~~~~~~~~~~~~~~~~~~~~~~~~~~~~~~~~~~
@__swiftmacro_21Chainworks_ForgeTests0038SimulatedAgentExecutorTestsswift_yoBAmfMX108_8_6expectfMf_.swift:1:57: warning: main actor-isolated property 'succeeded' can not be referenced from a nonisolated context
Testing.__checkPropertyAccess(result.self,getting: { $0.succeeded },expression: .__fromPropertyAccess(.__fromSyntaxNode("result"),.__fromSyntaxNode("succeeded")),comments: [],isRequired: false,sourceLocation: Testing.SourceLocation.__here()).__expected()
                                                        ^
/Users/user/Documents/Chainworks Forge/Chainworks ForgeTests/SimulatedAgentExecutorTests.swift:109:9: note: in expansion of macro 'expect' here
        #expect(result.succeeded)
        ^~~~~~~~~~~~~~~~~~~~~~~~~
/Users/user/Documents/Chainworks Forge/Chainworks ForgeTests/SimulatedAgentExecutorTests.swift:109:9: note: in expansion of macro 'expect' here
        #expect(result.succeeded)
        ^~~~~~~~~~~~~~~~~~~~~~~~~
Chainworks_Forge.AgentResult.succeeded:2:25: note: property declared here
@MainActor internal let succeeded: Bool}
                        ^
@__swiftmacro_21Chainworks_ForgeTests0038SimulatedAgentExecutorTestsswift_yoBAmfMX170_8_6expectfMf_.swift:1:57: warning: main actor-isolated property 'succeeded' can not be referenced from a nonisolated context
Testing.__checkPropertyAccess(result.self,getting: { $0.succeeded },expression: .__fromNegation(.__fromPropertyAccess(.__fromSyntaxNode("result"),.__fromSyntaxNode("succeeded")), false),comments: [],isRequired: false,sourceLocation: Testing.SourceLocation.__here()).__expected()
                                                        ^
/Users/user/Documents/Chainworks Forge/Chainworks ForgeTests/SimulatedAgentExecutorTests.swift:171:9: note: in expansion of macro 'expect' here
        #expect(!result.succeeded)
        ^~~~~~~~~~~~~~~~~~~~~~~~~~
/Users/user/Documents/Chainworks Forge/Chainworks ForgeTests/SimulatedAgentExecutorTests.swift:171:9: note: in expansion of macro 'expect' here
        #expect(!result.succeeded)
        ^~~~~~~~~~~~~~~~~~~~~~~~~~
Chainworks_Forge.AgentResult.succeeded:2:25: note: property declared here
@MainActor internal let succeeded: Bool}
                        ^
@__swiftmacro_21Chainworks_ForgeTests0038SimulatedAgentExecutorTestsswift_yoBAmfMX171_8_6expectfMf0_.swift:1:39: warning: main actor-isolated property 'errorMessage' cannot be accessed from outside of the actor; this is an error in the Swift 6 language mode
Testing.__checkBinaryOperation(result.errorMessage,{ $0 != $1() },nil,expression: .__fromBinaryOperation(.__fromSyntaxNode("result.errorMessage"),"!=",.__fromSyntaxNode("nil")),comments: [],isRequired: false,sourceLocation: Testing.SourceLocation.__here()).__expected()
                                      ^
/Users/user/Documents/Chainworks Forge/Chainworks ForgeTests/SimulatedAgentExecutorTests.swift:172:9: note: in expansion of macro 'expect' here
        #expect(result.errorMessage != nil)
        ^~~~~~~~~~~~~~~~~~~~~~~~~~~~~~~~~~~
/Users/user/Documents/Chainworks Forge/Chainworks ForgeTests/SimulatedAgentExecutorTests.swift:172:9: note: in expansion of macro 'expect' here
        #expect(result.errorMessage != nil)
        ^~~~~~~~~~~~~~~~~~~~~~~~~~~~~~~~~~~
@__swiftmacro_21Chainworks_ForgeTests0038SimulatedAgentExecutorTestsswift_yoBAmfMX172_8_6expectfMf1_.swift:1:38: warning: main actor-isolated property 'outputs' cannot be accessed from outside of the actor; this is an error in the Swift 6 language mode
Testing.__checkPropertyAccess(result.outputs.self,getting: { $0.isEmpty },expression: .__fromPropertyAccess(.__fromSyntaxNode("result.outputs"),.__fromSyntaxNode("isEmpty")),comments: [],isRequired: false,sourceLocation: Testing.SourceLocation.__here()).__expected()
                                     ^
/Users/user/Documents/Chainworks Forge/Chainworks ForgeTests/SimulatedAgentExecutorTests.swift:173:9: note: in expansion of macro 'expect' here
        #expect(result.outputs.isEmpty)
        ^~~~~~~~~~~~~~~~~~~~~~~~~~~~~~~
/Users/user/Documents/Chainworks Forge/Chainworks ForgeTests/SimulatedAgentExecutorTests.swift:173:9: note: in expansion of macro 'expect' here
        #expect(result.outputs.isEmpty)
        ^~~~~~~~~~~~~~~~~~~~~~~~~~~~~~~
@__swiftmacro_21Chainworks_ForgeTests0038SimulatedAgentExecutorTestsswift_yoBAmfMX193_8_6expectfMf_.swift:1:41: warning: main actor-isolated property 'executedTasks' cannot be accessed from outside of the actor; this is an error in the Swift 6 language mode
Testing.__checkBinaryOperation(executor.executedTasks.count,{ $0 == $1() },2,expression: .__fromBinaryOperation(.__fromSyntaxNode("executor.executedTasks.count"),"==",.__fromSyntaxNode("2")),comments: [],isRequired: false,sourceLocation: Testing.SourceLocation.__here()).__expected()
                                        ^
/Users/user/Documents/Chainworks Forge/Chainworks ForgeTests/SimulatedAgentExecutorTests.swift:194:9: note: in expansion of macro 'expect' here
        #expect(executor.executedTasks.count == 2)
        ^~~~~~~~~~~~~~~~~~~~~~~~~~~~~~~~~~~~~~~~~~
/Users/user/Documents/Chainworks Forge/Chainworks ForgeTests/SimulatedAgentExecutorTests.swift:194:9: note: in expansion of macro 'expect' here
        #expect(executor.executedTasks.count == 2)
        ^~~~~~~~~~~~~~~~~~~~~~~~~~~~~~~~~~~~~~~~~~
@__swiftmacro_21Chainworks_ForgeTests0038SimulatedAgentExecutorTestsswift_yoBAmfMX194_8_6expectfMf0_.swift:1:41: warning: main actor-isolated property 'executedTasks' cannot be accessed from outside of the actor; this is an error in the Swift 6 language mode
Testing.__checkBinaryOperation(executor.executedTasks[0].task,{ $0 == $1() },"task_1",expression: .__fromBinaryOperation(.__fromSyntaxNode("executor.executedTasks[0].task"),"==",.__fromStringLiteral(#""task_1""#, "task_1")),comments: [],isRequired: false,sourceLocation: Testing.SourceLocation.__here()).__expected()
                                        ^
/Users/user/Documents/Chainworks Forge/Chainworks ForgeTests/SimulatedAgentExecutorTests.swift:195:9: note: in expansion of macro 'expect' here
        #expect(executor.executedTasks[0].task == "task_1")
        ^~~~~~~~~~~~~~~~~~~~~~~~~~~~~~~~~~~~~~~~~~~~~~~~~~~
/Users/user/Documents/Chainworks Forge/Chainworks ForgeTests/SimulatedAgentExecutorTests.swift:195:9: note: in expansion of macro 'expect' here
        #expect(executor.executedTasks[0].task == "task_1")
        ^~~~~~~~~~~~~~~~~~~~~~~~~~~~~~~~~~~~~~~~~~~~~~~~~~~
@__swiftmacro_21Chainworks_ForgeTests0038SimulatedAgentExecutorTestsswift_yoBAmfMX195_8_6expectfMf1_.swift:1:41: warning: main actor-isolated property 'executedTasks' cannot be accessed from outside of the actor; this is an error in the Swift 6 language mode
Testing.__checkBinaryOperation(executor.executedTasks[1].stageID,{ $0 == $1() },"stage_2",expression: .__fromBinaryOperation(.__fromSyntaxNode("executor.executedTasks[1].stageID"),"==",.__fromStringLiteral(#""stage_2""#, "stage_2")),comments: [],isRequired: false,sourceLocation: Testing.SourceLocation.__here()).__expected()
                                        ^
/Users/user/Documents/Chainworks Forge/Chainworks ForgeTests/SimulatedAgentExecutorTests.swift:196:9: note: in expansion of macro 'expect' here
        #expect(executor.executedTasks[1].stageID == "stage_2")
        ^~~~~~~~~~~~~~~~~~~~~~~~~~~~~~~~~~~~~~~~~~~~~~~~~~~~~~~
/Users/user/Documents/Chainworks Forge/Chainworks ForgeTests/SimulatedAgentExecutorTests.swift:196:9: note: in expansion of macro 'expect' here
        #expect(executor.executedTasks[1].stageID == "stage_2")
        ^~~~~~~~~~~~~~~~~~~~~~~~~~~~~~~~~~~~~~~~~~~~~~~~~~~~~~~
@__swiftmacro_21Chainworks_ForgeTests0038SimulatedAgentExecutorTestsswift_yoBAmfMX206_8_6expectfMf_.swift:1:40: warning: main actor-isolated property 'executedTasks' cannot be accessed from outside of the actor; this is an error in the Swift 6 language mode
Testing.__checkPropertyAccess(executor.executedTasks.self,getting: { $0.isEmpty },expression: .__fromPropertyAccess(.__fromSyntaxNode("executor.executedTasks"),.__fromSyntaxNode("isEmpty")),comments: [],isRequired: false,sourceLocation: Testing.SourceLocation.__here()).__expected()
                                       ^
/Users/user/Documents/Chainworks Forge/Chainworks ForgeTests/SimulatedAgentExecutorTests.swift:207:9: note: in expansion of macro 'expect' here
        #expect(executor.executedTasks.isEmpty)
        ^~~~~~~~~~~~~~~~~~~~~~~~~~~~~~~~~~~~~~~
/Users/user/Documents/Chainworks Forge/Chainworks ForgeTests/SimulatedAgentExecutorTests.swift:207:9: note: in expansion of macro 'expect' here
        #expect(executor.executedTasks.isEmpty)
        ^~~~~~~~~~~~~~~~~~~~~~~~~~~~~~~~~~~~~~~
@__swiftmacro_21Chainworks_ForgeTests0038SimulatedAgentExecutorTestsswift_yoBAmfMX207_8_6expectfMf0_.swift:1:40: warning: main actor-isolated property 'failingAgentIDs' cannot be accessed from outside of the actor; this is an error in the Swift 6 language mode
Testing.__checkPropertyAccess(executor.failingAgentIDs.self,getting: { $0.isEmpty },expression: .__fromPropertyAccess(.__fromSyntaxNode("executor.failingAgentIDs"),.__fromSyntaxNode("isEmpty")),comments: [],isRequired: false,sourceLocation: Testing.SourceLocation.__here()).__expected()
                                       ^
/Users/user/Documents/Chainworks Forge/Chainworks ForgeTests/SimulatedAgentExecutorTests.swift:208:9: note: in expansion of macro 'expect' here
        #expect(executor.failingAgentIDs.isEmpty)
        ^~~~~~~~~~~~~~~~~~~~~~~~~~~~~~~~~~~~~~~~~
/Users/user/Documents/Chainworks Forge/Chainworks ForgeTests/SimulatedAgentExecutorTests.swift:208:9: note: in expansion of macro 'expect' here
        #expect(executor.failingAgentIDs.isEmpty)
        ^~~~~~~~~~~~~~~~~~~~~~~~~~~~~~~~~~~~~~~~~
@__swiftmacro_21Chainworks_ForgeTests0038SimulatedAgentExecutorTestsswift_yoBAmfMX262_8_6expectfMf_.swift:1:39: warning: main actor-isolated property 'costCents' cannot be accessed from outside of the actor; this is an error in the Swift 6 language mode
Testing.__checkBinaryOperation(result.costCents,{ $0 != $1() },nil,expression: .__fromBinaryOperation(.__fromSyntaxNode("result.costCents"),"!=",.__fromSyntaxNode("nil")),comments: [.__line("// §6.2: default 100 cents per execution")],isRequired: false,sourceLocation: Testing.SourceLocation.__here()).__expected()
/Users/user/Documents/Chainworks Forge/Chainworks ForgeTests/SimulatedAgentExecutorTests.swift:263:9: note: in expansion of macro 'expect' here
        #expect(result.costCents != nil)
        ^~~~~~~~~~~~~~~~~~~~~~~~~~~~~~~~
/Users/user/Documents/Chainworks Forge/Chainworks ForgeTests/SimulatedAgentExecutorTests.swift:263:9: note: in expansion of macro 'expect' here
        #expect(result.costCents != nil)
        ^~~~~~~~~~~~~~~~~~~~~~~~~~~~~~~~
@__swiftmacro_21Chainworks_ForgeTests0038SimulatedAgentExecutorTestsswift_yoBAmfMX263_8_6expectfMf0_.swift:1:39: warning: main actor-isolated property 'costCents' cannot be accessed from outside of the actor; this is an error in the Swift 6 language mode
Testing.__checkBinaryOperation(result.costCents,{ $0 == $1() },100,expression: .__fromBinaryOperation(.__fromSyntaxNode("result.costCents"),"==",.__fromSyntaxNode("100")),comments: [],isRequired: false,sourceLocation: Testing.SourceLocation.__here()).__expected()
                                      ^
/Users/user/Documents/Chainworks Forge/Chainworks ForgeTests/SimulatedAgentExecutorTests.swift:264:9: note: in expansion of macro 'expect' here
        #expect(result.costCents == 100)
        ^~~~~~~~~~~~~~~~~~~~~~~~~~~~~~~~
/Users/user/Documents/Chainworks Forge/Chainworks ForgeTests/SimulatedAgentExecutorTests.swift:264:9: note: in expansion of macro 'expect' here
        #expect(result.costCents == 100)
        ^~~~~~~~~~~~~~~~~~~~~~~~~~~~~~~~
@__swiftmacro_21Chainworks_ForgeTests0038SimulatedAgentExecutorTestsswift_yoBAmfMX277_8_6expectfMf_.swift:1:39: warning: main actor-isolated property 'sessionID' cannot be accessed from outside of the actor; this is an error in the Swift 6 language mode
Testing.__checkBinaryOperation(result.sessionID,{ $0 != $1() },nil,expression: .__fromBinaryOperation(.__fromSyntaxNode("result.sessionID"),"!=",.__fromSyntaxNode("nil")),comments: ["AgentResult.sessionID must be set (§6.1)"],isRequired: false,sourceLocation: Testing.SourceLocation.__here()).__expected()
/Users/user/Documents/Chainworks Forge/Chainworks ForgeTests/SimulatedAgentExecutorTests.swift:278:9: note: in expansion of macro 'expect' here
        #expect(result.sessionID != nil, "AgentResult.sessionID must be set (§6.1)")
/Users/user/Documents/Chainworks Forge/Chainworks ForgeTests/SimulatedAgentExecutorTests.swift:278:9: note: in expansion of macro 'expect' here
        #expect(result.sessionID != nil, "AgentResult.sessionID must be set (§6.1)")
@__swiftmacro_21Chainworks_ForgeTests0038SimulatedAgentExecutorTestsswift_yoBAmfMX278_8_6expectfMf0_.swift:1:36: warning: main actor-isolated property 'sessionID' cannot be accessed from outside of the actor; this is an error in the Swift 6 language mode
Testing.__checkFunctionCall(result.sessionID!.self,calling: {
                                   ^
/Users/user/Documents/Chainworks Forge/Chainworks ForgeTests/SimulatedAgentExecutorTests.swift:279:9: note: in expansion of macro 'expect' here
        #expect(result.sessionID!.hasPrefix("sim-"), "Simulated sessions use 'sim-' prefix")
        ^~~~~~~~~~~~~~~~~~~~~~~~~~~~~~~~~~~~~~~~~~~~~~~~~~~~~~~~~~~~~~~~~~~~~~~~~~~~~~~~~~~~
/Users/user/Documents/Chainworks Forge/Chainworks ForgeTests/SimulatedAgentExecutorTests.swift:279:9: note: in expansion of macro 'expect' here
        #expect(result.sessionID!.hasPrefix("sim-"), "Simulated sessions use 'sim-' prefix")
        ^~~~~~~~~~~~~~~~~~~~~~~~~~~~~~~~~~~~~~~~~~~~~~~~~~~~~~~~~~~~~~~~~~~~~~~~~~~~~~~~~~~~
@__swiftmacro_21Chainworks_ForgeTests0038SimulatedAgentExecutorTestsswift_yoBAmfMX279_8_6expectfMf1_.swift:1:39: warning: main actor-isolated property 'durationSeconds' cannot be accessed from outside of the actor; this is an error in the Swift 6 language mode
Testing.__checkBinaryOperation(result.durationSeconds,{ $0 >= $1() },0,expression: .__fromBinaryOperation(.__fromSyntaxNode("result.durationSeconds"),">=",.__fromSyntaxNode("0")),comments: ["AgentResult.durationSeconds must be non-negative (§6.1)"],isRequired: false,sourceLocation: Testing.SourceLocation.__here()).__expected()
/Users/user/Documents/Chainworks Forge/Chainworks ForgeTests/SimulatedAgentExecutorTests.swift:280:9: note: in expansion of macro 'expect' here
        #expect(result.durationSeconds >= 0, "AgentResult.durationSeconds must be non-negative (§6.1)")
/Users/user/Documents/Chainworks Forge/Chainworks ForgeTests/SimulatedAgentExecutorTests.swift:280:9: note: in expansion of macro 'expect' here
        #expect(result.durationSeconds >= 0, "AgentResult.durationSeconds must be non-negative (§6.1)")
/Users/user/Documents/Chainworks Forge/Chainworks ForgeTests/SourceContextBuilderTests.swift:12:34: warning: main actor-isolated static property 'gitRunner' can not be mutated from a nonisolated context
            SourceContextBuilder.gitRunner = originalRunner
                                 ^
Chainworks_Forge.SourceContextBuilder.gitRunner:2:32: note: mutation of this static property is only permitted within the actor
@MainActor internal static var gitRunner: nonisolated(nonsending) @Sendable ([String], URL, TimeInterval) async throws -> String}
                               ^
/Users/user/Documents/Chainworks Forge/Chainworks ForgeTests/SourceContextBuilderTests.swift:13:34: warning: main actor-isolated static property 'gitCommandTimeoutSeconds' can not be mutated from a nonisolated context
            SourceContextBuilder.gitCommandTimeoutSeconds = originalTimeout
                                 ^
Chainworks_Forge.SourceContextBuilder.gitCommandTimeoutSeconds:2:32: note: mutation of this static property is only permitted within the actor
@MainActor internal static var gitCommandTimeoutSeconds: TimeInterval}
                               ^
/Users/user/Documents/Chainworks Forge/Chainworks ForgeTests/SourceContextBuilderTests.swift:16:30: warning: main actor-isolated static property 'gitCommandTimeoutSeconds' can not be mutated from a nonisolated context
        SourceContextBuilder.gitCommandTimeoutSeconds = 0.1
                             ^
/Users/user/Documents/Chainworks Forge/Chainworks ForgeTests/SourceContextBuilderTests.swift:16:30: note: consider declaring an isolated method on 'MainActor' to perform the mutation
        SourceContextBuilder.gitCommandTimeoutSeconds = 0.1
                             ^
Chainworks_Forge.SourceContextBuilder.gitCommandTimeoutSeconds:2:32: note: mutation of this static property is only permitted within the actor
@MainActor internal static var gitCommandTimeoutSeconds: TimeInterval}
                               ^
/Users/user/Documents/Chainworks Forge/Chainworks ForgeTests/SourceContextBuilderTests.swift:17:30: warning: main actor-isolated static property 'gitRunner' can not be mutated from a nonisolated context
        SourceContextBuilder.gitRunner = { _, _, _ in
                             ^
/Users/user/Documents/Chainworks Forge/Chainworks ForgeTests/SourceContextBuilderTests.swift:17:30: note: consider declaring an isolated method on 'MainActor' to perform the mutation
        SourceContextBuilder.gitRunner = { _, _, _ in
                             ^
Chainworks_Forge.SourceContextBuilder.gitRunner:2:32: note: mutation of this static property is only permitted within the actor
@MainActor internal static var gitRunner: nonisolated(nonsending) @Sendable ([String], URL, TimeInterval) async throws -> String}
                               ^
/Users/user/Documents/Chainworks Forge/Chainworks ForgeTests/SourceContextBuilderTests.swift:9:51: warning: main actor-isolated static property 'gitRunner' cannot be accessed from outside of the actor; this is an error in the Swift 6 language mode
        let originalRunner = SourceContextBuilder.gitRunner
                             ~~~~~~~~~~~~~~~~~~~~~^~~~~~~~~
                             await 
/Users/user/Documents/Chainworks Forge/Chainworks ForgeTests/SourceContextBuilderTests.swift:10:52: warning: main actor-isolated static property 'gitCommandTimeoutSeconds' cannot be accessed from outside of the actor; this is an error in the Swift 6 language mode
        let originalTimeout = SourceContextBuilder.gitCommandTimeoutSeconds
                              ~~~~~~~~~~~~~~~~~~~~~^~~~~~~~~~~~~~~~~~~~~~~~
                              await 

SwiftCompile normal arm64 /Users/user/Documents/Chainworks\ Forge/Chainworks\ ForgeTests/SupervisorTests.swift (in target 'Chainworks ForgeTests' from project 'Chainworks Forge')
    cd /Users/user/Documents/Chainworks\ Forge
    
@__swiftmacro_21Chainworks_ForgeTests0038SimulatedAgentExecutorTestsswift_yoBAmfMX58_8_6expectfMf_.swift:1:57: warning: main actor-isolated property 'succeeded' can not be referenced from a nonisolated context
Testing.__checkPropertyAccess(result.self,getting: { $0.succeeded },expression: .__fromPropertyAccess(.__fromSyntaxNode("result"),.__fromSyntaxNode("succeeded")),comments: [],isRequired: false,sourceLocation: Testing.SourceLocation.__here()).__expected()
                                                        ^
/Users/user/Documents/Chainworks Forge/Chainworks ForgeTests/SimulatedAgentExecutorTests.swift:59:9: note: in expansion of macro 'expect' here
        #expect(result.succeeded)
        ^~~~~~~~~~~~~~~~~~~~~~~~~
/Users/user/Documents/Chainworks Forge/Chainworks ForgeTests/SimulatedAgentExecutorTests.swift:59:9: note: in expansion of macro 'expect' here
        #expect(result.succeeded)
        ^~~~~~~~~~~~~~~~~~~~~~~~~
Chainworks_Forge.AgentResult.succeeded:2:25: note: property declared here
@MainActor internal let succeeded: Bool}
                        ^
@__swiftmacro_21Chainworks_ForgeTests0038SimulatedAgentExecutorTestsswift_yoBAmfMX59_8_6expectfMf0_.swift:1:39: warning: main actor-isolated property 'errorMessage' cannot be accessed from outside of the actor; this is an error in the Swift 6 language mode
Testing.__checkBinaryOperation(result.errorMessage,{ $0 == $1() },nil,expression: .__fromBinaryOperation(.__fromSyntaxNode("result.errorMessage"),"==",.__fromSyntaxNode("nil")),comments: [],isRequired: false,sourceLocation: Testing.SourceLocation.__here()).__expected()
                                      ^
/Users/user/Documents/Chainworks Forge/Chainworks ForgeTests/SimulatedAgentExecutorTests.swift:60:9: note: in expansion of macro 'expect' here
        #expect(result.errorMessage == nil)
        ^~~~~~~~~~~~~~~~~~~~~~~~~~~~~~~~~~~
/Users/user/Documents/Chainworks Forge/Chainworks ForgeTests/SimulatedAgentExecutorTests.swift:60:9: note: in expansion of macro 'expect' here
        #expect(result.errorMessage == nil)
        ^~~~~~~~~~~~~~~~~~~~~~~~~~~~~~~~~~~
@__swiftmacro_21Chainworks_ForgeTests0038SimulatedAgentExecutorTestsswift_yoBAmfMX60_8_6expectfMf1_.swift:1:38: warning: main actor-isolated property 'outputs' cannot be accessed from outside of the actor; this is an error in the Swift 6 language mode
Testing.__checkPropertyAccess(result.outputs.self,getting: { $0.isEmpty },expression: .__fromNegation(.__fromPropertyAccess(.__fromSyntaxNode("result.outputs"),.__fromSyntaxNode("isEmpty")), false),comments: [],isRequired: false,sourceLocation: Testing.SourceLocation.__here()).__expected()
                                     ^
/Users/user/Documents/Chainworks Forge/Chainworks ForgeTests/SimulatedAgentExecutorTests.swift:61:9: note: in expansion of macro 'expect' here
        #expect(!result.outputs.isEmpty)
        ^~~~~~~~~~~~~~~~~~~~~~~~~~~~~~~~
/Users/user/Documents/Chainworks Forge/Chainworks ForgeTests/SimulatedAgentExecutorTests.swift:61:9: note: in expansion of macro 'expect' here
        #expect(!result.outputs.isEmpty)
        ^~~~~~~~~~~~~~~~~~~~~~~~~~~~~~~~
@__swiftmacro_21Chainworks_ForgeTests0038SimulatedAgentExecutorTestsswift_yoBAmfMX61_8_6expectfMf2_.swift:1:39: warning: main actor-isolated property 'logSnippet' cannot be accessed from outside of the actor; this is an error in the Swift 6 language mode
Testing.__checkBinaryOperation(result.logSnippet,{ $0 != $1() },nil,expression: .__fromBinaryOperation(.__fromSyntaxNode("result.logSnippet"),"!=",.__fromSyntaxNode("nil")),comments: [],isRequired: false,sourceLocation: Testing.SourceLocation.__here()).__expected()
                                      ^
/Users/user/Documents/Chainworks Forge/Chainworks ForgeTests/SimulatedAgentExecutorTests.swift:62:9: note: in expansion of macro 'expect' here
        #expect(result.logSnippet != nil)
        ^~~~~~~~~~~~~~~~~~~~~~~~~~~~~~~~~
/Users/user/Documents/Chainworks Forge/Chainworks ForgeTests/SimulatedAgentExecutorTests.swift:62:9: note: in expansion of macro 'expect' here
        #expect(result.logSnippet != nil)
        ^~~~~~~~~~~~~~~~~~~~~~~~~~~~~~~~~
@__swiftmacro_21Chainworks_ForgeTests0038SimulatedAgentExecutorTestsswift_yoBAmfMX73_8_6expectfMf_.swift:1:57: warning: main actor-isolated property 'succeeded' can not be referenced from a nonisolated context
Testing.__checkPropertyAccess(result.self,getting: { $0.succeeded },expression: .__fromPropertyAccess(.__fromSyntaxNode("result"),.__fromSyntaxNode("succeeded")),comments: [],isRequired: false,sourceLocation: Testing.SourceLocation.__here()).__expected()
                                                        ^
/Users/user/Documents/Chainworks Forge/Chainworks ForgeTests/SimulatedAgentExecutorTests.swift:74:9: note: in expansion of macro 'expect' here
        #expect(result.succeeded)
        ^~~~~~~~~~~~~~~~~~~~~~~~~
/Users/user/Documents/Chainworks Forge/Chainworks ForgeTests/SimulatedAgentExecutorTests.swift:74:9: note: in expansion of macro 'expect' here
        #expect(result.succeeded)
        ^~~~~~~~~~~~~~~~~~~~~~~~~
Chainworks_Forge.AgentResult.succeeded:2:25: note: property declared here
@MainActor internal let succeeded: Bool}
                        ^
@__swiftmacro_21Chainworks_ForgeTests0038SimulatedAgentExecutorTestsswift_yoBAmfMX74_8_6expectfMf0_.swift:1:39: warning: main actor-isolated property 'outputs' cannot be accessed from outside of the actor; this is an error in the Swift 6 language mode
Testing.__checkBinaryOperation(result.outputs.count,{ $0 == $1() },2,expression: .__fromBinaryOperation(.__fromSyntaxNode("result.outputs.count"),"==",.__fromSyntaxNode("2")),comments: [],isRequired: false,sourceLocation: Testing.SourceLocation.__here()).__expected()
                                      ^
/Users/user/Documents/Chainworks Forge/Chainworks ForgeTests/SimulatedAgentExecutorTests.swift:75:9: note: in expansion of macro 'expect' here
        #expect(result.outputs.count == 2)
        ^~~~~~~~~~~~~~~~~~~~~~~~~~~~~~~~~~
/Users/user/Documents/Chainworks Forge/Chainworks ForgeTests/SimulatedAgentExecutorTests.swift:75:9: note: in expansion of macro 'expect' here
        #expect(result.outputs.count == 2)
        ^~~~~~~~~~~~~~~~~~~~~~~~~~~~~~~~~~
@__swiftmacro_21Chainworks_ForgeTests0038SimulatedAgentExecutorTestsswift_yoBAmfMX75_8_6expectfMf1_.swift:1:39: warning: main actor-isolated property 'outputs' cannot be accessed from outside of the actor; this is an error in the Swift 6 language mode
Testing.__checkBinaryOperation(result.outputs["proposal_current"],{ $0 != $1() },nil,expression: .__fromBinaryOperation(.__fromSyntaxNode(#"result.outputs["proposal_current"]"#),"!=",.__fromSyntaxNode("nil")),comments: [],isRequired: false,sourceLocation: Testing.SourceLocation.__here()).__expected()
                                      ^
/Users/user/Documents/Chainworks Forge/Chainworks ForgeTests/SimulatedAgentExecutorTests.swift:76:9: note: in expansion of macro 'expect' here
        #expect(result.outputs["proposal_current"] != nil)
        ^~~~~~~~~~~~~~~~~~~~~~~~~~~~~~~~~~~~~~~~~~~~~~~~~~
/Users/user/Documents/Chainworks Forge/Chainworks ForgeTests/SimulatedAgentExecutorTests.swift:76:9: note: in expansion of macro 'expect' here
        #expect(result.outputs["proposal_current"] != nil)
        ^~~~~~~~~~~~~~~~~~~~~~~~~~~~~~~~~~~~~~~~~~~~~~~~~~
@__swiftmacro_21Chainworks_ForgeTests0038SimulatedAgentExecutorTestsswift_yoBAmfMX76_8_6expectfMf2_.swift:1:39: warning: main actor-isolated property 'outputs' cannot be accessed from outside of the actor; this is an error in the Swift 6 language mode
Testing.__checkBinaryOperation(result.outputs["idea_brief"],{ $0 != $1() },nil,expression: .__fromBinaryOperation(.__fromSyntaxNode(#"result.outputs["idea_brief"]"#),"!=",.__fromSyntaxNode("nil")),comments: [],isRequired: false,sourceLocation: Testing.SourceLocation.__here()).__expected()
                                      ^
/Users/user/Documents/Chainworks Forge/Chainworks ForgeTests/SimulatedAgentExecutorTests.swift:77:9: note: in expansion of macro 'expect' here
        #expect(result.outputs["idea_brief"] != nil)
        ^~~~~~~~~~~~~~~~~~~~~~~~~~~~~~~~~~~~~~~~~~~~
/Users/user/Documents/Chainworks Forge/Chainworks ForgeTests/SimulatedAgentExecutorTests.swift:77:9: note: in expansion of macro 'expect' here
        #expect(result.outputs["idea_brief"] != nil)
        ^~~~~~~~~~~~~~~~~~~~~~~~~~~~~~~~~~~~~~~~~~~~
@__swiftmacro_21Chainworks_ForgeTests0038SimulatedAgentExecutorTestsswift_yoBAmfMX88_8_6expectfMf_.swift:1:57: warning: main actor-isolated property 'succeeded' can not be referenced from a nonisolated context
Testing.__checkPropertyAccess(result.self,getting: { $0.succeeded },expression: .__fromPropertyAccess(.__fromSyntaxNode("result"),.__fromSyntaxNode("succeeded")),comments: [],isRequired: false,sourceLocation: Testing.SourceLocation.__here()).__expected()
                                                        ^
/Users/user/Documents/Chainworks Forge/Chainworks ForgeTests/SimulatedAgentExecutorTests.swift:89:9: note: in expansion of macro 'expect' here
        #expect(result.succeeded)
        ^~~~~~~~~~~~~~~~~~~~~~~~~
/Users/user/Documents/Chainworks Forge/Chainworks ForgeTests/SimulatedAgentExecutorTests.swift:89:9: note: in expansion of macro 'expect' here
        #expect(result.succeeded)
        ^~~~~~~~~~~~~~~~~~~~~~~~~
Chainworks_Forge.AgentResult.succeeded:2:25: note: property declared here
@MainActor internal let succeeded: Bool}
                        ^
@__swiftmacro_21Chainworks_ForgeTests0038SimulatedAgentExecutorTestsswift_yoBAmfMX89_8_6expectfMf0_.swift:1:39: warning: main actor-isolated property 'outputs' cannot be accessed from outside of the actor; this is an error in the Swift 6 language mode
Testing.__checkBinaryOperation(result.outputs.count,{ $0 == $1() },1,expression: .__fromBinaryOperation(.__fromSyntaxNode("result.outputs.count"),"==",.__fromSyntaxNode("1")),comments: [],isRequired: false,sourceLocation: Testing.SourceLocation.__here()).__expected()
                                      ^
/Users/user/Documents/Chainworks Forge/Chainworks ForgeTests/SimulatedAgentExecutorTests.swift:90:9: note: in expansion of macro 'expect' here
        #expect(result.outputs.count == 1)
        ^~~~~~~~~~~~~~~~~~~~~~~~~~~~~~~~~~
/Users/user/Documents/Chainworks Forge/Chainworks ForgeTests/SimulatedAgentExecutorTests.swift:90:9: note: in expansion of macro 'expect' here
        #expect(result.outputs.count == 1)
        ^~~~~~~~~~~~~~~~~~~~~~~~~~~~~~~~~~
@__swiftmacro_21Chainworks_ForgeTests0038SimulatedAgentExecutorTestsswift_yoBAmfMX90_8_6expectfMf1_.swift:1:39: warning: main actor-isolated property 'outputs' cannot be accessed from outside of the actor; this is an error in the Swift 6 language mode
Testing.__checkBinaryOperation(result.outputs["test_agent_output"],{ $0 != $1() },nil,expression: .__fromBinaryOperation(.__fromSyntaxNode(#"result.outputs["test_agent_output"]"#),"!=",.__fromSyntaxNode("nil")),comments: [],isRequired: false,sourceLocation: Testing.SourceLocation.__here()).__expected()
                                      ^
/Users/user/Documents/Chainworks Forge/Chainworks ForgeTests/SimulatedAgentExecutorTests.swift:91:9: note: in expansion of macro 'expect' here
        #expect(result.outputs["test_agent_output"] != nil)
        ^~~~~~~~~~~~~~~~~~~~~~~~~~~~~~~~~~~~~~~~~~~~~~~~~~~
/Users/user/Documents/Chainworks Forge/Chainworks ForgeTests/SimulatedAgentExecutorTests.swift:91:9: note: in expansion of macro 'expect' here
        #expect(result.outputs["test_agent_output"] != nil)
        ^~~~~~~~~~~~~~~~~~~~~~~~~~~~~~~~~~~~~~~~~~~~~~~~~~~
@__swiftmacro_21Chainworks_ForgeTests0038SimulatedAgentExecutorTestsswift_yoBAmfMX108_8_6expectfMf_.swift:1:57: warning: main actor-isolated property 'succeeded' can not be referenced from a nonisolated context
Testing.__checkPropertyAccess(result.self,getting: { $0.succeeded },expression: .__fromPropertyAccess(.__fromSyntaxNode("result"),.__fromSyntaxNode("succeeded")),comments: [],isRequired: false,sourceLocation: Testing.SourceLocation.__here()).__expected()
                                                        ^
/Users/user/Documents/Chainworks Forge/Chainworks ForgeTests/SimulatedAgentExecutorTests.swift:109:9: note: in expansion of macro 'expect' here
        #expect(result.succeeded)
        ^~~~~~~~~~~~~~~~~~~~~~~~~
/Users/user/Documents/Chainworks Forge/Chainworks ForgeTests/SimulatedAgentExecutorTests.swift:109:9: note: in expansion of macro 'expect' here
        #expect(result.succeeded)
        ^~~~~~~~~~~~~~~~~~~~~~~~~
Chainworks_Forge.AgentResult.succeeded:2:25: note: property declared here
@MainActor internal let succeeded: Bool}
                        ^
@__swiftmacro_21Chainworks_ForgeTests0038SimulatedAgentExecutorTestsswift_yoBAmfMX170_8_6expectfMf_.swift:1:57: warning: main actor-isolated property 'succeeded' can not be referenced from a nonisolated context
Testing.__checkPropertyAccess(result.self,getting: { $0.succeeded },expression: .__fromNegation(.__fromPropertyAccess(.__fromSyntaxNode("result"),.__fromSyntaxNode("succeeded")), false),comments: [],isRequired: false,sourceLocation: Testing.SourceLocation.__here()).__expected()
                                                        ^
/Users/user/Documents/Chainworks Forge/Chainworks ForgeTests/SimulatedAgentExecutorTests.swift:171:9: note: in expansion of macro 'expect' here
        #expect(!result.succeeded)
        ^~~~~~~~~~~~~~~~~~~~~~~~~~
/Users/user/Documents/Chainworks Forge/Chainworks ForgeTests/SimulatedAgentExecutorTests.swift:171:9: note: in expansion of macro 'expect' here
        #expect(!result.succeeded)
        ^~~~~~~~~~~~~~~~~~~~~~~~~~
Chainworks_Forge.AgentResult.succeeded:2:25: note: property declared here
@MainActor internal let succeeded: Bool}
                        ^
@__swiftmacro_21Chainworks_ForgeTests0038SimulatedAgentExecutorTestsswift_yoBAmfMX171_8_6expectfMf0_.swift:1:39: warning: main actor-isolated property 'errorMessage' cannot be accessed from outside of the actor; this is an error in the Swift 6 language mode
Testing.__checkBinaryOperation(result.errorMessage,{ $0 != $1() },nil,expression: .__fromBinaryOperation(.__fromSyntaxNode("result.errorMessage"),"!=",.__fromSyntaxNode("nil")),comments: [],isRequired: false,sourceLocation: Testing.SourceLocation.__here()).__expected()
                                      ^
/Users/user/Documents/Chainworks Forge/Chainworks ForgeTests/SimulatedAgentExecutorTests.swift:172:9: note: in expansion of macro 'expect' here
        #expect(result.errorMessage != nil)
        ^~~~~~~~~~~~~~~~~~~~~~~~~~~~~~~~~~~
/Users/user/Documents/Chainworks Forge/Chainworks ForgeTests/SimulatedAgentExecutorTests.swift:172:9: note: in expansion of macro 'expect' here
        #expect(result.errorMessage != nil)
        ^~~~~~~~~~~~~~~~~~~~~~~~~~~~~~~~~~~
@__swiftmacro_21Chainworks_ForgeTests0038SimulatedAgentExecutorTestsswift_yoBAmfMX172_8_6expectfMf1_.swift:1:38: warning: main actor-isolated property 'outputs' cannot be accessed from outside of the actor; this is an error in the Swift 6 language mode
Testing.__checkPropertyAccess(result.outputs.self,getting: { $0.isEmpty },expression: .__fromPropertyAccess(.__fromSyntaxNode("result.outputs"),.__fromSyntaxNode("isEmpty")),comments: [],isRequired: false,sourceLocation: Testing.SourceLocation.__here()).__expected()
                                     ^
/Users/user/Documents/Chainworks Forge/Chainworks ForgeTests/SimulatedAgentExecutorTests.swift:173:9: note: in expansion of macro 'expect' here
        #expect(result.outputs.isEmpty)
        ^~~~~~~~~~~~~~~~~~~~~~~~~~~~~~~
/Users/user/Documents/Chainworks Forge/Chainworks ForgeTests/SimulatedAgentExecutorTests.swift:173:9: note: in expansion of macro 'expect' here
        #expect(result.outputs.isEmpty)
        ^~~~~~~~~~~~~~~~~~~~~~~~~~~~~~~
@__swiftmacro_21Chainworks_ForgeTests0038SimulatedAgentExecutorTestsswift_yoBAmfMX193_8_6expectfMf_.swift:1:41: warning: main actor-isolated property 'executedTasks' cannot be accessed from outside of the actor; this is an error in the Swift 6 language mode
Testing.__checkBinaryOperation(executor.executedTasks.count,{ $0 == $1() },2,expression: .__fromBinaryOperation(.__fromSyntaxNode("executor.executedTasks.count"),"==",.__fromSyntaxNode("2")),comments: [],isRequired: false,sourceLocation: Testing.SourceLocation.__here()).__expected()
                                        ^
/Users/user/Documents/Chainworks Forge/Chainworks ForgeTests/SimulatedAgentExecutorTests.swift:194:9: note: in expansion of macro 'expect' here
        #expect(executor.executedTasks.count == 2)
        ^~~~~~~~~~~~~~~~~~~~~~~~~~~~~~~~~~~~~~~~~~
/Users/user/Documents/Chainworks Forge/Chainworks ForgeTests/SimulatedAgentExecutorTests.swift:194:9: note: in expansion of macro 'expect' here
        #expect(executor.executedTasks.count == 2)
        ^~~~~~~~~~~~~~~~~~~~~~~~~~~~~~~~~~~~~~~~~~
@__swiftmacro_21Chainworks_ForgeTests0038SimulatedAgentExecutorTestsswift_yoBAmfMX194_8_6expectfMf0_.swift:1:41: warning: main actor-isolated property 'executedTasks' cannot be accessed from outside of the actor; this is an error in the Swift 6 language mode
Testing.__checkBinaryOperation(executor.executedTasks[0].task,{ $0 == $1() },"task_1",expression: .__fromBinaryOperation(.__fromSyntaxNode("executor.executedTasks[0].task"),"==",.__fromStringLiteral(#""task_1""#, "task_1")),comments: [],isRequired: false,sourceLocation: Testing.SourceLocation.__here()).__expected()
                                        ^
/Users/user/Documents/Chainworks Forge/Chainworks ForgeTests/SimulatedAgentExecutorTests.swift:195:9: note: in expansion of macro 'expect' here
        #expect(executor.executedTasks[0].task == "task_1")
        ^~~~~~~~~~~~~~~~~~~~~~~~~~~~~~~~~~~~~~~~~~~~~~~~~~~
/Users/user/Documents/Chainworks Forge/Chainworks ForgeTests/SimulatedAgentExecutorTests.swift:195:9: note: in expansion of macro 'expect' here
        #expect(executor.executedTasks[0].task == "task_1")
        ^~~~~~~~~~~~~~~~~~~~~~~~~~~~~~~~~~~~~~~~~~~~~~~~~~~
@__swiftmacro_21Chainworks_ForgeTests0038SimulatedAgentExecutorTestsswift_yoBAmfMX195_8_6expectfMf1_.swift:1:41: warning: main actor-isolated property 'executedTasks' cannot be accessed from outside of the actor; this is an error in the Swift 6 language mode
Testing.__checkBinaryOperation(executor.executedTasks[1].stageID,{ $0 == $1() },"stage_2",expression: .__fromBinaryOperation(.__fromSyntaxNode("executor.executedTasks[1].stageID"),"==",.__fromStringLiteral(#""stage_2""#, "stage_2")),comments: [],isRequired: false,sourceLocation: Testing.SourceLocation.__here()).__expected()
                                        ^
/Users/user/Documents/Chainworks Forge/Chainworks ForgeTests/SimulatedAgentExecutorTests.swift:196:9: note: in expansion of macro 'expect' here
        #expect(executor.executedTasks[1].stageID == "stage_2")
        ^~~~~~~~~~~~~~~~~~~~~~~~~~~~~~~~~~~~~~~~~~~~~~~~~~~~~~~
/Users/user/Documents/Chainworks Forge/Chainworks ForgeTests/SimulatedAgentExecutorTests.swift:196:9: note: in expansion of macro 'expect' here
        #expect(executor.executedTasks[1].stageID == "stage_2")
        ^~~~~~~~~~~~~~~~~~~~~~~~~~~~~~~~~~~~~~~~~~~~~~~~~~~~~~~
@__swiftmacro_21Chainworks_ForgeTests0038SimulatedAgentExecutorTestsswift_yoBAmfMX206_8_6expectfMf_.swift:1:40: warning: main actor-isolated property 'executedTasks' cannot be accessed from outside of the actor; this is an error in the Swift 6 language mode
Testing.__checkPropertyAccess(executor.executedTasks.self,getting: { $0.isEmpty },expression: .__fromPropertyAccess(.__fromSyntaxNode("executor.executedTasks"),.__fromSyntaxNode("isEmpty")),comments: [],isRequired: false,sourceLocation: Testing.SourceLocation.__here()).__expected()
                                       ^
/Users/user/Documents/Chainworks Forge/Chainworks ForgeTests/SimulatedAgentExecutorTests.swift:207:9: note: in expansion of macro 'expect' here
        #expect(executor.executedTasks.isEmpty)
        ^~~~~~~~~~~~~~~~~~~~~~~~~~~~~~~~~~~~~~~
/Users/user/Documents/Chainworks Forge/Chainworks ForgeTests/SimulatedAgentExecutorTests.swift:207:9: note: in expansion of macro 'expect' here
        #expect(executor.executedTasks.isEmpty)
        ^~~~~~~~~~~~~~~~~~~~~~~~~~~~~~~~~~~~~~~
@__swiftmacro_21Chainworks_ForgeTests0038SimulatedAgentExecutorTestsswift_yoBAmfMX207_8_6expectfMf0_.swift:1:40: warning: main actor-isolated property 'failingAgentIDs' cannot be accessed from outside of the actor; this is an error in the Swift 6 language mode
Testing.__checkPropertyAccess(executor.failingAgentIDs.self,getting: { $0.isEmpty },expression: .__fromPropertyAccess(.__fromSyntaxNode("executor.failingAgentIDs"),.__fromSyntaxNode("isEmpty")),comments: [],isRequired: false,sourceLocation: Testing.SourceLocation.__here()).__expected()
                                       ^
/Users/user/Documents/Chainworks Forge/Chainworks ForgeTests/SimulatedAgentExecutorTests.swift:208:9: note: in expansion of macro 'expect' here
        #expect(executor.failingAgentIDs.isEmpty)
        ^~~~~~~~~~~~~~~~~~~~~~~~~~~~~~~~~~~~~~~~~
/Users/user/Documents/Chainworks Forge/Chainworks ForgeTests/SimulatedAgentExecutorTests.swift:208:9: note: in expansion of macro 'expect' here
        #expect(executor.failingAgentIDs.isEmpty)
        ^~~~~~~~~~~~~~~~~~~~~~~~~~~~~~~~~~~~~~~~~
@__swiftmacro_21Chainworks_ForgeTests0038SimulatedAgentExecutorTestsswift_yoBAmfMX262_8_6expectfMf_.swift:1:39: warning: main actor-isolated property 'costCents' cannot be accessed from outside of the actor; this is an error in the Swift 6 language mode
Testing.__checkBinaryOperation(result.costCents,{ $0 != $1() },nil,expression: .__fromBinaryOperation(.__fromSyntaxNode("result.costCents"),"!=",.__fromSyntaxNode("nil")),comments: [.__line("// §6.2: default 100 cents per execution")],isRequired: false,sourceLocation: Testing.SourceLocation.__here()).__expected()
/Users/user/Documents/Chainworks Forge/Chainworks ForgeTests/SimulatedAgentExecutorTests.swift:263:9: note: in expansion of macro 'expect' here
        #expect(result.costCents != nil)
        ^~~~~~~~~~~~~~~~~~~~~~~~~~~~~~~~
/Users/user/Documents/Chainworks Forge/Chainworks ForgeTests/SimulatedAgentExecutorTests.swift:263:9: note: in expansion of macro 'expect' here
        #expect(result.costCents != nil)
        ^~~~~~~~~~~~~~~~~~~~~~~~~~~~~~~~
@__swiftmacro_21Chainworks_ForgeTests0038SimulatedAgentExecutorTestsswift_yoBAmfMX263_8_6expectfMf0_.swift:1:39: warning: main actor-isolated property 'costCents' cannot be accessed from outside of the actor; this is an error in the Swift 6 language mode
Testing.__checkBinaryOperation(result.costCents,{ $0 == $1() },100,expression: .__fromBinaryOperation(.__fromSyntaxNode("result.costCents"),"==",.__fromSyntaxNode("100")),comments: [],isRequired: false,sourceLocation: Testing.SourceLocation.__here()).__expected()
                                      ^
/Users/user/Documents/Chainworks Forge/Chainworks ForgeTests/SimulatedAgentExecutorTests.swift:264:9: note: in expansion of macro 'expect' here
        #expect(result.costCents == 100)
        ^~~~~~~~~~~~~~~~~~~~~~~~~~~~~~~~
/Users/user/Documents/Chainworks Forge/Chainworks ForgeTests/SimulatedAgentExecutorTests.swift:264:9: note: in expansion of macro 'expect' here
        #expect(result.costCents == 100)
        ^~~~~~~~~~~~~~~~~~~~~~~~~~~~~~~~
@__swiftmacro_21Chainworks_ForgeTests0038SimulatedAgentExecutorTestsswift_yoBAmfMX277_8_6expectfMf_.swift:1:39: warning: main actor-isolated property 'sessionID' cannot be accessed from outside of the actor; this is an error in the Swift 6 language mode
Testing.__checkBinaryOperation(result.sessionID,{ $0 != $1() },nil,expression: .__fromBinaryOperation(.__fromSyntaxNode("result.sessionID"),"!=",.__fromSyntaxNode("nil")),comments: ["AgentResult.sessionID must be set (§6.1)"],isRequired: false,sourceLocation: Testing.SourceLocation.__here()).__expected()
/Users/user/Documents/Chainworks Forge/Chainworks ForgeTests/SimulatedAgentExecutorTests.swift:278:9: note: in expansion of macro 'expect' here
        #expect(result.sessionID != nil, "AgentResult.sessionID must be set (§6.1)")
/Users/user/Documents/Chainworks Forge/Chainworks ForgeTests/SimulatedAgentExecutorTests.swift:278:9: note: in expansion of macro 'expect' here
        #expect(result.sessionID != nil, "AgentResult.sessionID must be set (§6.1)")
@__swiftmacro_21Chainworks_ForgeTests0038SimulatedAgentExecutorTestsswift_yoBAmfMX278_8_6expectfMf0_.swift:1:36: warning: main actor-isolated property 'sessionID' cannot be accessed from outside of the actor; this is an error in the Swift 6 language mode
Testing.__checkFunctionCall(result.sessionID!.self,calling: {
                                   ^
/Users/user/Documents/Chainworks Forge/Chainworks ForgeTests/SimulatedAgentExecutorTests.swift:279:9: note: in expansion of macro 'expect' here
        #expect(result.sessionID!.hasPrefix("sim-"), "Simulated sessions use 'sim-' prefix")
        ^~~~~~~~~~~~~~~~~~~~~~~~~~~~~~~~~~~~~~~~~~~~~~~~~~~~~~~~~~~~~~~~~~~~~~~~~~~~~~~~~~~~
/Users/user/Documents/Chainworks Forge/Chainworks ForgeTests/SimulatedAgentExecutorTests.swift:279:9: note: in expansion of macro 'expect' here
        #expect(result.sessionID!.hasPrefix("sim-"), "Simulated sessions use 'sim-' prefix")
        ^~~~~~~~~~~~~~~~~~~~~~~~~~~~~~~~~~~~~~~~~~~~~~~~~~~~~~~~~~~~~~~~~~~~~~~~~~~~~~~~~~~~
@__swiftmacro_21Chainworks_ForgeTests0038SimulatedAgentExecutorTestsswift_yoBAmfMX279_8_6expectfMf1_.swift:1:39: warning: main actor-isolated property 'durationSeconds' cannot be accessed from outside of the actor; this is an error in the Swift 6 language mode
Testing.__checkBinaryOperation(result.durationSeconds,{ $0 >= $1() },0,expression: .__fromBinaryOperation(.__fromSyntaxNode("result.durationSeconds"),">=",.__fromSyntaxNode("0")),comments: ["AgentResult.durationSeconds must be non-negative (§6.1)"],isRequired: false,sourceLocation: Testing.SourceLocation.__here()).__expected()
/Users/user/Documents/Chainworks Forge/Chainworks ForgeTests/SimulatedAgentExecutorTests.swift:280:9: note: in expansion of macro 'expect' here
        #expect(result.durationSeconds >= 0, "AgentResult.durationSeconds must be non-negative (§6.1)")
/Users/user/Documents/Chainworks Forge/Chainworks ForgeTests/SimulatedAgentExecutorTests.swift:280:9: note: in expansion of macro 'expect' here
        #expect(result.durationSeconds >= 0, "AgentResult.durationSeconds must be non-negative (§6.1)")
/Users/user/Documents/Chainworks Forge/Chainworks ForgeTests/SupervisorTests.swift:13:9: warning: main actor-isolated conformance of 'DaemonProcessExit' to 'Equatable' cannot be used in nonisolated context; this is an error in the Swift 6 language mode
        XCTAssertEqual(exit, .anomalousPidLock)
        ^
/Users/user/Documents/Chainworks Forge/Chainworks ForgeTests/SupervisorTests.swift:22:9: warning: main actor-isolated conformance of 'DaemonProcessExit' to 'Equatable' cannot be used in nonisolated context; this is an error in the Swift 6 language mode
        XCTAssertEqual(exit, .cleanExit(code: 0))
        ^
/Users/user/Documents/Chainworks Forge/Chainworks ForgeTests/SupervisorTests.swift:27:9: warning: main actor-isolated conformance of 'DaemonProcessExit' to 'Equatable' cannot be used in nonisolated context; this is an error in the Swift 6 language mode
        XCTAssertEqual(exit, .unknownFailure(code: 1))
        ^
/Users/user/Documents/Chainworks Forge/Chainworks ForgeTests/SupervisorTests.swift:32:9: warning: main actor-isolated conformance of 'DaemonProcessExit' to 'Equatable' cannot be used in nonisolated context; this is an error in the Swift 6 language mode
        XCTAssertEqual(exit, .signalled(signal: 9))
        ^
/Users/user/Documents/Chainworks Forge/Chainworks ForgeTests/SupervisorTests.swift:197:34: warning: main actor-isolated conformance of 'CrashBudgetFile' to 'Decodable' cannot be used in nonisolated context; this is an error in the Swift 6 language mode
        return try JSONDecoder().decode(CrashBudgetFile.self, from: data)
                                 ^

SwiftCompile normal arm64 /Users/user/Documents/Chainworks\ Forge/Chainworks\ ForgeTests/TestSupport.swift (in target 'Chainworks ForgeTests' from project 'Chainworks Forge')
    cd /Users/user/Documents/Chainworks\ Forge
    
@__swiftmacro_21Chainworks_ForgeTests0038SimulatedAgentExecutorTestsswift_yoBAmfMX58_8_6expectfMf_.swift:1:57: warning: main actor-isolated property 'succeeded' can not be referenced from a nonisolated context
Testing.__checkPropertyAccess(result.self,getting: { $0.succeeded },expression: .__fromPropertyAccess(.__fromSyntaxNode("result"),.__fromSyntaxNode("succeeded")),comments: [],isRequired: false,sourceLocation: Testing.SourceLocation.__here()).__expected()
                                                        ^
/Users/user/Documents/Chainworks Forge/Chainworks ForgeTests/SimulatedAgentExecutorTests.swift:59:9: note: in expansion of macro 'expect' here
        #expect(result.succeeded)
        ^~~~~~~~~~~~~~~~~~~~~~~~~
/Users/user/Documents/Chainworks Forge/Chainworks ForgeTests/SimulatedAgentExecutorTests.swift:59:9: note: in expansion of macro 'expect' here
        #expect(result.succeeded)
        ^~~~~~~~~~~~~~~~~~~~~~~~~
Chainworks_Forge.AgentResult.succeeded:2:25: note: property declared here
@MainActor internal let succeeded: Bool}
                        ^
@__swiftmacro_21Chainworks_ForgeTests0038SimulatedAgentExecutorTestsswift_yoBAmfMX59_8_6expectfMf0_.swift:1:39: warning: main actor-isolated property 'errorMessage' cannot be accessed from outside of the actor; this is an error in the Swift 6 language mode
Testing.__checkBinaryOperation(result.errorMessage,{ $0 == $1() },nil,expression: .__fromBinaryOperation(.__fromSyntaxNode("result.errorMessage"),"==",.__fromSyntaxNode("nil")),comments: [],isRequired: false,sourceLocation: Testing.SourceLocation.__here()).__expected()
                                      ^
/Users/user/Documents/Chainworks Forge/Chainworks ForgeTests/SimulatedAgentExecutorTests.swift:60:9: note: in expansion of macro 'expect' here
        #expect(result.errorMessage == nil)
        ^~~~~~~~~~~~~~~~~~~~~~~~~~~~~~~~~~~
/Users/user/Documents/Chainworks Forge/Chainworks ForgeTests/SimulatedAgentExecutorTests.swift:60:9: note: in expansion of macro 'expect' here
        #expect(result.errorMessage == nil)
        ^~~~~~~~~~~~~~~~~~~~~~~~~~~~~~~~~~~
@__swiftmacro_21Chainworks_ForgeTests0038SimulatedAgentExecutorTestsswift_yoBAmfMX60_8_6expectfMf1_.swift:1:38: warning: main actor-isolated property 'outputs' cannot be accessed from outside of the actor; this is an error in the Swift 6 language mode
Testing.__checkPropertyAccess(result.outputs.self,getting: { $0.isEmpty },expression: .__fromNegation(.__fromPropertyAccess(.__fromSyntaxNode("result.outputs"),.__fromSyntaxNode("isEmpty")), false),comments: [],isRequired: false,sourceLocation: Testing.SourceLocation.__here()).__expected()
                                     ^
/Users/user/Documents/Chainworks Forge/Chainworks ForgeTests/SimulatedAgentExecutorTests.swift:61:9: note: in expansion of macro 'expect' here
        #expect(!result.outputs.isEmpty)
        ^~~~~~~~~~~~~~~~~~~~~~~~~~~~~~~~
/Users/user/Documents/Chainworks Forge/Chainworks ForgeTests/SimulatedAgentExecutorTests.swift:61:9: note: in expansion of macro 'expect' here
        #expect(!result.outputs.isEmpty)
        ^~~~~~~~~~~~~~~~~~~~~~~~~~~~~~~~
@__swiftmacro_21Chainworks_ForgeTests0038SimulatedAgentExecutorTestsswift_yoBAmfMX61_8_6expectfMf2_.swift:1:39: warning: main actor-isolated property 'logSnippet' cannot be accessed from outside of the actor; this is an error in the Swift 6 language mode
Testing.__checkBinaryOperation(result.logSnippet,{ $0 != $1() },nil,expression: .__fromBinaryOperation(.__fromSyntaxNode("result.logSnippet"),"!=",.__fromSyntaxNode("nil")),comments: [],isRequired: false,sourceLocation: Testing.SourceLocation.__here()).__expected()
                                      ^
/Users/user/Documents/Chainworks Forge/Chainworks ForgeTests/SimulatedAgentExecutorTests.swift:62:9: note: in expansion of macro 'expect' here
        #expect(result.logSnippet != nil)
        ^~~~~~~~~~~~~~~~~~~~~~~~~~~~~~~~~
/Users/user/Documents/Chainworks Forge/Chainworks ForgeTests/SimulatedAgentExecutorTests.swift:62:9: note: in expansion of macro 'expect' here
        #expect(result.logSnippet != nil)
        ^~~~~~~~~~~~~~~~~~~~~~~~~~~~~~~~~
@__swiftmacro_21Chainworks_ForgeTests0038SimulatedAgentExecutorTestsswift_yoBAmfMX73_8_6expectfMf_.swift:1:57: warning: main actor-isolated property 'succeeded' can not be referenced from a nonisolated context
Testing.__checkPropertyAccess(result.self,getting: { $0.succeeded },expression: .__fromPropertyAccess(.__fromSyntaxNode("result"),.__fromSyntaxNode("succeeded")),comments: [],isRequired: false,sourceLocation: Testing.SourceLocation.__here()).__expected()
                                                        ^
/Users/user/Documents/Chainworks Forge/Chainworks ForgeTests/SimulatedAgentExecutorTests.swift:74:9: note: in expansion of macro 'expect' here
        #expect(result.succeeded)
        ^~~~~~~~~~~~~~~~~~~~~~~~~
/Users/user/Documents/Chainworks Forge/Chainworks ForgeTests/SimulatedAgentExecutorTests.swift:74:9: note: in expansion of macro 'expect' here
        #expect(result.succeeded)
        ^~~~~~~~~~~~~~~~~~~~~~~~~
Chainworks_Forge.AgentResult.succeeded:2:25: note: property declared here
@MainActor internal let succeeded: Bool}
                        ^
@__swiftmacro_21Chainworks_ForgeTests0038SimulatedAgentExecutorTestsswift_yoBAmfMX74_8_6expectfMf0_.swift:1:39: warning: main actor-isolated property 'outputs' cannot be accessed from outside of the actor; this is an error in the Swift 6 language mode
Testing.__checkBinaryOperation(result.outputs.count,{ $0 == $1() },2,expression: .__fromBinaryOperation(.__fromSyntaxNode("result.outputs.count"),"==",.__fromSyntaxNode("2")),comments: [],isRequired: false,sourceLocation: Testing.SourceLocation.__here()).__expected()
                                      ^
/Users/user/Documents/Chainworks Forge/Chainworks ForgeTests/SimulatedAgentExecutorTests.swift:75:9: note: in expansion of macro 'expect' here
        #expect(result.outputs.count == 2)
        ^~~~~~~~~~~~~~~~~~~~~~~~~~~~~~~~~~
/Users/user/Documents/Chainworks Forge/Chainworks ForgeTests/SimulatedAgentExecutorTests.swift:75:9: note: in expansion of macro 'expect' here
        #expect(result.outputs.count == 2)
        ^~~~~~~~~~~~~~~~~~~~~~~~~~~~~~~~~~
@__swiftmacro_21Chainworks_ForgeTests0038SimulatedAgentExecutorTestsswift_yoBAmfMX75_8_6expectfMf1_.swift:1:39: warning: main actor-isolated property 'outputs' cannot be accessed from outside of the actor; this is an error in the Swift 6 language mode
Testing.__checkBinaryOperation(result.outputs["proposal_current"],{ $0 != $1() },nil,expression: .__fromBinaryOperation(.__fromSyntaxNode(#"result.outputs["proposal_current"]"#),"!=",.__fromSyntaxNode("nil")),comments: [],isRequired: false,sourceLocation: Testing.SourceLocation.__here()).__expected()
                                      ^
/Users/user/Documents/Chainworks Forge/Chainworks ForgeTests/SimulatedAgentExecutorTests.swift:76:9: note: in expansion of macro 'expect' here
        #expect(result.outputs["proposal_current"] != nil)
        ^~~~~~~~~~~~~~~~~~~~~~~~~~~~~~~~~~~~~~~~~~~~~~~~~~
/Users/user/Documents/Chainworks Forge/Chainworks ForgeTests/SimulatedAgentExecutorTests.swift:76:9: note: in expansion of macro 'expect' here
        #expect(result.outputs["proposal_current"] != nil)
        ^~~~~~~~~~~~~~~~~~~~~~~~~~~~~~~~~~~~~~~~~~~~~~~~~~
@__swiftmacro_21Chainworks_ForgeTests0038SimulatedAgentExecutorTestsswift_yoBAmfMX76_8_6expectfMf2_.swift:1:39: warning: main actor-isolated property 'outputs' cannot be accessed from outside of the actor; this is an error in the Swift 6 language mode
Testing.__checkBinaryOperation(result.outputs["idea_brief"],{ $0 != $1() },nil,expression: .__fromBinaryOperation(.__fromSyntaxNode(#"result.outputs["idea_brief"]"#),"!=",.__fromSyntaxNode("nil")),comments: [],isRequired: false,sourceLocation: Testing.SourceLocation.__here()).__expected()
                                      ^
/Users/user/Documents/Chainworks Forge/Chainworks ForgeTests/SimulatedAgentExecutorTests.swift:77:9: note: in expansion of macro 'expect' here
        #expect(result.outputs["idea_brief"] != nil)
        ^~~~~~~~~~~~~~~~~~~~~~~~~~~~~~~~~~~~~~~~~~~~
/Users/user/Documents/Chainworks Forge/Chainworks ForgeTests/SimulatedAgentExecutorTests.swift:77:9: note: in expansion of macro 'expect' here
        #expect(result.outputs["idea_brief"] != nil)
        ^~~~~~~~~~~~~~~~~~~~~~~~~~~~~~~~~~~~~~~~~~~~
@__swiftmacro_21Chainworks_ForgeTests0038SimulatedAgentExecutorTestsswift_yoBAmfMX88_8_6expectfMf_.swift:1:57: warning: main actor-isolated property 'succeeded' can not be referenced from a nonisolated context
Testing.__checkPropertyAccess(result.self,getting: { $0.succeeded },expression: .__fromPropertyAccess(.__fromSyntaxNode("result"),.__fromSyntaxNode("succeeded")),comments: [],isRequired: false,sourceLocation: Testing.SourceLocation.__here()).__expected()
                                                        ^
/Users/user/Documents/Chainworks Forge/Chainworks ForgeTests/SimulatedAgentExecutorTests.swift:89:9: note: in expansion of macro 'expect' here
        #expect(result.succeeded)
        ^~~~~~~~~~~~~~~~~~~~~~~~~
/Users/user/Documents/Chainworks Forge/Chainworks ForgeTests/SimulatedAgentExecutorTests.swift:89:9: note: in expansion of macro 'expect' here
        #expect(result.succeeded)
        ^~~~~~~~~~~~~~~~~~~~~~~~~
Chainworks_Forge.AgentResult.succeeded:2:25: note: property declared here
@MainActor internal let succeeded: Bool}
                        ^
@__swiftmacro_21Chainworks_ForgeTests0038SimulatedAgentExecutorTestsswift_yoBAmfMX89_8_6expectfMf0_.swift:1:39: warning: main actor-isolated property 'outputs' cannot be accessed from outside of the actor; this is an error in the Swift 6 language mode
Testing.__checkBinaryOperation(result.outputs.count,{ $0 == $1() },1,expression: .__fromBinaryOperation(.__fromSyntaxNode("result.outputs.count"),"==",.__fromSyntaxNode("1")),comments: [],isRequired: false,sourceLocation: Testing.SourceLocation.__here()).__expected()
                                      ^
/Users/user/Documents/Chainworks Forge/Chainworks ForgeTests/SimulatedAgentExecutorTests.swift:90:9: note: in expansion of macro 'expect' here
        #expect(result.outputs.count == 1)
        ^~~~~~~~~~~~~~~~~~~~~~~~~~~~~~~~~~
/Users/user/Documents/Chainworks Forge/Chainworks ForgeTests/SimulatedAgentExecutorTests.swift:90:9: note: in expansion of macro 'expect' here
        #expect(result.outputs.count == 1)
        ^~~~~~~~~~~~~~~~~~~~~~~~~~~~~~~~~~
@__swiftmacro_21Chainworks_ForgeTests0038SimulatedAgentExecutorTestsswift_yoBAmfMX90_8_6expectfMf1_.swift:1:39: warning: main actor-isolated property 'outputs' cannot be accessed from outside of the actor; this is an error in the Swift 6 language mode
Testing.__checkBinaryOperation(result.outputs["test_agent_output"],{ $0 != $1() },nil,expression: .__fromBinaryOperation(.__fromSyntaxNode(#"result.outputs["test_agent_output"]"#),"!=",.__fromSyntaxNode("nil")),comments: [],isRequired: false,sourceLocation: Testing.SourceLocation.__here()).__expected()
                                      ^
/Users/user/Documents/Chainworks Forge/Chainworks ForgeTests/SimulatedAgentExecutorTests.swift:91:9: note: in expansion of macro 'expect' here
        #expect(result.outputs["test_agent_output"] != nil)
        ^~~~~~~~~~~~~~~~~~~~~~~~~~~~~~~~~~~~~~~~~~~~~~~~~~~
/Users/user/Documents/Chainworks Forge/Chainworks ForgeTests/SimulatedAgentExecutorTests.swift:91:9: note: in expansion of macro 'expect' here
        #expect(result.outputs["test_agent_output"] != nil)
        ^~~~~~~~~~~~~~~~~~~~~~~~~~~~~~~~~~~~~~~~~~~~~~~~~~~
@__swiftmacro_21Chainworks_ForgeTests0038SimulatedAgentExecutorTestsswift_yoBAmfMX108_8_6expectfMf_.swift:1:57: warning: main actor-isolated property 'succeeded' can not be referenced from a nonisolated context
Testing.__checkPropertyAccess(result.self,getting: { $0.succeeded },expression: .__fromPropertyAccess(.__fromSyntaxNode("result"),.__fromSyntaxNode("succeeded")),comments: [],isRequired: false,sourceLocation: Testing.SourceLocation.__here()).__expected()
                                                        ^
/Users/user/Documents/Chainworks Forge/Chainworks ForgeTests/SimulatedAgentExecutorTests.swift:109:9: note: in expansion of macro 'expect' here
        #expect(result.succeeded)
        ^~~~~~~~~~~~~~~~~~~~~~~~~
/Users/user/Documents/Chainworks Forge/Chainworks ForgeTests/SimulatedAgentExecutorTests.swift:109:9: note: in expansion of macro 'expect' here
        #expect(result.succeeded)
        ^~~~~~~~~~~~~~~~~~~~~~~~~
Chainworks_Forge.AgentResult.succeeded:2:25: note: property declared here
@MainActor internal let succeeded: Bool}
                        ^
@__swiftmacro_21Chainworks_ForgeTests0038SimulatedAgentExecutorTestsswift_yoBAmfMX170_8_6expectfMf_.swift:1:57: warning: main actor-isolated property 'succeeded' can not be referenced from a nonisolated context
Testing.__checkPropertyAccess(result.self,getting: { $0.succeeded },expression: .__fromNegation(.__fromPropertyAccess(.__fromSyntaxNode("result"),.__fromSyntaxNode("succeeded")), false),comments: [],isRequired: false,sourceLocation: Testing.SourceLocation.__here()).__expected()
                                                        ^
/Users/user/Documents/Chainworks Forge/Chainworks ForgeTests/SimulatedAgentExecutorTests.swift:171:9: note: in expansion of macro 'expect' here
        #expect(!result.succeeded)
        ^~~~~~~~~~~~~~~~~~~~~~~~~~
/Users/user/Documents/Chainworks Forge/Chainworks ForgeTests/SimulatedAgentExecutorTests.swift:171:9: note: in expansion of macro 'expect' here
        #expect(!result.succeeded)
        ^~~~~~~~~~~~~~~~~~~~~~~~~~
Chainworks_Forge.AgentResult.succeeded:2:25: note: property declared here
@MainActor internal let succeeded: Bool}
                        ^
@__swiftmacro_21Chainworks_ForgeTests0038SimulatedAgentExecutorTestsswift_yoBAmfMX171_8_6expectfMf0_.swift:1:39: warning: main actor-isolated property 'errorMessage' cannot be accessed from outside of the actor; this is an error in the Swift 6 language mode
Testing.__checkBinaryOperation(result.errorMessage,{ $0 != $1() },nil,expression: .__fromBinaryOperation(.__fromSyntaxNode("result.errorMessage"),"!=",.__fromSyntaxNode("nil")),comments: [],isRequired: false,sourceLocation: Testing.SourceLocation.__here()).__expected()
                                      ^
/Users/user/Documents/Chainworks Forge/Chainworks ForgeTests/SimulatedAgentExecutorTests.swift:172:9: note: in expansion of macro 'expect' here
        #expect(result.errorMessage != nil)
        ^~~~~~~~~~~~~~~~~~~~~~~~~~~~~~~~~~~
/Users/user/Documents/Chainworks Forge/Chainworks ForgeTests/SimulatedAgentExecutorTests.swift:172:9: note: in expansion of macro 'expect' here
        #expect(result.errorMessage != nil)
        ^~~~~~~~~~~~~~~~~~~~~~~~~~~~~~~~~~~
@__swiftmacro_21Chainworks_ForgeTests0038SimulatedAgentExecutorTestsswift_yoBAmfMX172_8_6expectfMf1_.swift:1:38: warning: main actor-isolated property 'outputs' cannot be accessed from outside of the actor; this is an error in the Swift 6 language mode
Testing.__checkPropertyAccess(result.outputs.self,getting: { $0.isEmpty },expression: .__fromPropertyAccess(.__fromSyntaxNode("result.outputs"),.__fromSyntaxNode("isEmpty")),comments: [],isRequired: false,sourceLocation: Testing.SourceLocation.__here()).__expected()
                                     ^
/Users/user/Documents/Chainworks Forge/Chainworks ForgeTests/SimulatedAgentExecutorTests.swift:173:9: note: in expansion of macro 'expect' here
        #expect(result.outputs.isEmpty)
        ^~~~~~~~~~~~~~~~~~~~~~~~~~~~~~~
/Users/user/Documents/Chainworks Forge/Chainworks ForgeTests/SimulatedAgentExecutorTests.swift:173:9: note: in expansion of macro 'expect' here
        #expect(result.outputs.isEmpty)
        ^~~~~~~~~~~~~~~~~~~~~~~~~~~~~~~
@__swiftmacro_21Chainworks_ForgeTests0038SimulatedAgentExecutorTestsswift_yoBAmfMX193_8_6expectfMf_.swift:1:41: warning: main actor-isolated property 'executedTasks' cannot be accessed from outside of the actor; this is an error in the Swift 6 language mode
Testing.__checkBinaryOperation(executor.executedTasks.count,{ $0 == $1() },2,expression: .__fromBinaryOperation(.__fromSyntaxNode("executor.executedTasks.count"),"==",.__fromSyntaxNode("2")),comments: [],isRequired: false,sourceLocation: Testing.SourceLocation.__here()).__expected()
                                        ^
/Users/user/Documents/Chainworks Forge/Chainworks ForgeTests/SimulatedAgentExecutorTests.swift:194:9: note: in expansion of macro 'expect' here
        #expect(executor.executedTasks.count == 2)
        ^~~~~~~~~~~~~~~~~~~~~~~~~~~~~~~~~~~~~~~~~~
/Users/user/Documents/Chainworks Forge/Chainworks ForgeTests/SimulatedAgentExecutorTests.swift:194:9: note: in expansion of macro 'expect' here
        #expect(executor.executedTasks.count == 2)
        ^~~~~~~~~~~~~~~~~~~~~~~~~~~~~~~~~~~~~~~~~~
@__swiftmacro_21Chainworks_ForgeTests0038SimulatedAgentExecutorTestsswift_yoBAmfMX194_8_6expectfMf0_.swift:1:41: warning: main actor-isolated property 'executedTasks' cannot be accessed from outside of the actor; this is an error in the Swift 6 language mode
Testing.__checkBinaryOperation(executor.executedTasks[0].task,{ $0 == $1() },"task_1",expression: .__fromBinaryOperation(.__fromSyntaxNode("executor.executedTasks[0].task"),"==",.__fromStringLiteral(#""task_1""#, "task_1")),comments: [],isRequired: false,sourceLocation: Testing.SourceLocation.__here()).__expected()
                                        ^
/Users/user/Documents/Chainworks Forge/Chainworks ForgeTests/SimulatedAgentExecutorTests.swift:195:9: note: in expansion of macro 'expect' here
        #expect(executor.executedTasks[0].task == "task_1")
        ^~~~~~~~~~~~~~~~~~~~~~~~~~~~~~~~~~~~~~~~~~~~~~~~~~~
/Users/user/Documents/Chainworks Forge/Chainworks ForgeTests/SimulatedAgentExecutorTests.swift:195:9: note: in expansion of macro 'expect' here
        #expect(executor.executedTasks[0].task == "task_1")
        ^~~~~~~~~~~~~~~~~~~~~~~~~~~~~~~~~~~~~~~~~~~~~~~~~~~
@__swiftmacro_21Chainworks_ForgeTests0038SimulatedAgentExecutorTestsswift_yoBAmfMX195_8_6expectfMf1_.swift:1:41: warning: main actor-isolated property 'executedTasks' cannot be accessed from outside of the actor; this is an error in the Swift 6 language mode
Testing.__checkBinaryOperation(executor.executedTasks[1].stageID,{ $0 == $1() },"stage_2",expression: .__fromBinaryOperation(.__fromSyntaxNode("executor.executedTasks[1].stageID"),"==",.__fromStringLiteral(#""stage_2""#, "stage_2")),comments: [],isRequired: false,sourceLocation: Testing.SourceLocation.__here()).__expected()
                                        ^
/Users/user/Documents/Chainworks Forge/Chainworks ForgeTests/SimulatedAgentExecutorTests.swift:196:9: note: in expansion of macro 'expect' here
        #expect(executor.executedTasks[1].stageID == "stage_2")
        ^~~~~~~~~~~~~~~~~~~~~~~~~~~~~~~~~~~~~~~~~~~~~~~~~~~~~~~
/Users/user/Documents/Chainworks Forge/Chainworks ForgeTests/SimulatedAgentExecutorTests.swift:196:9: note: in expansion of macro 'expect' here
        #expect(executor.executedTasks[1].stageID == "stage_2")
        ^~~~~~~~~~~~~~~~~~~~~~~~~~~~~~~~~~~~~~~~~~~~~~~~~~~~~~~
@__swiftmacro_21Chainworks_ForgeTests0038SimulatedAgentExecutorTestsswift_yoBAmfMX206_8_6expectfMf_.swift:1:40: warning: main actor-isolated property 'executedTasks' cannot be accessed from outside of the actor; this is an error in the Swift 6 language mode
Testing.__checkPropertyAccess(executor.executedTasks.self,getting: { $0.isEmpty },expression: .__fromPropertyAccess(.__fromSyntaxNode("executor.executedTasks"),.__fromSyntaxNode("isEmpty")),comments: [],isRequired: false,sourceLocation: Testing.SourceLocation.__here()).__expected()
                                       ^
/Users/user/Documents/Chainworks Forge/Chainworks ForgeTests/SimulatedAgentExecutorTests.swift:207:9: note: in expansion of macro 'expect' here
        #expect(executor.executedTasks.isEmpty)
        ^~~~~~~~~~~~~~~~~~~~~~~~~~~~~~~~~~~~~~~
/Users/user/Documents/Chainworks Forge/Chainworks ForgeTests/SimulatedAgentExecutorTests.swift:207:9: note: in expansion of macro 'expect' here
        #expect(executor.executedTasks.isEmpty)
        ^~~~~~~~~~~~~~~~~~~~~~~~~~~~~~~~~~~~~~~
@__swiftmacro_21Chainworks_ForgeTests0038SimulatedAgentExecutorTestsswift_yoBAmfMX207_8_6expectfMf0_.swift:1:40: warning: main actor-isolated property 'failingAgentIDs' cannot be accessed from outside of the actor; this is an error in the Swift 6 language mode
Testing.__checkPropertyAccess(executor.failingAgentIDs.self,getting: { $0.isEmpty },expression: .__fromPropertyAccess(.__fromSyntaxNode("executor.failingAgentIDs"),.__fromSyntaxNode("isEmpty")),comments: [],isRequired: false,sourceLocation: Testing.SourceLocation.__here()).__expected()
                                       ^
/Users/user/Documents/Chainworks Forge/Chainworks ForgeTests/SimulatedAgentExecutorTests.swift:208:9: note: in expansion of macro 'expect' here
        #expect(executor.failingAgentIDs.isEmpty)
        ^~~~~~~~~~~~~~~~~~~~~~~~~~~~~~~~~~~~~~~~~
/Users/user/Documents/Chainworks Forge/Chainworks ForgeTests/SimulatedAgentExecutorTests.swift:208:9: note: in expansion of macro 'expect' here
        #expect(executor.failingAgentIDs.isEmpty)
        ^~~~~~~~~~~~~~~~~~~~~~~~~~~~~~~~~~~~~~~~~
@__swiftmacro_21Chainworks_ForgeTests0038SimulatedAgentExecutorTestsswift_yoBAmfMX262_8_6expectfMf_.swift:1:39: warning: main actor-isolated property 'costCents' cannot be accessed from outside of the actor; this is an error in the Swift 6 language mode
Testing.__checkBinaryOperation(result.costCents,{ $0 != $1() },nil,expression: .__fromBinaryOperation(.__fromSyntaxNode("result.costCents"),"!=",.__fromSyntaxNode("nil")),comments: [.__line("// §6.2: default 100 cents per execution")],isRequired: false,sourceLocation: Testing.SourceLocation.__here()).__expected()
/Users/user/Documents/Chainworks Forge/Chainworks ForgeTests/SimulatedAgentExecutorTests.swift:263:9: note: in expansion of macro 'expect' here
        #expect(result.costCents != nil)
        ^~~~~~~~~~~~~~~~~~~~~~~~~~~~~~~~
/Users/user/Documents/Chainworks Forge/Chainworks ForgeTests/SimulatedAgentExecutorTests.swift:263:9: note: in expansion of macro 'expect' here
        #expect(result.costCents != nil)
        ^~~~~~~~~~~~~~~~~~~~~~~~~~~~~~~~
@__swiftmacro_21Chainworks_ForgeTests0038SimulatedAgentExecutorTestsswift_yoBAmfMX263_8_6expectfMf0_.swift:1:39: warning: main actor-isolated property 'costCents' cannot be accessed from outside of the actor; this is an error in the Swift 6 language mode
Testing.__checkBinaryOperation(result.costCents,{ $0 == $1() },100,expression: .__fromBinaryOperation(.__fromSyntaxNode("result.costCents"),"==",.__fromSyntaxNode("100")),comments: [],isRequired: false,sourceLocation: Testing.SourceLocation.__here()).__expected()
                                      ^
/Users/user/Documents/Chainworks Forge/Chainworks ForgeTests/SimulatedAgentExecutorTests.swift:264:9: note: in expansion of macro 'expect' here
        #expect(result.costCents == 100)
        ^~~~~~~~~~~~~~~~~~~~~~~~~~~~~~~~
/Users/user/Documents/Chainworks Forge/Chainworks ForgeTests/SimulatedAgentExecutorTests.swift:264:9: note: in expansion of macro 'expect' here
        #expect(result.costCents == 100)
        ^~~~~~~~~~~~~~~~~~~~~~~~~~~~~~~~
@__swiftmacro_21Chainworks_ForgeTests0038SimulatedAgentExecutorTestsswift_yoBAmfMX277_8_6expectfMf_.swift:1:39: warning: main actor-isolated property 'sessionID' cannot be accessed from outside of the actor; this is an error in the Swift 6 language mode
Testing.__checkBinaryOperation(result.sessionID,{ $0 != $1() },nil,expression: .__fromBinaryOperation(.__fromSyntaxNode("result.sessionID"),"!=",.__fromSyntaxNode("nil")),comments: ["AgentResult.sessionID must be set (§6.1)"],isRequired: false,sourceLocation: Testing.SourceLocation.__here()).__expected()
/Users/user/Documents/Chainworks Forge/Chainworks ForgeTests/SimulatedAgentExecutorTests.swift:278:9: note: in expansion of macro 'expect' here
        #expect(result.sessionID != nil, "AgentResult.sessionID must be set (§6.1)")
/Users/user/Documents/Chainworks Forge/Chainworks ForgeTests/SimulatedAgentExecutorTests.swift:278:9: note: in expansion of macro 'expect' here
        #expect(result.sessionID != nil, "AgentResult.sessionID must be set (§6.1)")
@__swiftmacro_21Chainworks_ForgeTests0038SimulatedAgentExecutorTestsswift_yoBAmfMX278_8_6expectfMf0_.swift:1:36: warning: main actor-isolated property 'sessionID' cannot be accessed from outside of the actor; this is an error in the Swift 6 language mode
Testing.__checkFunctionCall(result.sessionID!.self,calling: {
                                   ^
/Users/user/Documents/Chainworks Forge/Chainworks ForgeTests/SimulatedAgentExecutorTests.swift:279:9: note: in expansion of macro 'expect' here
        #expect(result.sessionID!.hasPrefix("sim-"), "Simulated sessions use 'sim-' prefix")
        ^~~~~~~~~~~~~~~~~~~~~~~~~~~~~~~~~~~~~~~~~~~~~~~~~~~~~~~~~~~~~~~~~~~~~~~~~~~~~~~~~~~~
/Users/user/Documents/Chainworks Forge/Chainworks ForgeTests/SimulatedAgentExecutorTests.swift:279:9: note: in expansion of macro 'expect' here
        #expect(result.sessionID!.hasPrefix("sim-"), "Simulated sessions use 'sim-' prefix")
        ^~~~~~~~~~~~~~~~~~~~~~~~~~~~~~~~~~~~~~~~~~~~~~~~~~~~~~~~~~~~~~~~~~~~~~~~~~~~~~~~~~~~
@__swiftmacro_21Chainworks_ForgeTests0038SimulatedAgentExecutorTestsswift_yoBAmfMX279_8_6expectfMf1_.swift:1:39: warning: main actor-isolated property 'durationSeconds' cannot be accessed from outside of the actor; this is an error in the Swift 6 language mode
Testing.__checkBinaryOperation(result.durationSeconds,{ $0 >= $1() },0,expression: .__fromBinaryOperation(.__fromSyntaxNode("result.durationSeconds"),">=",.__fromSyntaxNode("0")),comments: ["AgentResult.durationSeconds must be non-negative (§6.1)"],isRequired: false,sourceLocation: Testing.SourceLocation.__here()).__expected()
/Users/user/Documents/Chainworks Forge/Chainworks ForgeTests/SimulatedAgentExecutorTests.swift:280:9: note: in expansion of macro 'expect' here
        #expect(result.durationSeconds >= 0, "AgentResult.durationSeconds must be non-negative (§6.1)")
/Users/user/Documents/Chainworks Forge/Chainworks ForgeTests/SimulatedAgentExecutorTests.swift:280:9: note: in expansion of macro 'expect' here
        #expect(result.durationSeconds >= 0, "AgentResult.durationSeconds must be non-negative (§6.1)")

SwiftCompile normal arm64 Compiling\ Proposal024RunSurfaceTests.swift,\ Proposal025Tests.swift,\ Proposal026Tests.swift,\ Proposal027Tests.swift,\ Proposal029Tests.swift,\ Proposal033Tests.swift /Users/user/Documents/Chainworks\ Forge/Chainworks\ ForgeTests/Proposal024RunSurfaceTests.swift /Users/user/Documents/Chainworks\ Forge/Chainworks\ ForgeTests/Proposal025Tests.swift /Users/user/Documents/Chainworks\ Forge/Chainworks\ ForgeTests/Proposal026Tests.swift /Users/user/Documents/Chainworks\ Forge/Chainworks\ ForgeTests/Proposal027Tests.swift /Users/user/Documents/Chainworks\ Forge/Chainworks\ ForgeTests/Proposal029Tests.swift /Users/user/Documents/Chainworks\ Forge/Chainworks\ ForgeTests/Proposal033Tests.swift (in target 'Chainworks ForgeTests' from project 'Chainworks Forge')

SwiftCompile normal arm64 /Users/user/Documents/Chainworks\ Forge/Chainworks\ ForgeTests/Proposal024RunSurfaceTests.swift (in target 'Chainworks ForgeTests' from project 'Chainworks Forge')
    cd /Users/user/Documents/Chainworks\ Forge
    
/Users/user/Documents/Chainworks Forge/Chainworks ForgeTests/Proposal026Tests.swift:146:33: warning: 'is' test is always true
        #expect(claudeTransport is RuntimeTransportProtocol)
                                ^
/Users/user/Documents/Chainworks Forge/Chainworks ForgeTests/Proposal026Tests.swift:147:33: warning: 'is' test is always true
        #expect(geminiTransport is RuntimeTransportProtocol)
                                ^
@__swiftmacro_21Chainworks_ForgeTests0027Proposal033Testsswift_ovFAhfMX226_8_6expectfMf5_.swift:1:57: warning: main actor-isolated conformance of 'ProviderCapabilities' to 'Equatable' cannot be used in nonisolated context; this is an error in the Swift 6 language mode
Testing.__checkBinaryOperation(claude.capabilities,{ $0 == $1() },.default(for: .claudeACP),expression: .__fromBinaryOperation(.__fromSyntaxNode("claude.capabilities"),"==",.__fromSyntaxNode(".default(for: .claudeACP)")),comments: [],isRequired: false,sourceLocation: Testing.SourceLocation.__here()).__expected()
                                                        ^
/Users/user/Documents/Chainworks Forge/Chainworks ForgeTests/Proposal033Tests.swift:227:9: note: in expansion of macro 'expect' here
        #expect(claude.capabilities == .default(for: .claudeACP))
        ^~~~~~~~~~~~~~~~~~~~~~~~~~~~~~~~~~~~~~~~~~~~~~~~~~~~~~~~~
/Users/user/Documents/Chainworks Forge/Chainworks ForgeTests/Proposal033Tests.swift:227:9: note: in expansion of macro 'expect' here
        #expect(claude.capabilities == .default(for: .claudeACP))
        ^~~~~~~~~~~~~~~~~~~~~~~~~~~~~~~~~~~~~~~~~~~~~~~~~~~~~~~~~
@__swiftmacro_21Chainworks_ForgeTests0027Proposal033Testsswift_ovFAhfMX236_8_6expectfMf13_.swift:1:57: warning: main actor-isolated conformance of 'ProviderCapabilities' to 'Equatable' cannot be used in nonisolated context; this is an error in the Swift 6 language mode
Testing.__checkBinaryOperation(gemini.capabilities,{ $0 == $1() },.default(for: .geminiACP),expression: .__fromBinaryOperation(.__fromSyntaxNode("gemini.capabilities"),"==",.__fromSyntaxNode(".default(for: .geminiACP)")),comments: [],isRequired: false,sourceLocation: Testing.SourceLocation.__here()).__expected()
                                                        ^
/Users/user/Documents/Chainworks Forge/Chainworks ForgeTests/Proposal033Tests.swift:237:9: note: in expansion of macro 'expect' here
        #expect(gemini.capabilities == .default(for: .geminiACP))
        ^~~~~~~~~~~~~~~~~~~~~~~~~~~~~~~~~~~~~~~~~~~~~~~~~~~~~~~~~
/Users/user/Documents/Chainworks Forge/Chainworks ForgeTests/Proposal033Tests.swift:237:9: note: in expansion of macro 'expect' here
        #expect(gemini.capabilities == .default(for: .geminiACP))
        ^~~~~~~~~~~~~~~~~~~~~~~~~~~~~~~~~~~~~~~~~~~~~~~~~~~~~~~~~

SwiftCompile normal arm64 /Users/user/Documents/Chainworks\ Forge/Chainworks\ ForgeTests/Proposal025Tests.swift (in target 'Chainworks ForgeTests' from project 'Chainworks Forge')
    cd /Users/user/Documents/Chainworks\ Forge
    
/Users/user/Documents/Chainworks Forge/Chainworks ForgeTests/Proposal026Tests.swift:146:33: warning: 'is' test is always true
        #expect(claudeTransport is RuntimeTransportProtocol)
                                ^
/Users/user/Documents/Chainworks Forge/Chainworks ForgeTests/Proposal026Tests.swift:147:33: warning: 'is' test is always true
        #expect(geminiTransport is RuntimeTransportProtocol)
                                ^
@__swiftmacro_21Chainworks_ForgeTests0027Proposal033Testsswift_ovFAhfMX226_8_6expectfMf5_.swift:1:57: warning: main actor-isolated conformance of 'ProviderCapabilities' to 'Equatable' cannot be used in nonisolated context; this is an error in the Swift 6 language mode
Testing.__checkBinaryOperation(claude.capabilities,{ $0 == $1() },.default(for: .claudeACP),expression: .__fromBinaryOperation(.__fromSyntaxNode("claude.capabilities"),"==",.__fromSyntaxNode(".default(for: .claudeACP)")),comments: [],isRequired: false,sourceLocation: Testing.SourceLocation.__here()).__expected()
                                                        ^
/Users/user/Documents/Chainworks Forge/Chainworks ForgeTests/Proposal033Tests.swift:227:9: note: in expansion of macro 'expect' here
        #expect(claude.capabilities == .default(for: .claudeACP))
        ^~~~~~~~~~~~~~~~~~~~~~~~~~~~~~~~~~~~~~~~~~~~~~~~~~~~~~~~~
/Users/user/Documents/Chainworks Forge/Chainworks ForgeTests/Proposal033Tests.swift:227:9: note: in expansion of macro 'expect' here
        #expect(claude.capabilities == .default(for: .claudeACP))
        ^~~~~~~~~~~~~~~~~~~~~~~~~~~~~~~~~~~~~~~~~~~~~~~~~~~~~~~~~
@__swiftmacro_21Chainworks_ForgeTests0027Proposal033Testsswift_ovFAhfMX236_8_6expectfMf13_.swift:1:57: warning: main actor-isolated conformance of 'ProviderCapabilities' to 'Equatable' cannot be used in nonisolated context; this is an error in the Swift 6 language mode
Testing.__checkBinaryOperation(gemini.capabilities,{ $0 == $1() },.default(for: .geminiACP),expression: .__fromBinaryOperation(.__fromSyntaxNode("gemini.capabilities"),"==",.__fromSyntaxNode(".default(for: .geminiACP)")),comments: [],isRequired: false,sourceLocation: Testing.SourceLocation.__here()).__expected()
                                                        ^
/Users/user/Documents/Chainworks Forge/Chainworks ForgeTests/Proposal033Tests.swift:237:9: note: in expansion of macro 'expect' here
        #expect(gemini.capabilities == .default(for: .geminiACP))
        ^~~~~~~~~~~~~~~~~~~~~~~~~~~~~~~~~~~~~~~~~~~~~~~~~~~~~~~~~
/Users/user/Documents/Chainworks Forge/Chainworks ForgeTests/Proposal033Tests.swift:237:9: note: in expansion of macro 'expect' here
        #expect(gemini.capabilities == .default(for: .geminiACP))
        ^~~~~~~~~~~~~~~~~~~~~~~~~~~~~~~~~~~~~~~~~~~~~~~~~~~~~~~~~

SwiftCompile normal arm64 /Users/user/Documents/Chainworks\ Forge/Chainworks\ ForgeTests/Proposal026Tests.swift (in target 'Chainworks ForgeTests' from project 'Chainworks Forge')
    cd /Users/user/Documents/Chainworks\ Forge
    
/Users/user/Documents/Chainworks Forge/Chainworks ForgeTests/Proposal026Tests.swift:146:33: warning: 'is' test is always true
        #expect(claudeTransport is RuntimeTransportProtocol)
                                ^
/Users/user/Documents/Chainworks Forge/Chainworks ForgeTests/Proposal026Tests.swift:147:33: warning: 'is' test is always true
        #expect(geminiTransport is RuntimeTransportProtocol)
                                ^
@__swiftmacro_21Chainworks_ForgeTests0027Proposal033Testsswift_ovFAhfMX226_8_6expectfMf5_.swift:1:57: warning: main actor-isolated conformance of 'ProviderCapabilities' to 'Equatable' cannot be used in nonisolated context; this is an error in the Swift 6 language mode
Testing.__checkBinaryOperation(claude.capabilities,{ $0 == $1() },.default(for: .claudeACP),expression: .__fromBinaryOperation(.__fromSyntaxNode("claude.capabilities"),"==",.__fromSyntaxNode(".default(for: .claudeACP)")),comments: [],isRequired: false,sourceLocation: Testing.SourceLocation.__here()).__expected()
                                                        ^
/Users/user/Documents/Chainworks Forge/Chainworks ForgeTests/Proposal033Tests.swift:227:9: note: in expansion of macro 'expect' here
        #expect(claude.capabilities == .default(for: .claudeACP))
        ^~~~~~~~~~~~~~~~~~~~~~~~~~~~~~~~~~~~~~~~~~~~~~~~~~~~~~~~~
/Users/user/Documents/Chainworks Forge/Chainworks ForgeTests/Proposal033Tests.swift:227:9: note: in expansion of macro 'expect' here
        #expect(claude.capabilities == .default(for: .claudeACP))
        ^~~~~~~~~~~~~~~~~~~~~~~~~~~~~~~~~~~~~~~~~~~~~~~~~~~~~~~~~
@__swiftmacro_21Chainworks_ForgeTests0027Proposal033Testsswift_ovFAhfMX236_8_6expectfMf13_.swift:1:57: warning: main actor-isolated conformance of 'ProviderCapabilities' to 'Equatable' cannot be used in nonisolated context; this is an error in the Swift 6 language mode
Testing.__checkBinaryOperation(gemini.capabilities,{ $0 == $1() },.default(for: .geminiACP),expression: .__fromBinaryOperation(.__fromSyntaxNode("gemini.capabilities"),"==",.__fromSyntaxNode(".default(for: .geminiACP)")),comments: [],isRequired: false,sourceLocation: Testing.SourceLocation.__here()).__expected()
                                                        ^
/Users/user/Documents/Chainworks Forge/Chainworks ForgeTests/Proposal033Tests.swift:237:9: note: in expansion of macro 'expect' here
        #expect(gemini.capabilities == .default(for: .geminiACP))
        ^~~~~~~~~~~~~~~~~~~~~~~~~~~~~~~~~~~~~~~~~~~~~~~~~~~~~~~~~
/Users/user/Documents/Chainworks Forge/Chainworks ForgeTests/Proposal033Tests.swift:237:9: note: in expansion of macro 'expect' here
        #expect(gemini.capabilities == .default(for: .geminiACP))
        ^~~~~~~~~~~~~~~~~~~~~~~~~~~~~~~~~~~~~~~~~~~~~~~~~~~~~~~~~

SwiftCompile normal arm64 /Users/user/Documents/Chainworks\ Forge/Chainworks\ ForgeTests/Proposal027Tests.swift (in target 'Chainworks ForgeTests' from project 'Chainworks Forge')
    cd /Users/user/Documents/Chainworks\ Forge
    
/Users/user/Documents/Chainworks Forge/Chainworks ForgeTests/Proposal026Tests.swift:146:33: warning: 'is' test is always true
        #expect(claudeTransport is RuntimeTransportProtocol)
                                ^
/Users/user/Documents/Chainworks Forge/Chainworks ForgeTests/Proposal026Tests.swift:147:33: warning: 'is' test is always true
        #expect(geminiTransport is RuntimeTransportProtocol)
                                ^
/Users/user/Documents/Chainworks Forge/Chainworks ForgeTests/Proposal027Tests.swift:25:19: warning: no calls to throwing functions occur within 'try' expression
        let run = try makeTestRun(workspace: workspace, context: context)
                  ^
/Users/user/Documents/Chainworks Forge/Chainworks ForgeTests/Proposal027Tests.swift:211:19: warning: no calls to throwing functions occur within 'try' expression
        let run = try makeTestRun(workspace: workspace, context: context)
                  ^
/Users/user/Documents/Chainworks Forge/Chainworks ForgeTests/Proposal027Tests.swift:478:19: warning: no calls to throwing functions occur within 'try' expression
        let run = try makeTestRun(workspace: workspace, context: context)
                  ^
/Users/user/Documents/Chainworks Forge/Chainworks ForgeTests/Proposal027Tests.swift:581:19: warning: no calls to throwing functions occur within 'try' expression
        let run = try makeTestRun(workspace: workspace, context: context)
                  ^
/Users/user/Documents/Chainworks Forge/Chainworks ForgeTests/Proposal027Tests.swift:622:19: warning: no calls to throwing functions occur within 'try' expression
        let run = try makeTestRun(workspace: workspace, context: context)
                  ^
@__swiftmacro_21Chainworks_ForgeTests0027Proposal033Testsswift_ovFAhfMX226_8_6expectfMf5_.swift:1:57: warning: main actor-isolated conformance of 'ProviderCapabilities' to 'Equatable' cannot be used in nonisolated context; this is an error in the Swift 6 language mode
Testing.__checkBinaryOperation(claude.capabilities,{ $0 == $1() },.default(for: .claudeACP),expression: .__fromBinaryOperation(.__fromSyntaxNode("claude.capabilities"),"==",.__fromSyntaxNode(".default(for: .claudeACP)")),comments: [],isRequired: false,sourceLocation: Testing.SourceLocation.__here()).__expected()
                                                        ^
/Users/user/Documents/Chainworks Forge/Chainworks ForgeTests/Proposal033Tests.swift:227:9: note: in expansion of macro 'expect' here
        #expect(claude.capabilities == .default(for: .claudeACP))
        ^~~~~~~~~~~~~~~~~~~~~~~~~~~~~~~~~~~~~~~~~~~~~~~~~~~~~~~~~
/Users/user/Documents/Chainworks Forge/Chainworks ForgeTests/Proposal033Tests.swift:227:9: note: in expansion of macro 'expect' here
        #expect(claude.capabilities == .default(for: .claudeACP))
        ^~~~~~~~~~~~~~~~~~~~~~~~~~~~~~~~~~~~~~~~~~~~~~~~~~~~~~~~~
@__swiftmacro_21Chainworks_ForgeTests0027Proposal033Testsswift_ovFAhfMX236_8_6expectfMf13_.swift:1:57: warning: main actor-isolated conformance of 'ProviderCapabilities' to 'Equatable' cannot be used in nonisolated context; this is an error in the Swift 6 language mode
Testing.__checkBinaryOperation(gemini.capabilities,{ $0 == $1() },.default(for: .geminiACP),expression: .__fromBinaryOperation(.__fromSyntaxNode("gemini.capabilities"),"==",.__fromSyntaxNode(".default(for: .geminiACP)")),comments: [],isRequired: false,sourceLocation: Testing.SourceLocation.__here()).__expected()
                                                        ^
/Users/user/Documents/Chainworks Forge/Chainworks ForgeTests/Proposal033Tests.swift:237:9: note: in expansion of macro 'expect' here
        #expect(gemini.capabilities == .default(for: .geminiACP))
        ^~~~~~~~~~~~~~~~~~~~~~~~~~~~~~~~~~~~~~~~~~~~~~~~~~~~~~~~~
/Users/user/Documents/Chainworks Forge/Chainworks ForgeTests/Proposal033Tests.swift:237:9: note: in expansion of macro 'expect' here
        #expect(gemini.capabilities == .default(for: .geminiACP))
        ^~~~~~~~~~~~~~~~~~~~~~~~~~~~~~~~~~~~~~~~~~~~~~~~~~~~~~~~~

SwiftCompile normal arm64 /Users/user/Documents/Chainworks\ Forge/Chainworks\ ForgeTests/Proposal029Tests.swift (in target 'Chainworks ForgeTests' from project 'Chainworks Forge')
    cd /Users/user/Documents/Chainworks\ Forge
    
/Users/user/Documents/Chainworks Forge/Chainworks ForgeTests/Proposal026Tests.swift:146:33: warning: 'is' test is always true
        #expect(claudeTransport is RuntimeTransportProtocol)
                                ^
/Users/user/Documents/Chainworks Forge/Chainworks ForgeTests/Proposal026Tests.swift:147:33: warning: 'is' test is always true
        #expect(geminiTransport is RuntimeTransportProtocol)
                                ^
@__swiftmacro_21Chainworks_ForgeTests0027Proposal033Testsswift_ovFAhfMX226_8_6expectfMf5_.swift:1:57: warning: main actor-isolated conformance of 'ProviderCapabilities' to 'Equatable' cannot be used in nonisolated context; this is an error in the Swift 6 language mode
Testing.__checkBinaryOperation(claude.capabilities,{ $0 == $1() },.default(for: .claudeACP),expression: .__fromBinaryOperation(.__fromSyntaxNode("claude.capabilities"),"==",.__fromSyntaxNode(".default(for: .claudeACP)")),comments: [],isRequired: false,sourceLocation: Testing.SourceLocation.__here()).__expected()
                                                        ^
/Users/user/Documents/Chainworks Forge/Chainworks ForgeTests/Proposal033Tests.swift:227:9: note: in expansion of macro 'expect' here
        #expect(claude.capabilities == .default(for: .claudeACP))
        ^~~~~~~~~~~~~~~~~~~~~~~~~~~~~~~~~~~~~~~~~~~~~~~~~~~~~~~~~
/Users/user/Documents/Chainworks Forge/Chainworks ForgeTests/Proposal033Tests.swift:227:9: note: in expansion of macro 'expect' here
        #expect(claude.capabilities == .default(for: .claudeACP))
        ^~~~~~~~~~~~~~~~~~~~~~~~~~~~~~~~~~~~~~~~~~~~~~~~~~~~~~~~~
@__swiftmacro_21Chainworks_ForgeTests0027Proposal033Testsswift_ovFAhfMX236_8_6expectfMf13_.swift:1:57: warning: main actor-isolated conformance of 'ProviderCapabilities' to 'Equatable' cannot be used in nonisolated context; this is an error in the Swift 6 language mode
Testing.__checkBinaryOperation(gemini.capabilities,{ $0 == $1() },.default(for: .geminiACP),expression: .__fromBinaryOperation(.__fromSyntaxNode("gemini.capabilities"),"==",.__fromSyntaxNode(".default(for: .geminiACP)")),comments: [],isRequired: false,sourceLocation: Testing.SourceLocation.__here()).__expected()
                                                        ^
/Users/user/Documents/Chainworks Forge/Chainworks ForgeTests/Proposal033Tests.swift:237:9: note: in expansion of macro 'expect' here
        #expect(gemini.capabilities == .default(for: .geminiACP))
        ^~~~~~~~~~~~~~~~~~~~~~~~~~~~~~~~~~~~~~~~~~~~~~~~~~~~~~~~~
/Users/user/Documents/Chainworks Forge/Chainworks ForgeTests/Proposal033Tests.swift:237:9: note: in expansion of macro 'expect' here
        #expect(gemini.capabilities == .default(for: .geminiACP))
        ^~~~~~~~~~~~~~~~~~~~~~~~~~~~~~~~~~~~~~~~~~~~~~~~~~~~~~~~~

SwiftCompile normal arm64 /Users/user/Documents/Chainworks\ Forge/Chainworks\ ForgeTests/Proposal033Tests.swift (in target 'Chainworks ForgeTests' from project 'Chainworks Forge')
    cd /Users/user/Documents/Chainworks\ Forge
    
/Users/user/Documents/Chainworks Forge/Chainworks ForgeTests/Proposal026Tests.swift:146:33: warning: 'is' test is always true
        #expect(claudeTransport is RuntimeTransportProtocol)
                                ^
/Users/user/Documents/Chainworks Forge/Chainworks ForgeTests/Proposal026Tests.swift:147:33: warning: 'is' test is always true
        #expect(geminiTransport is RuntimeTransportProtocol)
                                ^
/Users/user/Documents/Chainworks Forge/Chainworks ForgeTests/Proposal033Tests.swift:218:41: warning: main actor-isolated conformance of 'ProviderSettings' to 'Decodable' cannot be used in nonisolated context; this is an error in the Swift 6 language mode
        let decoded = try JSONDecoder().decode(ProviderSettings.self, from: migrated)
                                        ^
@__swiftmacro_21Chainworks_ForgeTests0027Proposal033Testsswift_ovFAhfMX226_8_6expectfMf5_.swift:1:57: warning: main actor-isolated conformance of 'ProviderCapabilities' to 'Equatable' cannot be used in nonisolated context; this is an error in the Swift 6 language mode
Testing.__checkBinaryOperation(claude.capabilities,{ $0 == $1() },.default(for: .claudeACP),expression: .__fromBinaryOperation(.__fromSyntaxNode("claude.capabilities"),"==",.__fromSyntaxNode(".default(for: .claudeACP)")),comments: [],isRequired: false,sourceLocation: Testing.SourceLocation.__here()).__expected()
                                                        ^
/Users/user/Documents/Chainworks Forge/Chainworks ForgeTests/Proposal033Tests.swift:227:9: note: in expansion of macro 'expect' here
        #expect(claude.capabilities == .default(for: .claudeACP))
        ^~~~~~~~~~~~~~~~~~~~~~~~~~~~~~~~~~~~~~~~~~~~~~~~~~~~~~~~~
/Users/user/Documents/Chainworks Forge/Chainworks ForgeTests/Proposal033Tests.swift:227:9: note: in expansion of macro 'expect' here
        #expect(claude.capabilities == .default(for: .claudeACP))
        ^~~~~~~~~~~~~~~~~~~~~~~~~~~~~~~~~~~~~~~~~~~~~~~~~~~~~~~~~
@__swiftmacro_21Chainworks_ForgeTests0027Proposal033Testsswift_ovFAhfMX236_8_6expectfMf13_.swift:1:57: warning: main actor-isolated conformance of 'ProviderCapabilities' to 'Equatable' cannot be used in nonisolated context; this is an error in the Swift 6 language mode
Testing.__checkBinaryOperation(gemini.capabilities,{ $0 == $1() },.default(for: .geminiACP),expression: .__fromBinaryOperation(.__fromSyntaxNode("gemini.capabilities"),"==",.__fromSyntaxNode(".default(for: .geminiACP)")),comments: [],isRequired: false,sourceLocation: Testing.SourceLocation.__here()).__expected()
                                                        ^
/Users/user/Documents/Chainworks Forge/Chainworks ForgeTests/Proposal033Tests.swift:237:9: note: in expansion of macro 'expect' here
        #expect(gemini.capabilities == .default(for: .geminiACP))
        ^~~~~~~~~~~~~~~~~~~~~~~~~~~~~~~~~~~~~~~~~~~~~~~~~~~~~~~~~
/Users/user/Documents/Chainworks Forge/Chainworks ForgeTests/Proposal033Tests.swift:237:9: note: in expansion of macro 'expect' here
        #expect(gemini.capabilities == .default(for: .geminiACP))
        ^~~~~~~~~~~~~~~~~~~~~~~~~~~~~~~~~~~~~~~~~~~~~~~~~~~~~~~~~

SwiftCompile normal arm64 Compiling\ ProviderBindingTruthTests.swift,\ ProviderPlatformTests.swift,\ RecoveryCoordinatorTests.swift,\ ResumeManagerTests.swift,\ RunArtifactHierarchyBuilderTests.swift,\ RunPlanCompilerTests.swift /Users/user/Documents/Chainworks\ Forge/Chainworks\ ForgeTests/ProviderBindingTruthTests.swift /Users/user/Documents/Chainworks\ Forge/Chainworks\ ForgeTests/ProviderPlatformTests.swift /Users/user/Documents/Chainworks\ Forge/Chainworks\ ForgeTests/RecoveryCoordinatorTests.swift /Users/user/Documents/Chainworks\ Forge/Chainworks\ ForgeTests/ResumeManagerTests.swift /Users/user/Documents/Chainworks\ Forge/Chainworks\ ForgeTests/RunArtifactHierarchyBuilderTests.swift /Users/user/Documents/Chainworks\ Forge/Chainworks\ ForgeTests/RunPlanCompilerTests.swift (in target 'Chainworks ForgeTests' from project 'Chainworks Forge')
SwiftCompile normal arm64 /Users/user/Documents/Chainworks\ Forge/Chainworks\ ForgeTests/ProviderBindingTruthTests.swift (in target 'Chainworks ForgeTests' from project 'Chainworks Forge')
    cd /Users/user/Documents/Chainworks\ Forge
    
@__swiftmacro_21Chainworks_ForgeTests0029ResumeManagerTestsswift_tAFJhfMX865_8_6expectfMf6_.swift:1:26: warning: 'init(contentsOfFile:)' was deprecated in macOS 15: Use `init(contentsOfFile:encoding:)` instead
Testing.__checkValue(try String(contentsOfFile: migratedPath) == "# proposal",expression: .__fromSyntaxNode(##"try String(contentsOfFile: migratedPath) == "# proposal""##),comments: [],isRequired: false,sourceLocation: Testing.SourceLocation.__here()).__expected()
                         ^
/Users/user/Documents/Chainworks Forge/Chainworks ForgeTests/ResumeManagerTests.swift:866:9: note: in expansion of macro 'expect' here
        #expect(try String(contentsOfFile: migratedPath) == "# proposal")
        ^~~~~~~~~~~~~~~~~~~~~~~~~~~~~~~~~~~~~~~~~~~~~~~~~~~~~~~~~~~~~~~~~
/Users/user/Documents/Chainworks Forge/Chainworks ForgeTests/ResumeManagerTests.swift:866:9: note: in expansion of macro 'expect' here
        #expect(try String(contentsOfFile: migratedPath) == "# proposal")
        ^~~~~~~~~~~~~~~~~~~~~~~~~~~~~~~~~~~~~~~~~~~~~~~~~~~~~~~~~~~~~~~~~
/Users/user/Documents/Chainworks Forge/Chainworks ForgeTests/ResumeManagerTests.swift:866:21: warning: 'init(contentsOfFile:)' was deprecated in macOS 15: Use `init(contentsOfFile:encoding:)` instead
        #expect(try String(contentsOfFile: migratedPath) == "# proposal")
                    ^

SwiftCompile normal arm64 /Users/user/Documents/Chainworks\ Forge/Chainworks\ ForgeTests/ProviderPlatformTests.swift (in target 'Chainworks ForgeTests' from project 'Chainworks Forge')
    cd /Users/user/Documents/Chainworks\ Forge
    
@__swiftmacro_21Chainworks_ForgeTests0029ResumeManagerTestsswift_tAFJhfMX865_8_6expectfMf6_.swift:1:26: warning: 'init(contentsOfFile:)' was deprecated in macOS 15: Use `init(contentsOfFile:encoding:)` instead
Testing.__checkValue(try String(contentsOfFile: migratedPath) == "# proposal",expression: .__fromSyntaxNode(##"try String(contentsOfFile: migratedPath) == "# proposal""##),comments: [],isRequired: false,sourceLocation: Testing.SourceLocation.__here()).__expected()
                         ^
/Users/user/Documents/Chainworks Forge/Chainworks ForgeTests/ResumeManagerTests.swift:866:9: note: in expansion of macro 'expect' here
        #expect(try String(contentsOfFile: migratedPath) == "# proposal")
        ^~~~~~~~~~~~~~~~~~~~~~~~~~~~~~~~~~~~~~~~~~~~~~~~~~~~~~~~~~~~~~~~~
/Users/user/Documents/Chainworks Forge/Chainworks ForgeTests/ResumeManagerTests.swift:866:9: note: in expansion of macro 'expect' here
        #expect(try String(contentsOfFile: migratedPath) == "# proposal")
        ^~~~~~~~~~~~~~~~~~~~~~~~~~~~~~~~~~~~~~~~~~~~~~~~~~~~~~~~~~~~~~~~~
/Users/user/Documents/Chainworks Forge/Chainworks ForgeTests/ResumeManagerTests.swift:866:21: warning: 'init(contentsOfFile:)' was deprecated in macOS 15: Use `init(contentsOfFile:encoding:)` instead
        #expect(try String(contentsOfFile: migratedPath) == "# proposal")
                    ^

SwiftCompile normal arm64 /Users/user/Documents/Chainworks\ Forge/Chainworks\ ForgeTests/RecoveryCoordinatorTests.swift (in target 'Chainworks ForgeTests' from project 'Chainworks Forge')
    cd /Users/user/Documents/Chainworks\ Forge
    
@__swiftmacro_21Chainworks_ForgeTests0029ResumeManagerTestsswift_tAFJhfMX865_8_6expectfMf6_.swift:1:26: warning: 'init(contentsOfFile:)' was deprecated in macOS 15: Use `init(contentsOfFile:encoding:)` instead
Testing.__checkValue(try String(contentsOfFile: migratedPath) == "# proposal",expression: .__fromSyntaxNode(##"try String(contentsOfFile: migratedPath) == "# proposal""##),comments: [],isRequired: false,sourceLocation: Testing.SourceLocation.__here()).__expected()
                         ^
/Users/user/Documents/Chainworks Forge/Chainworks ForgeTests/ResumeManagerTests.swift:866:9: note: in expansion of macro 'expect' here
        #expect(try String(contentsOfFile: migratedPath) == "# proposal")
        ^~~~~~~~~~~~~~~~~~~~~~~~~~~~~~~~~~~~~~~~~~~~~~~~~~~~~~~~~~~~~~~~~
/Users/user/Documents/Chainworks Forge/Chainworks ForgeTests/ResumeManagerTests.swift:866:9: note: in expansion of macro 'expect' here
        #expect(try String(contentsOfFile: migratedPath) == "# proposal")
        ^~~~~~~~~~~~~~~~~~~~~~~~~~~~~~~~~~~~~~~~~~~~~~~~~~~~~~~~~~~~~~~~~
/Users/user/Documents/Chainworks Forge/Chainworks ForgeTests/ResumeManagerTests.swift:866:21: warning: 'init(contentsOfFile:)' was deprecated in macOS 15: Use `init(contentsOfFile:encoding:)` instead
        #expect(try String(contentsOfFile: migratedPath) == "# proposal")
                    ^

SwiftCompile normal arm64 /Users/user/Documents/Chainworks\ Forge/Chainworks\ ForgeTests/ResumeManagerTests.swift (in target 'Chainworks ForgeTests' from project 'Chainworks Forge')
    cd /Users/user/Documents/Chainworks\ Forge
    
@__swiftmacro_21Chainworks_ForgeTests0029ResumeManagerTestsswift_tAFJhfMX865_8_6expectfMf6_.swift:1:26: warning: 'init(contentsOfFile:)' was deprecated in macOS 15: Use `init(contentsOfFile:encoding:)` instead
Testing.__checkValue(try String(contentsOfFile: migratedPath) == "# proposal",expression: .__fromSyntaxNode(##"try String(contentsOfFile: migratedPath) == "# proposal""##),comments: [],isRequired: false,sourceLocation: Testing.SourceLocation.__here()).__expected()
                         ^
/Users/user/Documents/Chainworks Forge/Chainworks ForgeTests/ResumeManagerTests.swift:866:9: note: in expansion of macro 'expect' here
        #expect(try String(contentsOfFile: migratedPath) == "# proposal")
        ^~~~~~~~~~~~~~~~~~~~~~~~~~~~~~~~~~~~~~~~~~~~~~~~~~~~~~~~~~~~~~~~~
/Users/user/Documents/Chainworks Forge/Chainworks ForgeTests/ResumeManagerTests.swift:866:9: note: in expansion of macro 'expect' here
        #expect(try String(contentsOfFile: migratedPath) == "# proposal")
        ^~~~~~~~~~~~~~~~~~~~~~~~~~~~~~~~~~~~~~~~~~~~~~~~~~~~~~~~~~~~~~~~~
/Users/user/Documents/Chainworks Forge/Chainworks ForgeTests/ResumeManagerTests.swift:866:21: warning: 'init(contentsOfFile:)' was deprecated in macOS 15: Use `init(contentsOfFile:encoding:)` instead
        #expect(try String(contentsOfFile: migratedPath) == "# proposal")
                    ^

SwiftCompile normal arm64 /Users/user/Documents/Chainworks\ Forge/Chainworks\ ForgeTests/RunArtifactHierarchyBuilderTests.swift (in target 'Chainworks ForgeTests' from project 'Chainworks Forge')
    cd /Users/user/Documents/Chainworks\ Forge
    
@__swiftmacro_21Chainworks_ForgeTests0029ResumeManagerTestsswift_tAFJhfMX865_8_6expectfMf6_.swift:1:26: warning: 'init(contentsOfFile:)' was deprecated in macOS 15: Use `init(contentsOfFile:encoding:)` instead
Testing.__checkValue(try String(contentsOfFile: migratedPath) == "# proposal",expression: .__fromSyntaxNode(##"try String(contentsOfFile: migratedPath) == "# proposal""##),comments: [],isRequired: false,sourceLocation: Testing.SourceLocation.__here()).__expected()
                         ^
/Users/user/Documents/Chainworks Forge/Chainworks ForgeTests/ResumeManagerTests.swift:866:9: note: in expansion of macro 'expect' here
        #expect(try String(contentsOfFile: migratedPath) == "# proposal")
        ^~~~~~~~~~~~~~~~~~~~~~~~~~~~~~~~~~~~~~~~~~~~~~~~~~~~~~~~~~~~~~~~~
/Users/user/Documents/Chainworks Forge/Chainworks ForgeTests/ResumeManagerTests.swift:866:9: note: in expansion of macro 'expect' here
        #expect(try String(contentsOfFile: migratedPath) == "# proposal")
        ^~~~~~~~~~~~~~~~~~~~~~~~~~~~~~~~~~~~~~~~~~~~~~~~~~~~~~~~~~~~~~~~~
/Users/user/Documents/Chainworks Forge/Chainworks ForgeTests/ResumeManagerTests.swift:866:21: warning: 'init(contentsOfFile:)' was deprecated in macOS 15: Use `init(contentsOfFile:encoding:)` instead
        #expect(try String(contentsOfFile: migratedPath) == "# proposal")
                    ^

SwiftCompile normal arm64 /Users/user/Documents/Chainworks\ Forge/Chainworks\ ForgeTests/RunPlanCompilerTests.swift (in target 'Chainworks ForgeTests' from project 'Chainworks Forge')
    cd /Users/user/Documents/Chainworks\ Forge
    
@__swiftmacro_21Chainworks_ForgeTests0029ResumeManagerTestsswift_tAFJhfMX865_8_6expectfMf6_.swift:1:26: warning: 'init(contentsOfFile:)' was deprecated in macOS 15: Use `init(contentsOfFile:encoding:)` instead
Testing.__checkValue(try String(contentsOfFile: migratedPath) == "# proposal",expression: .__fromSyntaxNode(##"try String(contentsOfFile: migratedPath) == "# proposal""##),comments: [],isRequired: false,sourceLocation: Testing.SourceLocation.__here()).__expected()
                         ^
/Users/user/Documents/Chainworks Forge/Chainworks ForgeTests/ResumeManagerTests.swift:866:9: note: in expansion of macro 'expect' here
        #expect(try String(contentsOfFile: migratedPath) == "# proposal")
        ^~~~~~~~~~~~~~~~~~~~~~~~~~~~~~~~~~~~~~~~~~~~~~~~~~~~~~~~~~~~~~~~~
/Users/user/Documents/Chainworks Forge/Chainworks ForgeTests/ResumeManagerTests.swift:866:9: note: in expansion of macro 'expect' here
        #expect(try String(contentsOfFile: migratedPath) == "# proposal")
        ^~~~~~~~~~~~~~~~~~~~~~~~~~~~~~~~~~~~~~~~~~~~~~~~~~~~~~~~~~~~~~~~~
/Users/user/Documents/Chainworks Forge/Chainworks ForgeTests/ResumeManagerTests.swift:866:21: warning: 'init(contentsOfFile:)' was deprecated in macOS 15: Use `init(contentsOfFile:encoding:)` instead
        #expect(try String(contentsOfFile: migratedPath) == "# proposal")
                    ^

SwiftEmitModule normal arm64 Emitting\ module\ for\ Chainworks_ForgeTests (in target 'Chainworks ForgeTests' from project 'Chainworks Forge')

EmitSwiftModule normal arm64 (in target 'Chainworks ForgeTests' from project 'Chainworks Forge')
    cd /Users/user/Documents/Chainworks\ Forge
    
/Users/user/Documents/Chainworks Forge/Chainworks ForgeTests/FullMVPDeliveryTests.swift:502:1: warning: extension declares a conformance of imported type 'ReleaseMode' to imported protocol 'CaseIterable'; this will not behave correctly if the owners of 'Chainworks_Forge' introduce this conformance in the future
extension ReleaseMode: CaseIterable {
^
/Users/user/Documents/Chainworks Forge/Chainworks ForgeTests/FullMVPDeliveryTests.swift:502:1: note: add '@retroactive' to silence this warning
extension ReleaseMode: CaseIterable {
^                      ~~~~~~~~~~~~
                       @retroactive CaseIterable
/Users/user/Documents/Chainworks Forge/Chainworks ForgeTests/SharedMocks.swift:21:9: warning: main actor-isolated initializer 'init(sessionId:status:policyAcknowledgement:actualEnabledExtensions:startupLatencyMilliseconds:)' cannot be called from outside of the actor; this is an error in the Swift 6 language mode
        RuntimeSessionResponse(
        ^~~~~~~~~~~~~~~~~~~~~~~
        await 

SwiftCompile normal arm64 Compiling\ DiagnosticsBundleTests.swift,\ EndToEndTests.swift,\ FullMVPDeliveryTests.swift,\ IdeaArchivePolicyTests.swift,\ IdeaLifecycleTruthTests.swift,\ LiveACPConnectionProofTests.swift /Users/user/Documents/Chainworks\ Forge/Chainworks\ ForgeTests/DiagnosticsBundleTests.swift /Users/user/Documents/Chainworks\ Forge/Chainworks\ ForgeTests/EndToEndTests.swift /Users/user/Documents/Chainworks\ Forge/Chainworks\ ForgeTests/FullMVPDeliveryTests.swift /Users/user/Documents/Chainworks\ Forge/Chainworks\ ForgeTests/IdeaArchivePolicyTests.swift /Users/user/Documents/Chainworks\ Forge/Chainworks\ ForgeTests/IdeaLifecycleTruthTests.swift /Users/user/Documents/Chainworks\ Forge/Chainworks\ ForgeTests/LiveACPConnectionProofTests.swift (in target 'Chainworks ForgeTests' from project 'Chainworks Forge')

SwiftCompile normal arm64 /Users/user/Documents/Chainworks\ Forge/Chainworks\ ForgeTests/DiagnosticsBundleTests.swift (in target 'Chainworks ForgeTests' from project 'Chainworks Forge')
    cd /Users/user/Documents/Chainworks\ Forge
    
/Users/user/Documents/Chainworks Forge/Chainworks ForgeTests/DiagnosticsBundleTests.swift:254:24: warning: 'init(contentsOf:)' was deprecated in macOS 15: Use `init(contentsOf:encoding:)` instead
        let info = try String(
                       ^

SwiftCompile normal arm64 /Users/user/Documents/Chainworks\ Forge/Chainworks\ ForgeTests/EndToEndTests.swift (in target 'Chainworks ForgeTests' from project 'Chainworks Forge')
    cd /Users/user/Documents/Chainworks\ Forge
    
/Users/user/Documents/Chainworks Forge/Chainworks ForgeTests/EndToEndTests.swift:96:13: warning: variable 'completionCalled' was written to, but never read
        var completionCalled = false
            ^
/Users/user/Documents/Chainworks Forge/Chainworks ForgeTests/EndToEndTests.swift:97:13: warning: variable 'completionSuccess' was written to, but never read
        var completionSuccess = false
            ^

SwiftCompile normal arm64 /Users/user/Documents/Chainworks\ Forge/Chainworks\ ForgeTests/FullMVPDeliveryTests.swift (in target 'Chainworks ForgeTests' from project 'Chainworks Forge')
    cd /Users/user/Documents/Chainworks\ Forge
    
/Users/user/Documents/Chainworks Forge/Chainworks ForgeTests/FullMVPDeliveryTests.swift:502:1: warning: extension declares a conformance of imported type 'ReleaseMode' to imported protocol 'CaseIterable'; this will not behave correctly if the owners of 'Chainworks_Forge' introduce this conformance in the future
extension ReleaseMode: CaseIterable {
^
/Users/user/Documents/Chainworks Forge/Chainworks ForgeTests/FullMVPDeliveryTests.swift:502:1: note: add '@retroactive' to silence this warning
extension ReleaseMode: CaseIterable {
^                      ~~~~~~~~~~~~
                       @retroactive CaseIterable
/Users/user/Documents/Chainworks Forge/Chainworks ForgeTests/FullMVPDeliveryTests.swift:371:49: warning: main actor-isolated conformance of 'GitReleaseService.ReleaseManifest' to 'Encodable' cannot be used in nonisolated context; this is an error in the Swift 6 language mode
        let encodedManifest = try JSONEncoder().encode(manifest)
                                                ^
/Users/user/Documents/Chainworks Forge/Chainworks ForgeTests/FullMVPDeliveryTests.swift:372:49: warning: main actor-isolated conformance of 'GitReleaseService.ReleaseManifest' to 'Decodable' cannot be used in nonisolated context; this is an error in the Swift 6 language mode
        let decodedManifest = try JSONDecoder().decode(GitReleaseService.ReleaseManifest.self, from: encodedManifest)
                                                ^
/Users/user/Documents/Chainworks Forge/Chainworks ForgeTests/FullMVPDeliveryTests.swift:375:48: warning: main actor-isolated conformance of 'GitReleaseService.GitPushReceipt' to 'Encodable' cannot be used in nonisolated context; this is an error in the Swift 6 language mode
        let encodedReceipt = try JSONEncoder().encode(receipt)
                                               ^
/Users/user/Documents/Chainworks Forge/Chainworks ForgeTests/FullMVPDeliveryTests.swift:376:48: warning: main actor-isolated conformance of 'GitReleaseService.GitPushReceipt' to 'Decodable' cannot be used in nonisolated context; this is an error in the Swift 6 language mode
        let decodedReceipt = try JSONDecoder().decode(GitReleaseService.GitPushReceipt.self, from: encodedReceipt)
                                               ^
/Users/user/Documents/Chainworks Forge/Chainworks ForgeTests/FullMVPDeliveryTests.swift:411:47: warning: main actor-isolated conformance of 'ConnectPublishService.ReleaseBundleManifest' to 'Encodable' cannot be used in nonisolated context; this is an error in the Swift 6 language mode
        let encodedBundle = try JSONEncoder().encode(bundle)
                                              ^
/Users/user/Documents/Chainworks Forge/Chainworks ForgeTests/FullMVPDeliveryTests.swift:412:47: warning: main actor-isolated conformance of 'ConnectPublishService.ReleaseBundleManifest' to 'Decodable' cannot be used in nonisolated context; this is an error in the Swift 6 language mode
        let decodedBundle = try JSONDecoder().decode(ConnectPublishService.ReleaseBundleManifest.self, from: encodedBundle)
                                              ^
/Users/user/Documents/Chainworks Forge/Chainworks ForgeTests/FullMVPDeliveryTests.swift:415:48: warning: main actor-isolated conformance of 'ConnectPublishService.ConnectUploadReceipt' to 'Encodable' cannot be used in nonisolated context; this is an error in the Swift 6 language mode
        let encodedReceipt = try JSONEncoder().encode(receipt)
                                               ^
/Users/user/Documents/Chainworks Forge/Chainworks ForgeTests/FullMVPDeliveryTests.swift:416:48: warning: main actor-isolated conformance of 'ConnectPublishService.ConnectUploadReceipt' to 'Decodable' cannot be used in nonisolated context; this is an error in the Swift 6 language mode
        let decodedReceipt = try JSONDecoder().decode(ConnectPublishService.ConnectUploadReceipt.self, from: encodedReceipt)
                                               ^

SwiftCompile normal arm64 /Users/user/Documents/Chainworks\ Forge/Chainworks\ ForgeTests/IdeaArchivePolicyTests.swift (in target 'Chainworks ForgeTests' from project 'Chainworks Forge')
    cd /Users/user/Documents/Chainworks\ Forge
    

SwiftCompile normal arm64 /Users/user/Documents/Chainworks\ Forge/Chainworks\ ForgeTests/IdeaLifecycleTruthTests.swift (in target 'Chainworks ForgeTests' from project 'Chainworks Forge')
    cd /Users/user/Documents/Chainworks\ Forge
    

SwiftCompile normal arm64 /Users/user/Documents/Chainworks\ Forge/Chainworks\ ForgeTests/LiveACPConnectionProofTests.swift (in target 'Chainworks ForgeTests' from project 'Chainworks Forge')
    cd /Users/user/Documents/Chainworks\ Forge
    

SwiftCompile normal arm64 Compiling\ BenchmarkExportStampingTests.swift,\ Chainworks_ForgeAppTests.swift,\ Chainworks_ForgeTests.swift,\ CrashBudgetResetTests.swift,\ DaemonLifecycleClientTests.swift,\ DeliveryServicesTests.swift /Users/user/Documents/Chainworks\ Forge/Chainworks\ ForgeTests/BenchmarkExportStampingTests.swift /Users/user/Documents/Chainworks\ Forge/Chainworks\ ForgeTests/Chainworks_ForgeAppTests.swift /Users/user/Documents/Chainworks\ Forge/Chainworks\ ForgeTests/Chainworks_ForgeTests.swift /Users/user/Documents/Chainworks\ Forge/Chainworks\ ForgeTests/CrashBudgetResetTests.swift /Users/user/Documents/Chainworks\ Forge/Chainworks\ ForgeTests/DaemonLifecycleClientTests.swift /Users/user/Documents/Chainworks\ Forge/Chainworks\ ForgeTests/DeliveryServicesTests.swift (in target 'Chainworks ForgeTests' from project 'Chainworks Forge')

SwiftCompile normal arm64 /Users/user/Documents/Chainworks\ Forge/Chainworks\ ForgeTests/BenchmarkExportStampingTests.swift (in target 'Chainworks ForgeTests' from project 'Chainworks Forge')
    cd /Users/user/Documents/Chainworks\ Forge
    
/Users/user/Documents/Chainworks Forge/Chainworks ForgeTests/Chainworks_ForgeTests.swift:288:21: warning: conformance of 'Run' to 'Sendable' is unavailable: PersistentModels are not Sendable, consider utilizing a ModelActor or use Run's persistentModelID instead; this is an error in the Swift 6 language mode
        let task1 = Task { @MainActor in
                    ^
Chainworks_Forge.Run:3:11: note: conformance of 'Run' to 'Sendable' has been explicitly marked unavailable here
extension Run : Sendable {
          ^
/Users/user/Documents/Chainworks Forge/Chainworks ForgeTests/Chainworks_ForgeTests.swift:288:21: warning: conformance of 'Run' to 'Sendable' is unavailable: PersistentModels are not Sendable, consider utilizing a ModelActor or use Run's persistentModelID instead; this is an error in the Swift 6 language mode
        let task1 = Task { @MainActor in
                    ^
Chainworks_Forge.Run:3:11: note: conformance of 'Run' to 'Sendable' has been explicitly marked unavailable here
extension Run : Sendable {
          ^
/Users/user/Documents/Chainworks Forge/Chainworks ForgeTests/Chainworks_ForgeTests.swift:288:13: warning: conformance of 'Run' to 'Sendable' is unavailable: PersistentModels are not Sendable, consider utilizing a ModelActor or use Run's persistentModelID instead; this is an error in the Swift 6 language mode
        let task1 = Task { @MainActor in
            ^
Chainworks_Forge.Run:3:11: note: conformance of 'Run' to 'Sendable' has been explicitly marked unavailable here
extension Run : Sendable {
          ^
/Users/user/Documents/Chainworks Forge/Chainworks ForgeTests/Chainworks_ForgeTests.swift:295:21: warning: conformance of 'Run' to 'Sendable' is unavailable: PersistentModels are not Sendable, consider utilizing a ModelActor or use Run's persistentModelID instead; this is an error in the Swift 6 language mode
        let task2 = Task { @MainActor in
                    ^
Chainworks_Forge.Run:3:11: note: conformance of 'Run' to 'Sendable' has been explicitly marked unavailable here
extension Run : Sendable {
          ^
/Users/user/Documents/Chainworks Forge/Chainworks ForgeTests/Chainworks_ForgeTests.swift:295:21: warning: conformance of 'Run' to 'Sendable' is unavailable: PersistentModels are not Sendable, consider utilizing a ModelActor or use Run's persistentModelID instead; this is an error in the Swift 6 language mode
        let task2 = Task { @MainActor in
                    ^
Chainworks_Forge.Run:3:11: note: conformance of 'Run' to 'Sendable' has been explicitly marked unavailable here
extension Run : Sendable {
          ^
/Users/user/Documents/Chainworks Forge/Chainworks ForgeTests/Chainworks_ForgeTests.swift:295:13: warning: conformance of 'Run' to 'Sendable' is unavailable: PersistentModels are not Sendable, consider utilizing a ModelActor or use Run's persistentModelID instead; this is an error in the Swift 6 language mode
        let task2 = Task { @MainActor in
            ^
Chainworks_Forge.Run:3:11: note: conformance of 'Run' to 'Sendable' has been explicitly marked unavailable here
extension Run : Sendable {
          ^
/Users/user/Documents/Chainworks Forge/Chainworks ForgeTests/Chainworks_ForgeTests.swift:305:34: warning: conformance of 'Run' to 'Sendable' is unavailable: PersistentModels are not Sendable, consider utilizing a ModelActor or use Run's persistentModelID instead; this is an error in the Swift 6 language mode
        do { _ = try await task1.value; successCount += 1 } catch { failureCount += 1 }
                                 ^
Chainworks_Forge.Run:3:11: note: conformance of 'Run' to 'Sendable' has been explicitly marked unavailable here
extension Run : Sendable {
          ^
/Users/user/Documents/Chainworks Forge/Chainworks ForgeTests/Chainworks_ForgeTests.swift:306:34: warning: conformance of 'Run' to 'Sendable' is unavailable: PersistentModels are not Sendable, consider utilizing a ModelActor or use Run's persistentModelID instead; this is an error in the Swift 6 language mode
        do { _ = try await task2.value; successCount += 1 } catch { failureCount += 1 }
                                 ^
Chainworks_Forge.Run:3:11: note: conformance of 'Run' to 'Sendable' has been explicitly marked unavailable here
extension Run : Sendable {
          ^
/Users/user/Documents/Chainworks Forge/Chainworks ForgeTests/Chainworks_ForgeTests.swift:305:28: warning: non-Sendable type 'Task<Run, any Error>' cannot exit main actor-isolated context in call to nonisolated property 'value'; this is an error in the Swift 6 language mode
        do { _ = try await task1.value; successCount += 1 } catch { failureCount += 1 }
                           ^
_Concurrency.Task:2:23: note: generic struct 'Task' does not conform to the 'Sendable' protocol
@frozen public struct Task<Success, Failure> : Sendable where Success : Sendable, Failure : Error {
                      ^
/Users/user/Documents/Chainworks Forge/Chainworks ForgeTests/Chainworks_ForgeTests.swift:305:34: warning: non-Sendable type 'Run' of nonisolated property 'value' cannot be sent to main actor-isolated context; this is an error in the Swift 6 language mode
        do { _ = try await task1.value; successCount += 1 } catch { failureCount += 1 }
                                 ^
Chainworks_Forge.Run:1:22: note: class 'Run' does not conform to the 'Sendable' protocol
final internal class Run {
                     ^
/Users/user/Documents/Chainworks Forge/Chainworks ForgeTests/Chainworks_ForgeTests.swift:306:28: warning: non-Sendable type 'Task<Run, any Error>' cannot exit main actor-isolated context in call to nonisolated property 'value'; this is an error in the Swift 6 language mode
        do { _ = try await task2.value; successCount += 1 } catch { failureCount += 1 }
                           ^
_Concurrency.Task:2:23: note: generic struct 'Task' does not conform to the 'Sendable' protocol
@frozen public struct Task<Success, Failure> : Sendable where Success : Sendable, Failure : Error {
                      ^
/Users/user/Documents/Chainworks Forge/Chainworks ForgeTests/Chainworks_ForgeTests.swift:306:34: warning: non-Sendable type 'Run' of nonisolated property 'value' cannot be sent to main actor-isolated context; this is an error in the Swift 6 language mode
        do { _ = try await task2.value; successCount += 1 } catch { failureCount += 1 }
                                 ^
Chainworks_Forge.Run:1:22: note: class 'Run' does not conform to the 'Sendable' protocol
final internal class Run {
                     ^
/Users/user/Documents/Chainworks Forge/Chainworks ForgeTests/Chainworks_ForgeTests.swift:1591:47: warning: main actor-isolated conformance of 'ExecutionConfig' to 'Encodable' cannot be used in nonisolated context; this is an error in the Swift 6 language mode
            let result = try DefinitionHasher.hash(config)
                                              ^
/Users/user/Documents/Chainworks Forge/Chainworks ForgeTests/Chainworks_ForgeTests.swift:1600:39: warning: main actor-isolated conformance of 'ExecutionConfig' to 'Encodable' cannot be used in nonisolated context; this is an error in the Swift 6 language mode
        let h1 = try DefinitionHasher.hash(c1).sha256
                                      ^
/Users/user/Documents/Chainworks Forge/Chainworks ForgeTests/Chainworks_ForgeTests.swift:1601:39: warning: main actor-isolated conformance of 'ExecutionConfig' to 'Encodable' cannot be used in nonisolated context; this is an error in the Swift 6 language mode
        let h2 = try DefinitionHasher.hash(c2).sha256
                                      ^
/Users/user/Documents/Chainworks Forge/Chainworks ForgeTests/Chainworks_ForgeTests.swift:1607:50: warning: main actor-isolated conformance of 'WorkflowDefinition' to 'Encodable' cannot be used in nonisolated context; this is an error in the Swift 6 language mode
        let (data, hash1) = try DefinitionHasher.hash(workflow)
                                                 ^
/Users/user/Documents/Chainworks Forge/Chainworks ForgeTests/Chainworks_ForgeTests.swift:1610:41: warning: main actor-isolated conformance of 'WorkflowDefinition' to 'Decodable' cannot be used in nonisolated context; this is an error in the Swift 6 language mode
        let decoded = try JSONDecoder().decode(WorkflowDefinition.self, from: data)
                                        ^
/Users/user/Documents/Chainworks Forge/Chainworks ForgeTests/Chainworks_ForgeTests.swift:1611:47: warning: main actor-isolated conformance of 'WorkflowDefinition' to 'Encodable' cannot be used in nonisolated context; this is an error in the Swift 6 language mode
        let (_, hash2) = try DefinitionHasher.hash(decoded)
                                              ^
/Users/user/Documents/Chainworks Forge/Chainworks ForgeTests/Chainworks_ForgeTests.swift:1617:50: warning: main actor-isolated conformance of 'AgentCatalog' to 'Encodable' cannot be used in nonisolated context; this is an error in the Swift 6 language mode
        let (data, hash1) = try DefinitionHasher.hash(catalog)
                                                 ^
/Users/user/Documents/Chainworks Forge/Chainworks ForgeTests/Chainworks_ForgeTests.swift:1620:41: warning: main actor-isolated conformance of 'AgentCatalog' to 'Decodable' cannot be used in nonisolated context; this is an error in the Swift 6 language mode
        let decoded = try JSONDecoder().decode(AgentCatalog.self, from: data)
                                        ^
/Users/user/Documents/Chainworks Forge/Chainworks ForgeTests/Chainworks_ForgeTests.swift:1621:47: warning: main actor-isolated conformance of 'AgentCatalog' to 'Encodable' cannot be used in nonisolated context; this is an error in the Swift 6 language mode
        let (_, hash2) = try DefinitionHasher.hash(decoded)
                                              ^
/Users/user/Documents/Chainworks Forge/Chainworks ForgeTests/Chainworks_ForgeTests.swift:1630:47: warning: main actor-isolated conformance of 'AgentCatalog' to 'Encodable' cannot be used in nonisolated context; this is an error in the Swift 6 language mode
            let result = try DefinitionHasher.hash(catalog)
                                              ^
/Users/user/Documents/Chainworks Forge/Chainworks ForgeTests/Chainworks_ForgeTests.swift:1639:50: warning: main actor-isolated conformance of 'WorkflowDefinition' to 'Encodable' cannot be used in nonisolated context; this is an error in the Swift 6 language mode
        let (data, hash1) = try DefinitionHasher.hash(workflow)
                                                 ^
/Users/user/Documents/Chainworks Forge/Chainworks ForgeTests/Chainworks_ForgeTests.swift:1648:41: warning: main actor-isolated conformance of 'WorkflowDefinition' to 'Decodable' cannot be used in nonisolated context; this is an error in the Swift 6 language mode
        let decoded = try JSONDecoder().decode(WorkflowDefinition.self, from: reloadedData)
                                        ^
/Users/user/Documents/Chainworks Forge/Chainworks ForgeTests/Chainworks_ForgeTests.swift:1651:47: warning: main actor-isolated conformance of 'WorkflowDefinition' to 'Encodable' cannot be used in nonisolated context; this is an error in the Swift 6 language mode
        let (_, hash2) = try DefinitionHasher.hash(decoded)
                                              ^
@__swiftmacro_21Chainworks_ForgeTests0032DeliveryServicesTestsswift_jIADjfMX166_8_6expectfMf_.swift:1:57: warning: main actor-isolated property 'passed' can not be referenced from a nonisolated context
Testing.__checkPropertyAccess(result.self,getting: { $0.passed },expression: .__fromNegation(.__fromPropertyAccess(.__fromSyntaxNode("result"),.__fromSyntaxNode("passed")), false),comments: [],isRequired: false,sourceLocation: Testing.SourceLocation.__here()).__expected()
                                                        ^
/Users/user/Documents/Chainworks Forge/Chainworks ForgeTests/DeliveryServicesTests.swift:167:9: note: in expansion of macro 'expect' here
        #expect(!result.passed)
        ^~~~~~~~~~~~~~~~~~~~~~~
/Users/user/Documents/Chainworks Forge/Chainworks ForgeTests/DeliveryServicesTests.swift:167:9: note: in expansion of macro 'expect' here
        #expect(!result.passed)
        ^~~~~~~~~~~~~~~~~~~~~~~
Chainworks_Forge.DeliveryPreflightService.PreflightResult.passed:3:25: note: property declared here
@MainActor internal let passed: Bool  }
                        ^
@__swiftmacro_21Chainworks_ForgeTests0032DeliveryServicesTestsswift_jIADjfMX167_8_6expectfMf0_.swift:1:56: warning: main actor-isolated property 'id' can not be referenced from a nonisolated context
Testing.__checkValue(result.failedChecks.contains { $0.id == "repo_root" },expression: .__fromSyntaxNode(#"result.failedChecks.contains { $0.id == "repo_root" }"#),comments: [],isRequired: false,sourceLocation: Testing.SourceLocation.__here()).__expected()
                                                       ^
/Users/user/Documents/Chainworks Forge/Chainworks ForgeTests/DeliveryServicesTests.swift:168:9: note: in expansion of macro 'expect' here
        #expect(result.failedChecks.contains { $0.id == "repo_root" })
        ^~~~~~~~~~~~~~~~~~~~~~~~~~~~~~~~~~~~~~~~~~~~~~~~~~~~~~~~~~~~~~
/Users/user/Documents/Chainworks Forge/Chainworks ForgeTests/DeliveryServicesTests.swift:168:9: note: in expansion of macro 'expect' here
        #expect(result.failedChecks.contains { $0.id == "repo_root" })
        ^~~~~~~~~~~~~~~~~~~~~~~~~~~~~~~~~~~~~~~~~~~~~~~~~~~~~~~~~~~~~~
Chainworks_Forge.DeliveryPreflightService.PreflightCheck.id:3:25: note: property declared here
@MainActor internal let id: String  }
                        ^
@__swiftmacro_21Chainworks_ForgeTests0032DeliveryServicesTestsswift_jIADjfMX167_8_6expectfMf0_.swift:1:29: warning: main actor-isolated property 'failedChecks' cannot be accessed from outside of the actor; this is an error in the Swift 6 language mode
Testing.__checkValue(result.failedChecks.contains { $0.id == "repo_root" },expression: .__fromSyntaxNode(#"result.failedChecks.contains { $0.id == "repo_root" }"#),comments: [],isRequired: false,sourceLocation: Testing.SourceLocation.__here()).__expected()
                            ^
/Users/user/Documents/Chainworks Forge/Chainworks ForgeTests/DeliveryServicesTests.swift:168:9: note: in expansion of macro 'expect' here
        #expect(result.failedChecks.contains { $0.id == "repo_root" })
        ^~~~~~~~~~~~~~~~~~~~~~~~~~~~~~~~~~~~~~~~~~~~~~~~~~~~~~~~~~~~~~
/Users/user/Documents/Chainworks Forge/Chainworks ForgeTests/DeliveryServicesTests.swift:168:9: note: in expansion of macro 'expect' here
        #expect(result.failedChecks.contains { $0.id == "repo_root" })
        ^~~~~~~~~~~~~~~~~~~~~~~~~~~~~~~~~~~~~~~~~~~~~~~~~~~~~~~~~~~~~~
@__swiftmacro_21Chainworks_ForgeTests0032DeliveryServicesTestsswift_jIADjfMX187_8_6expectfMf_.swift:1:56: warning: main actor-isolated property 'id' can not be referenced from a nonisolated context
Testing.__checkValue(result.failedChecks.contains { $0.id == "release_target" },expression: .__fromSyntaxNode(#"result.failedChecks.contains { $0.id == "release_target" }"#),comments: [],isRequired: false,sourceLocation: Testing.SourceLocation.__here()).__expected()
                                                       ^
/Users/user/Documents/Chainworks Forge/Chainworks ForgeTests/DeliveryServicesTests.swift:188:9: note: in expansion of macro 'expect' here
        #expect(result.failedChecks.contains { $0.id == "release_target" })
        ^~~~~~~~~~~~~~~~~~~~~~~~~~~~~~~~~~~~~~~~~~~~~~~~~~~~~~~~~~~~~~~~~~~
/Users/user/Documents/Chainworks Forge/Chainworks ForgeTests/DeliveryServicesTests.swift:188:9: note: in expansion of macro 'expect' here
        #expect(result.failedChecks.contains { $0.id == "release_target" })
        ^~~~~~~~~~~~~~~~~~~~~~~~~~~~~~~~~~~~~~~~~~~~~~~~~~~~~~~~~~~~~~~~~~~
Chainworks_Forge.DeliveryPreflightService.PreflightCheck.id:3:25: note: property declared here
@MainActor internal let id: String  }
                        ^
@__swiftmacro_21Chainworks_ForgeTests0032DeliveryServicesTestsswift_jIADjfMX187_8_6expectfMf_.swift:1:29: warning: main actor-isolated property 'failedChecks' cannot be accessed from outside of the actor; this is an error in the Swift 6 language mode
Testing.__checkValue(result.failedChecks.contains { $0.id == "release_target" },expression: .__fromSyntaxNode(#"result.failedChecks.contains { $0.id == "release_target" }"#),comments: [],isRequired: false,sourceLocation: Testing.SourceLocation.__here()).__expected()
                            ^
/Users/user/Documents/Chainworks Forge/Chainworks ForgeTests/DeliveryServicesTests.swift:188:9: note: in expansion of macro 'expect' here
        #expect(result.failedChecks.contains { $0.id == "release_target" })
        ^~~~~~~~~~~~~~~~~~~~~~~~~~~~~~~~~~~~~~~~~~~~~~~~~~~~~~~~~~~~~~~~~~~
/Users/user/Documents/Chainworks Forge/Chainworks ForgeTests/DeliveryServicesTests.swift:188:9: note: in expansion of macro 'expect' here
        #expect(result.failedChecks.contains { $0.id == "release_target" })
        ^~~~~~~~~~~~~~~~~~~~~~~~~~~~~~~~~~~~~~~~~~~~~~~~~~~~~~~~~~~~~~~~~~~

SwiftCompile normal arm64 /Users/user/Documents/Chainworks\ Forge/Chainworks\ ForgeTests/Chainworks_ForgeAppTests.swift (in target 'Chainworks ForgeTests' from project 'Chainworks Forge')
    cd /Users/user/Documents/Chainworks\ Forge
    
/Users/user/Documents/Chainworks Forge/Chainworks ForgeTests/Chainworks_ForgeTests.swift:288:21: warning: conformance of 'Run' to 'Sendable' is unavailable: PersistentModels are not Sendable, consider utilizing a ModelActor or use Run's persistentModelID instead; this is an error in the Swift 6 language mode
        let task1 = Task { @MainActor in
                    ^
Chainworks_Forge.Run:3:11: note: conformance of 'Run' to 'Sendable' has been explicitly marked unavailable here
extension Run : Sendable {
          ^
/Users/user/Documents/Chainworks Forge/Chainworks ForgeTests/Chainworks_ForgeTests.swift:288:21: warning: conformance of 'Run' to 'Sendable' is unavailable: PersistentModels are not Sendable, consider utilizing a ModelActor or use Run's persistentModelID instead; this is an error in the Swift 6 language mode
        let task1 = Task { @MainActor in
                    ^
Chainworks_Forge.Run:3:11: note: conformance of 'Run' to 'Sendable' has been explicitly marked unavailable here
extension Run : Sendable {
          ^
/Users/user/Documents/Chainworks Forge/Chainworks ForgeTests/Chainworks_ForgeTests.swift:288:13: warning: conformance of 'Run' to 'Sendable' is unavailable: PersistentModels are not Sendable, consider utilizing a ModelActor or use Run's persistentModelID instead; this is an error in the Swift 6 language mode
        let task1 = Task { @MainActor in
            ^
Chainworks_Forge.Run:3:11: note: conformance of 'Run' to 'Sendable' has been explicitly marked unavailable here
extension Run : Sendable {
          ^
/Users/user/Documents/Chainworks Forge/Chainworks ForgeTests/Chainworks_ForgeTests.swift:295:21: warning: conformance of 'Run' to 'Sendable' is unavailable: PersistentModels are not Sendable, consider utilizing a ModelActor or use Run's persistentModelID instead; this is an error in the Swift 6 language mode
        let task2 = Task { @MainActor in
                    ^
Chainworks_Forge.Run:3:11: note: conformance of 'Run' to 'Sendable' has been explicitly marked unavailable here
extension Run : Sendable {
          ^
/Users/user/Documents/Chainworks Forge/Chainworks ForgeTests/Chainworks_ForgeTests.swift:295:21: warning: conformance of 'Run' to 'Sendable' is unavailable: PersistentModels are not Sendable, consider utilizing a ModelActor or use Run's persistentModelID instead; this is an error in the Swift 6 language mode
        let task2 = Task { @MainActor in
                    ^
Chainworks_Forge.Run:3:11: note: conformance of 'Run' to 'Sendable' has been explicitly marked unavailable here
extension Run : Sendable {
          ^
/Users/user/Documents/Chainworks Forge/Chainworks ForgeTests/Chainworks_ForgeTests.swift:295:13: warning: conformance of 'Run' to 'Sendable' is unavailable: PersistentModels are not Sendable, consider utilizing a ModelActor or use Run's persistentModelID instead; this is an error in the Swift 6 language mode
        let task2 = Task { @MainActor in
            ^
Chainworks_Forge.Run:3:11: note: conformance of 'Run' to 'Sendable' has been explicitly marked unavailable here
extension Run : Sendable {
          ^
/Users/user/Documents/Chainworks Forge/Chainworks ForgeTests/Chainworks_ForgeTests.swift:305:34: warning: conformance of 'Run' to 'Sendable' is unavailable: PersistentModels are not Sendable, consider utilizing a ModelActor or use Run's persistentModelID instead; this is an error in the Swift 6 language mode
        do { _ = try await task1.value; successCount += 1 } catch { failureCount += 1 }
                                 ^
Chainworks_Forge.Run:3:11: note: conformance of 'Run' to 'Sendable' has been explicitly marked unavailable here
extension Run : Sendable {
          ^
/Users/user/Documents/Chainworks Forge/Chainworks ForgeTests/Chainworks_ForgeTests.swift:306:34: warning: conformance of 'Run' to 'Sendable' is unavailable: PersistentModels are not Sendable, consider utilizing a ModelActor or use Run's persistentModelID instead; this is an error in the Swift 6 language mode
        do { _ = try await task2.value; successCount += 1 } catch { failureCount += 1 }
                                 ^
Chainworks_Forge.Run:3:11: note: conformance of 'Run' to 'Sendable' has been explicitly marked unavailable here
extension Run : Sendable {
          ^
/Users/user/Documents/Chainworks Forge/Chainworks ForgeTests/Chainworks_ForgeTests.swift:305:28: warning: non-Sendable type 'Task<Run, any Error>' cannot exit main actor-isolated context in call to nonisolated property 'value'; this is an error in the Swift 6 language mode
        do { _ = try await task1.value; successCount += 1 } catch { failureCount += 1 }
                           ^
_Concurrency.Task:2:23: note: generic struct 'Task' does not conform to the 'Sendable' protocol
@frozen public struct Task<Success, Failure> : Sendable where Success : Sendable, Failure : Error {
                      ^
/Users/user/Documents/Chainworks Forge/Chainworks ForgeTests/Chainworks_ForgeTests.swift:305:34: warning: non-Sendable type 'Run' of nonisolated property 'value' cannot be sent to main actor-isolated context; this is an error in the Swift 6 language mode
        do { _ = try await task1.value; successCount += 1 } catch { failureCount += 1 }
                                 ^
Chainworks_Forge.Run:1:22: note: class 'Run' does not conform to the 'Sendable' protocol
final internal class Run {
                     ^
/Users/user/Documents/Chainworks Forge/Chainworks ForgeTests/Chainworks_ForgeTests.swift:306:28: warning: non-Sendable type 'Task<Run, any Error>' cannot exit main actor-isolated context in call to nonisolated property 'value'; this is an error in the Swift 6 language mode
        do { _ = try await task2.value; successCount += 1 } catch { failureCount += 1 }
                           ^
_Concurrency.Task:2:23: note: generic struct 'Task' does not conform to the 'Sendable' protocol
@frozen public struct Task<Success, Failure> : Sendable where Success : Sendable, Failure : Error {
                      ^
/Users/user/Documents/Chainworks Forge/Chainworks ForgeTests/Chainworks_ForgeTests.swift:306:34: warning: non-Sendable type 'Run' of nonisolated property 'value' cannot be sent to main actor-isolated context; this is an error in the Swift 6 language mode
        do { _ = try await task2.value; successCount += 1 } catch { failureCount += 1 }
                                 ^
Chainworks_Forge.Run:1:22: note: class 'Run' does not conform to the 'Sendable' protocol
final internal class Run {
                     ^
/Users/user/Documents/Chainworks Forge/Chainworks ForgeTests/Chainworks_ForgeTests.swift:1591:47: warning: main actor-isolated conformance of 'ExecutionConfig' to 'Encodable' cannot be used in nonisolated context; this is an error in the Swift 6 language mode
            let result = try DefinitionHasher.hash(config)
                                              ^
/Users/user/Documents/Chainworks Forge/Chainworks ForgeTests/Chainworks_ForgeTests.swift:1600:39: warning: main actor-isolated conformance of 'ExecutionConfig' to 'Encodable' cannot be used in nonisolated context; this is an error in the Swift 6 language mode
        let h1 = try DefinitionHasher.hash(c1).sha256
                                      ^
/Users/user/Documents/Chainworks Forge/Chainworks ForgeTests/Chainworks_ForgeTests.swift:1601:39: warning: main actor-isolated conformance of 'ExecutionConfig' to 'Encodable' cannot be used in nonisolated context; this is an error in the Swift 6 language mode
        let h2 = try DefinitionHasher.hash(c2).sha256
                                      ^
/Users/user/Documents/Chainworks Forge/Chainworks ForgeTests/Chainworks_ForgeTests.swift:1607:50: warning: main actor-isolated conformance of 'WorkflowDefinition' to 'Encodable' cannot be used in nonisolated context; this is an error in the Swift 6 language mode
        let (data, hash1) = try DefinitionHasher.hash(workflow)
                                                 ^
/Users/user/Documents/Chainworks Forge/Chainworks ForgeTests/Chainworks_ForgeTests.swift:1610:41: warning: main actor-isolated conformance of 'WorkflowDefinition' to 'Decodable' cannot be used in nonisolated context; this is an error in the Swift 6 language mode
        let decoded = try JSONDecoder().decode(WorkflowDefinition.self, from: data)
                                        ^
/Users/user/Documents/Chainworks Forge/Chainworks ForgeTests/Chainworks_ForgeTests.swift:1611:47: warning: main actor-isolated conformance of 'WorkflowDefinition' to 'Encodable' cannot be used in nonisolated context; this is an error in the Swift 6 language mode
        let (_, hash2) = try DefinitionHasher.hash(decoded)
                                              ^
/Users/user/Documents/Chainworks Forge/Chainworks ForgeTests/Chainworks_ForgeTests.swift:1617:50: warning: main actor-isolated conformance of 'AgentCatalog' to 'Encodable' cannot be used in nonisolated context; this is an error in the Swift 6 language mode
        let (data, hash1) = try DefinitionHasher.hash(catalog)
                                                 ^
/Users/user/Documents/Chainworks Forge/Chainworks ForgeTests/Chainworks_ForgeTests.swift:1620:41: warning: main actor-isolated conformance of 'AgentCatalog' to 'Decodable' cannot be used in nonisolated context; this is an error in the Swift 6 language mode
        let decoded = try JSONDecoder().decode(AgentCatalog.self, from: data)
                                        ^
/Users/user/Documents/Chainworks Forge/Chainworks ForgeTests/Chainworks_ForgeTests.swift:1621:47: warning: main actor-isolated conformance of 'AgentCatalog' to 'Encodable' cannot be used in nonisolated context; this is an error in the Swift 6 language mode
        let (_, hash2) = try DefinitionHasher.hash(decoded)
                                              ^
/Users/user/Documents/Chainworks Forge/Chainworks ForgeTests/Chainworks_ForgeTests.swift:1630:47: warning: main actor-isolated conformance of 'AgentCatalog' to 'Encodable' cannot be used in nonisolated context; this is an error in the Swift 6 language mode
            let result = try DefinitionHasher.hash(catalog)
                                              ^
/Users/user/Documents/Chainworks Forge/Chainworks ForgeTests/Chainworks_ForgeTests.swift:1639:50: warning: main actor-isolated conformance of 'WorkflowDefinition' to 'Encodable' cannot be used in nonisolated context; this is an error in the Swift 6 language mode
        let (data, hash1) = try DefinitionHasher.hash(workflow)
                                                 ^
/Users/user/Documents/Chainworks Forge/Chainworks ForgeTests/Chainworks_ForgeTests.swift:1648:41: warning: main actor-isolated conformance of 'WorkflowDefinition' to 'Decodable' cannot be used in nonisolated context; this is an error in the Swift 6 language mode
        let decoded = try JSONDecoder().decode(WorkflowDefinition.self, from: reloadedData)
                                        ^
/Users/user/Documents/Chainworks Forge/Chainworks ForgeTests/Chainworks_ForgeTests.swift:1651:47: warning: main actor-isolated conformance of 'WorkflowDefinition' to 'Encodable' cannot be used in nonisolated context; this is an error in the Swift 6 language mode
        let (_, hash2) = try DefinitionHasher.hash(decoded)
                                              ^
@__swiftmacro_21Chainworks_ForgeTests0032DeliveryServicesTestsswift_jIADjfMX166_8_6expectfMf_.swift:1:57: warning: main actor-isolated property 'passed' can not be referenced from a nonisolated context
Testing.__checkPropertyAccess(result.self,getting: { $0.passed },expression: .__fromNegation(.__fromPropertyAccess(.__fromSyntaxNode("result"),.__fromSyntaxNode("passed")), false),comments: [],isRequired: false,sourceLocation: Testing.SourceLocation.__here()).__expected()
                                                        ^
/Users/user/Documents/Chainworks Forge/Chainworks ForgeTests/DeliveryServicesTests.swift:167:9: note: in expansion of macro 'expect' here
        #expect(!result.passed)
        ^~~~~~~~~~~~~~~~~~~~~~~
/Users/user/Documents/Chainworks Forge/Chainworks ForgeTests/DeliveryServicesTests.swift:167:9: note: in expansion of macro 'expect' here
        #expect(!result.passed)
        ^~~~~~~~~~~~~~~~~~~~~~~
Chainworks_Forge.DeliveryPreflightService.PreflightResult.passed:3:25: note: property declared here
@MainActor internal let passed: Bool  }
                        ^
@__swiftmacro_21Chainworks_ForgeTests0032DeliveryServicesTestsswift_jIADjfMX167_8_6expectfMf0_.swift:1:56: warning: main actor-isolated property 'id' can not be referenced from a nonisolated context
Testing.__checkValue(result.failedChecks.contains { $0.id == "repo_root" },expression: .__fromSyntaxNode(#"result.failedChecks.contains { $0.id == "repo_root" }"#),comments: [],isRequired: false,sourceLocation: Testing.SourceLocation.__here()).__expected()
                                                       ^
/Users/user/Documents/Chainworks Forge/Chainworks ForgeTests/DeliveryServicesTests.swift:168:9: note: in expansion of macro 'expect' here
        #expect(result.failedChecks.contains { $0.id == "repo_root" })
        ^~~~~~~~~~~~~~~~~~~~~~~~~~~~~~~~~~~~~~~~~~~~~~~~~~~~~~~~~~~~~~
/Users/user/Documents/Chainworks Forge/Chainworks ForgeTests/DeliveryServicesTests.swift:168:9: note: in expansion of macro 'expect' here
        #expect(result.failedChecks.contains { $0.id == "repo_root" })
        ^~~~~~~~~~~~~~~~~~~~~~~~~~~~~~~~~~~~~~~~~~~~~~~~~~~~~~~~~~~~~~
Chainworks_Forge.DeliveryPreflightService.PreflightCheck.id:3:25: note: property declared here
@MainActor internal let id: String  }
                        ^
@__swiftmacro_21Chainworks_ForgeTests0032DeliveryServicesTestsswift_jIADjfMX167_8_6expectfMf0_.swift:1:29: warning: main actor-isolated property 'failedChecks' cannot be accessed from outside of the actor; this is an error in the Swift 6 language mode
Testing.__checkValue(result.failedChecks.contains { $0.id == "repo_root" },expression: .__fromSyntaxNode(#"result.failedChecks.contains { $0.id == "repo_root" }"#),comments: [],isRequired: false,sourceLocation: Testing.SourceLocation.__here()).__expected()
                            ^
/Users/user/Documents/Chainworks Forge/Chainworks ForgeTests/DeliveryServicesTests.swift:168:9: note: in expansion of macro 'expect' here
        #expect(result.failedChecks.contains { $0.id == "repo_root" })
        ^~~~~~~~~~~~~~~~~~~~~~~~~~~~~~~~~~~~~~~~~~~~~~~~~~~~~~~~~~~~~~
/Users/user/Documents/Chainworks Forge/Chainworks ForgeTests/DeliveryServicesTests.swift:168:9: note: in expansion of macro 'expect' here
        #expect(result.failedChecks.contains { $0.id == "repo_root" })
        ^~~~~~~~~~~~~~~~~~~~~~~~~~~~~~~~~~~~~~~~~~~~~~~~~~~~~~~~~~~~~~
@__swiftmacro_21Chainworks_ForgeTests0032DeliveryServicesTestsswift_jIADjfMX187_8_6expectfMf_.swift:1:56: warning: main actor-isolated property 'id' can not be referenced from a nonisolated context
Testing.__checkValue(result.failedChecks.contains { $0.id == "release_target" },expression: .__fromSyntaxNode(#"result.failedChecks.contains { $0.id == "release_target" }"#),comments: [],isRequired: false,sourceLocation: Testing.SourceLocation.__here()).__expected()
                                                       ^
/Users/user/Documents/Chainworks Forge/Chainworks ForgeTests/DeliveryServicesTests.swift:188:9: note: in expansion of macro 'expect' here
        #expect(result.failedChecks.contains { $0.id == "release_target" })
        ^~~~~~~~~~~~~~~~~~~~~~~~~~~~~~~~~~~~~~~~~~~~~~~~~~~~~~~~~~~~~~~~~~~
/Users/user/Documents/Chainworks Forge/Chainworks ForgeTests/DeliveryServicesTests.swift:188:9: note: in expansion of macro 'expect' here
        #expect(result.failedChecks.contains { $0.id == "release_target" })
        ^~~~~~~~~~~~~~~~~~~~~~~~~~~~~~~~~~~~~~~~~~~~~~~~~~~~~~~~~~~~~~~~~~~
Chainworks_Forge.DeliveryPreflightService.PreflightCheck.id:3:25: note: property declared here
@MainActor internal let id: String  }
                        ^
@__swiftmacro_21Chainworks_ForgeTests0032DeliveryServicesTestsswift_jIADjfMX187_8_6expectfMf_.swift:1:29: warning: main actor-isolated property 'failedChecks' cannot be accessed from outside of the actor; this is an error in the Swift 6 language mode
Testing.__checkValue(result.failedChecks.contains { $0.id == "release_target" },expression: .__fromSyntaxNode(#"result.failedChecks.contains { $0.id == "release_target" }"#),comments: [],isRequired: false,sourceLocation: Testing.SourceLocation.__here()).__expected()
                            ^
/Users/user/Documents/Chainworks Forge/Chainworks ForgeTests/DeliveryServicesTests.swift:188:9: note: in expansion of macro 'expect' here
        #expect(result.failedChecks.contains { $0.id == "release_target" })
        ^~~~~~~~~~~~~~~~~~~~~~~~~~~~~~~~~~~~~~~~~~~~~~~~~~~~~~~~~~~~~~~~~~~
/Users/user/Documents/Chainworks Forge/Chainworks ForgeTests/DeliveryServicesTests.swift:188:9: note: in expansion of macro 'expect' here
        #expect(result.failedChecks.contains { $0.id == "release_target" })
        ^~~~~~~~~~~~~~~~~~~~~~~~~~~~~~~~~~~~~~~~~~~~~~~~~~~~~~~~~~~~~~~~~~~

SwiftCompile normal arm64 /Users/user/Documents/Chainworks\ Forge/Chainworks\ ForgeTests/Chainworks_ForgeTests.swift (in target 'Chainworks ForgeTests' from project 'Chainworks Forge')
    cd /Users/user/Documents/Chainworks\ Forge
    
/Users/user/Documents/Chainworks Forge/Chainworks ForgeTests/Chainworks_ForgeTests.swift:288:21: warning: conformance of 'Run' to 'Sendable' is unavailable: PersistentModels are not Sendable, consider utilizing a ModelActor or use Run's persistentModelID instead; this is an error in the Swift 6 language mode
        let task1 = Task { @MainActor in
                    ^
Chainworks_Forge.Run:3:11: note: conformance of 'Run' to 'Sendable' has been explicitly marked unavailable here
extension Run : Sendable {
          ^
/Users/user/Documents/Chainworks Forge/Chainworks ForgeTests/Chainworks_ForgeTests.swift:288:21: warning: conformance of 'Run' to 'Sendable' is unavailable: PersistentModels are not Sendable, consider utilizing a ModelActor or use Run's persistentModelID instead; this is an error in the Swift 6 language mode
        let task1 = Task { @MainActor in
                    ^
Chainworks_Forge.Run:3:11: note: conformance of 'Run' to 'Sendable' has been explicitly marked unavailable here
extension Run : Sendable {
          ^
/Users/user/Documents/Chainworks Forge/Chainworks ForgeTests/Chainworks_ForgeTests.swift:288:13: warning: conformance of 'Run' to 'Sendable' is unavailable: PersistentModels are not Sendable, consider utilizing a ModelActor or use Run's persistentModelID instead; this is an error in the Swift 6 language mode
        let task1 = Task { @MainActor in
            ^
Chainworks_Forge.Run:3:11: note: conformance of 'Run' to 'Sendable' has been explicitly marked unavailable here
extension Run : Sendable {
          ^
/Users/user/Documents/Chainworks Forge/Chainworks ForgeTests/Chainworks_ForgeTests.swift:295:21: warning: conformance of 'Run' to 'Sendable' is unavailable: PersistentModels are not Sendable, consider utilizing a ModelActor or use Run's persistentModelID instead; this is an error in the Swift 6 language mode
        let task2 = Task { @MainActor in
                    ^
Chainworks_Forge.Run:3:11: note: conformance of 'Run' to 'Sendable' has been explicitly marked unavailable here
extension Run : Sendable {
          ^
/Users/user/Documents/Chainworks Forge/Chainworks ForgeTests/Chainworks_ForgeTests.swift:295:21: warning: conformance of 'Run' to 'Sendable' is unavailable: PersistentModels are not Sendable, consider utilizing a ModelActor or use Run's persistentModelID instead; this is an error in the Swift 6 language mode
        let task2 = Task { @MainActor in
                    ^
Chainworks_Forge.Run:3:11: note: conformance of 'Run' to 'Sendable' has been explicitly marked unavailable here
extension Run : Sendable {
          ^
/Users/user/Documents/Chainworks Forge/Chainworks ForgeTests/Chainworks_ForgeTests.swift:295:13: warning: conformance of 'Run' to 'Sendable' is unavailable: PersistentModels are not Sendable, consider utilizing a ModelActor or use Run's persistentModelID instead; this is an error in the Swift 6 language mode
        let task2 = Task { @MainActor in
            ^
Chainworks_Forge.Run:3:11: note: conformance of 'Run' to 'Sendable' has been explicitly marked unavailable here
extension Run : Sendable {
          ^
/Users/user/Documents/Chainworks Forge/Chainworks ForgeTests/Chainworks_ForgeTests.swift:305:34: warning: conformance of 'Run' to 'Sendable' is unavailable: PersistentModels are not Sendable, consider utilizing a ModelActor or use Run's persistentModelID instead; this is an error in the Swift 6 language mode
        do { _ = try await task1.value; successCount += 1 } catch { failureCount += 1 }
                                 ^
Chainworks_Forge.Run:3:11: note: conformance of 'Run' to 'Sendable' has been explicitly marked unavailable here
extension Run : Sendable {
          ^
/Users/user/Documents/Chainworks Forge/Chainworks ForgeTests/Chainworks_ForgeTests.swift:306:34: warning: conformance of 'Run' to 'Sendable' is unavailable: PersistentModels are not Sendable, consider utilizing a ModelActor or use Run's persistentModelID instead; this is an error in the Swift 6 language mode
        do { _ = try await task2.value; successCount += 1 } catch { failureCount += 1 }
                                 ^
Chainworks_Forge.Run:3:11: note: conformance of 'Run' to 'Sendable' has been explicitly marked unavailable here
extension Run : Sendable {
          ^
/Users/user/Documents/Chainworks Forge/Chainworks ForgeTests/Chainworks_ForgeTests.swift:305:28: warning: non-Sendable type 'Task<Run, any Error>' cannot exit main actor-isolated context in call to nonisolated property 'value'; this is an error in the Swift 6 language mode
        do { _ = try await task1.value; successCount += 1 } catch { failureCount += 1 }
                           ^
_Concurrency.Task:2:23: note: generic struct 'Task' does not conform to the 'Sendable' protocol
@frozen public struct Task<Success, Failure> : Sendable where Success : Sendable, Failure : Error {
                      ^
/Users/user/Documents/Chainworks Forge/Chainworks ForgeTests/Chainworks_ForgeTests.swift:305:34: warning: non-Sendable type 'Run' of nonisolated property 'value' cannot be sent to main actor-isolated context; this is an error in the Swift 6 language mode
        do { _ = try await task1.value; successCount += 1 } catch { failureCount += 1 }
                                 ^
Chainworks_Forge.Run:1:22: note: class 'Run' does not conform to the 'Sendable' protocol
final internal class Run {
                     ^
/Users/user/Documents/Chainworks Forge/Chainworks ForgeTests/Chainworks_ForgeTests.swift:306:28: warning: non-Sendable type 'Task<Run, any Error>' cannot exit main actor-isolated context in call to nonisolated property 'value'; this is an error in the Swift 6 language mode
        do { _ = try await task2.value; successCount += 1 } catch { failureCount += 1 }
                           ^
_Concurrency.Task:2:23: note: generic struct 'Task' does not conform to the 'Sendable' protocol
@frozen public struct Task<Success, Failure> : Sendable where Success : Sendable, Failure : Error {
                      ^
/Users/user/Documents/Chainworks Forge/Chainworks ForgeTests/Chainworks_ForgeTests.swift:306:34: warning: non-Sendable type 'Run' of nonisolated property 'value' cannot be sent to main actor-isolated context; this is an error in the Swift 6 language mode
        do { _ = try await task2.value; successCount += 1 } catch { failureCount += 1 }
                                 ^
Chainworks_Forge.Run:1:22: note: class 'Run' does not conform to the 'Sendable' protocol
final internal class Run {
                     ^
/Users/user/Documents/Chainworks Forge/Chainworks ForgeTests/Chainworks_ForgeTests.swift:1591:47: warning: main actor-isolated conformance of 'ExecutionConfig' to 'Encodable' cannot be used in nonisolated context; this is an error in the Swift 6 language mode
            let result = try DefinitionHasher.hash(config)
                                              ^
/Users/user/Documents/Chainworks Forge/Chainworks ForgeTests/Chainworks_ForgeTests.swift:1600:39: warning: main actor-isolated conformance of 'ExecutionConfig' to 'Encodable' cannot be used in nonisolated context; this is an error in the Swift 6 language mode
        let h1 = try DefinitionHasher.hash(c1).sha256
                                      ^
/Users/user/Documents/Chainworks Forge/Chainworks ForgeTests/Chainworks_ForgeTests.swift:1601:39: warning: main actor-isolated conformance of 'ExecutionConfig' to 'Encodable' cannot be used in nonisolated context; this is an error in the Swift 6 language mode
        let h2 = try DefinitionHasher.hash(c2).sha256
                                      ^
/Users/user/Documents/Chainworks Forge/Chainworks ForgeTests/Chainworks_ForgeTests.swift:1607:50: warning: main actor-isolated conformance of 'WorkflowDefinition' to 'Encodable' cannot be used in nonisolated context; this is an error in the Swift 6 language mode
        let (data, hash1) = try DefinitionHasher.hash(workflow)
                                                 ^
/Users/user/Documents/Chainworks Forge/Chainworks ForgeTests/Chainworks_ForgeTests.swift:1610:41: warning: main actor-isolated conformance of 'WorkflowDefinition' to 'Decodable' cannot be used in nonisolated context; this is an error in the Swift 6 language mode
        let decoded = try JSONDecoder().decode(WorkflowDefinition.self, from: data)
                                        ^
/Users/user/Documents/Chainworks Forge/Chainworks ForgeTests/Chainworks_ForgeTests.swift:1611:47: warning: main actor-isolated conformance of 'WorkflowDefinition' to 'Encodable' cannot be used in nonisolated context; this is an error in the Swift 6 language mode
        let (_, hash2) = try DefinitionHasher.hash(decoded)
                                              ^
/Users/user/Documents/Chainworks Forge/Chainworks ForgeTests/Chainworks_ForgeTests.swift:1617:50: warning: main actor-isolated conformance of 'AgentCatalog' to 'Encodable' cannot be used in nonisolated context; this is an error in the Swift 6 language mode
        let (data, hash1) = try DefinitionHasher.hash(catalog)
                                                 ^
/Users/user/Documents/Chainworks Forge/Chainworks ForgeTests/Chainworks_ForgeTests.swift:1620:41: warning: main actor-isolated conformance of 'AgentCatalog' to 'Decodable' cannot be used in nonisolated context; this is an error in the Swift 6 language mode
        let decoded = try JSONDecoder().decode(AgentCatalog.self, from: data)
                                        ^
/Users/user/Documents/Chainworks Forge/Chainworks ForgeTests/Chainworks_ForgeTests.swift:1621:47: warning: main actor-isolated conformance of 'AgentCatalog' to 'Encodable' cannot be used in nonisolated context; this is an error in the Swift 6 language mode
        let (_, hash2) = try DefinitionHasher.hash(decoded)
                                              ^
/Users/user/Documents/Chainworks Forge/Chainworks ForgeTests/Chainworks_ForgeTests.swift:1630:47: warning: main actor-isolated conformance of 'AgentCatalog' to 'Encodable' cannot be used in nonisolated context; this is an error in the Swift 6 language mode
            let result = try DefinitionHasher.hash(catalog)
                                              ^
/Users/user/Documents/Chainworks Forge/Chainworks ForgeTests/Chainworks_ForgeTests.swift:1639:50: warning: main actor-isolated conformance of 'WorkflowDefinition' to 'Encodable' cannot be used in nonisolated context; this is an error in the Swift 6 language mode
        let (data, hash1) = try DefinitionHasher.hash(workflow)
                                                 ^
/Users/user/Documents/Chainworks Forge/Chainworks ForgeTests/Chainworks_ForgeTests.swift:1648:41: warning: main actor-isolated conformance of 'WorkflowDefinition' to 'Decodable' cannot be used in nonisolated context; this is an error in the Swift 6 language mode
        let decoded = try JSONDecoder().decode(WorkflowDefinition.self, from: reloadedData)
                                        ^
/Users/user/Documents/Chainworks Forge/Chainworks ForgeTests/Chainworks_ForgeTests.swift:1651:47: warning: main actor-isolated conformance of 'WorkflowDefinition' to 'Encodable' cannot be used in nonisolated context; this is an error in the Swift 6 language mode
        let (_, hash2) = try DefinitionHasher.hash(decoded)
                                              ^
@__swiftmacro_21Chainworks_ForgeTests0032DeliveryServicesTestsswift_jIADjfMX166_8_6expectfMf_.swift:1:57: warning: main actor-isolated property 'passed' can not be referenced from a nonisolated context
Testing.__checkPropertyAccess(result.self,getting: { $0.passed },expression: .__fromNegation(.__fromPropertyAccess(.__fromSyntaxNode("result"),.__fromSyntaxNode("passed")), false),comments: [],isRequired: false,sourceLocation: Testing.SourceLocation.__here()).__expected()
                                                        ^
/Users/user/Documents/Chainworks Forge/Chainworks ForgeTests/DeliveryServicesTests.swift:167:9: note: in expansion of macro 'expect' here
        #expect(!result.passed)
        ^~~~~~~~~~~~~~~~~~~~~~~
/Users/user/Documents/Chainworks Forge/Chainworks ForgeTests/DeliveryServicesTests.swift:167:9: note: in expansion of macro 'expect' here
        #expect(!result.passed)
        ^~~~~~~~~~~~~~~~~~~~~~~
Chainworks_Forge.DeliveryPreflightService.PreflightResult.passed:3:25: note: property declared here
@MainActor internal let passed: Bool  }
                        ^
@__swiftmacro_21Chainworks_ForgeTests0032DeliveryServicesTestsswift_jIADjfMX167_8_6expectfMf0_.swift:1:56: warning: main actor-isolated property 'id' can not be referenced from a nonisolated context
Testing.__checkValue(result.failedChecks.contains { $0.id == "repo_root" },expression: .__fromSyntaxNode(#"result.failedChecks.contains { $0.id == "repo_root" }"#),comments: [],isRequired: false,sourceLocation: Testing.SourceLocation.__here()).__expected()
                                                       ^
/Users/user/Documents/Chainworks Forge/Chainworks ForgeTests/DeliveryServicesTests.swift:168:9: note: in expansion of macro 'expect' here
        #expect(result.failedChecks.contains { $0.id == "repo_root" })
        ^~~~~~~~~~~~~~~~~~~~~~~~~~~~~~~~~~~~~~~~~~~~~~~~~~~~~~~~~~~~~~
/Users/user/Documents/Chainworks Forge/Chainworks ForgeTests/DeliveryServicesTests.swift:168:9: note: in expansion of macro 'expect' here
        #expect(result.failedChecks.contains { $0.id == "repo_root" })
        ^~~~~~~~~~~~~~~~~~~~~~~~~~~~~~~~~~~~~~~~~~~~~~~~~~~~~~~~~~~~~~
Chainworks_Forge.DeliveryPreflightService.PreflightCheck.id:3:25: note: property declared here
@MainActor internal let id: String  }
                        ^
@__swiftmacro_21Chainworks_ForgeTests0032DeliveryServicesTestsswift_jIADjfMX167_8_6expectfMf0_.swift:1:29: warning: main actor-isolated property 'failedChecks' cannot be accessed from outside of the actor; this is an error in the Swift 6 language mode
Testing.__checkValue(result.failedChecks.contains { $0.id == "repo_root" },expression: .__fromSyntaxNode(#"result.failedChecks.contains { $0.id == "repo_root" }"#),comments: [],isRequired: false,sourceLocation: Testing.SourceLocation.__here()).__expected()
                            ^
/Users/user/Documents/Chainworks Forge/Chainworks ForgeTests/DeliveryServicesTests.swift:168:9: note: in expansion of macro 'expect' here
        #expect(result.failedChecks.contains { $0.id == "repo_root" })
        ^~~~~~~~~~~~~~~~~~~~~~~~~~~~~~~~~~~~~~~~~~~~~~~~~~~~~~~~~~~~~~
/Users/user/Documents/Chainworks Forge/Chainworks ForgeTests/DeliveryServicesTests.swift:168:9: note: in expansion of macro 'expect' here
        #expect(result.failedChecks.contains { $0.id == "repo_root" })
        ^~~~~~~~~~~~~~~~~~~~~~~~~~~~~~~~~~~~~~~~~~~~~~~~~~~~~~~~~~~~~~
@__swiftmacro_21Chainworks_ForgeTests0032DeliveryServicesTestsswift_jIADjfMX187_8_6expectfMf_.swift:1:56: warning: main actor-isolated property 'id' can not be referenced from a nonisolated context
Testing.__checkValue(result.failedChecks.contains { $0.id == "release_target" },expression: .__fromSyntaxNode(#"result.failedChecks.contains { $0.id == "release_target" }"#),comments: [],isRequired: false,sourceLocation: Testing.SourceLocation.__here()).__expected()
                                                       ^
/Users/user/Documents/Chainworks Forge/Chainworks ForgeTests/DeliveryServicesTests.swift:188:9: note: in expansion of macro 'expect' here
        #expect(result.failedChecks.contains { $0.id == "release_target" })
        ^~~~~~~~~~~~~~~~~~~~~~~~~~~~~~~~~~~~~~~~~~~~~~~~~~~~~~~~~~~~~~~~~~~
/Users/user/Documents/Chainworks Forge/Chainworks ForgeTests/DeliveryServicesTests.swift:188:9: note: in expansion of macro 'expect' here
        #expect(result.failedChecks.contains { $0.id == "release_target" })
        ^~~~~~~~~~~~~~~~~~~~~~~~~~~~~~~~~~~~~~~~~~~~~~~~~~~~~~~~~~~~~~~~~~~
Chainworks_Forge.DeliveryPreflightService.PreflightCheck.id:3:25: note: property declared here
@MainActor internal let id: String  }
                        ^
@__swiftmacro_21Chainworks_ForgeTests0032DeliveryServicesTestsswift_jIADjfMX187_8_6expectfMf_.swift:1:29: warning: main actor-isolated property 'failedChecks' cannot be accessed from outside of the actor; this is an error in the Swift 6 language mode
Testing.__checkValue(result.failedChecks.contains { $0.id == "release_target" },expression: .__fromSyntaxNode(#"result.failedChecks.contains { $0.id == "release_target" }"#),comments: [],isRequired: false,sourceLocation: Testing.SourceLocation.__here()).__expected()
                            ^
/Users/user/Documents/Chainworks Forge/Chainworks ForgeTests/DeliveryServicesTests.swift:188:9: note: in expansion of macro 'expect' here
        #expect(result.failedChecks.contains { $0.id == "release_target" })
        ^~~~~~~~~~~~~~~~~~~~~~~~~~~~~~~~~~~~~~~~~~~~~~~~~~~~~~~~~~~~~~~~~~~
/Users/user/Documents/Chainworks Forge/Chainworks ForgeTests/DeliveryServicesTests.swift:188:9: note: in expansion of macro 'expect' here
        #expect(result.failedChecks.contains { $0.id == "release_target" })
        ^~~~~~~~~~~~~~~~~~~~~~~~~~~~~~~~~~~~~~~~~~~~~~~~~~~~~~~~~~~~~~~~~~~

SwiftCompile normal arm64 /Users/user/Documents/Chainworks\ Forge/Chainworks\ ForgeTests/CrashBudgetResetTests.swift (in target 'Chainworks ForgeTests' from project 'Chainworks Forge')
    cd /Users/user/Documents/Chainworks\ Forge
    
/Users/user/Documents/Chainworks Forge/Chainworks ForgeTests/Chainworks_ForgeTests.swift:288:21: warning: conformance of 'Run' to 'Sendable' is unavailable: PersistentModels are not Sendable, consider utilizing a ModelActor or use Run's persistentModelID instead; this is an error in the Swift 6 language mode
        let task1 = Task { @MainActor in
                    ^
Chainworks_Forge.Run:3:11: note: conformance of 'Run' to 'Sendable' has been explicitly marked unavailable here
extension Run : Sendable {
          ^
/Users/user/Documents/Chainworks Forge/Chainworks ForgeTests/Chainworks_ForgeTests.swift:288:21: warning: conformance of 'Run' to 'Sendable' is unavailable: PersistentModels are not Sendable, consider utilizing a ModelActor or use Run's persistentModelID instead; this is an error in the Swift 6 language mode
        let task1 = Task { @MainActor in
                    ^
Chainworks_Forge.Run:3:11: note: conformance of 'Run' to 'Sendable' has been explicitly marked unavailable here
extension Run : Sendable {
          ^
/Users/user/Documents/Chainworks Forge/Chainworks ForgeTests/Chainworks_ForgeTests.swift:288:13: warning: conformance of 'Run' to 'Sendable' is unavailable: PersistentModels are not Sendable, consider utilizing a ModelActor or use Run's persistentModelID instead; this is an error in the Swift 6 language mode
        let task1 = Task { @MainActor in
            ^
Chainworks_Forge.Run:3:11: note: conformance of 'Run' to 'Sendable' has been explicitly marked unavailable here
extension Run : Sendable {
          ^
/Users/user/Documents/Chainworks Forge/Chainworks ForgeTests/Chainworks_ForgeTests.swift:295:21: warning: conformance of 'Run' to 'Sendable' is unavailable: PersistentModels are not Sendable, consider utilizing a ModelActor or use Run's persistentModelID instead; this is an error in the Swift 6 language mode
        let task2 = Task { @MainActor in
                    ^
Chainworks_Forge.Run:3:11: note: conformance of 'Run' to 'Sendable' has been explicitly marked unavailable here
extension Run : Sendable {
          ^
/Users/user/Documents/Chainworks Forge/Chainworks ForgeTests/Chainworks_ForgeTests.swift:295:21: warning: conformance of 'Run' to 'Sendable' is unavailable: PersistentModels are not Sendable, consider utilizing a ModelActor or use Run's persistentModelID instead; this is an error in the Swift 6 language mode
        let task2 = Task { @MainActor in
                    ^
Chainworks_Forge.Run:3:11: note: conformance of 'Run' to 'Sendable' has been explicitly marked unavailable here
extension Run : Sendable {
          ^
/Users/user/Documents/Chainworks Forge/Chainworks ForgeTests/Chainworks_ForgeTests.swift:295:13: warning: conformance of 'Run' to 'Sendable' is unavailable: PersistentModels are not Sendable, consider utilizing a ModelActor or use Run's persistentModelID instead; this is an error in the Swift 6 language mode
        let task2 = Task { @MainActor in
            ^
Chainworks_Forge.Run:3:11: note: conformance of 'Run' to 'Sendable' has been explicitly marked unavailable here
extension Run : Sendable {
          ^
/Users/user/Documents/Chainworks Forge/Chainworks ForgeTests/Chainworks_ForgeTests.swift:305:34: warning: conformance of 'Run' to 'Sendable' is unavailable: PersistentModels are not Sendable, consider utilizing a ModelActor or use Run's persistentModelID instead; this is an error in the Swift 6 language mode
        do { _ = try await task1.value; successCount += 1 } catch { failureCount += 1 }
                                 ^
Chainworks_Forge.Run:3:11: note: conformance of 'Run' to 'Sendable' has been explicitly marked unavailable here
extension Run : Sendable {
          ^
/Users/user/Documents/Chainworks Forge/Chainworks ForgeTests/Chainworks_ForgeTests.swift:306:34: warning: conformance of 'Run' to 'Sendable' is unavailable: PersistentModels are not Sendable, consider utilizing a ModelActor or use Run's persistentModelID instead; this is an error in the Swift 6 language mode
        do { _ = try await task2.value; successCount += 1 } catch { failureCount += 1 }
                                 ^
Chainworks_Forge.Run:3:11: note: conformance of 'Run' to 'Sendable' has been explicitly marked unavailable here
extension Run : Sendable {
          ^
/Users/user/Documents/Chainworks Forge/Chainworks ForgeTests/Chainworks_ForgeTests.swift:305:28: warning: non-Sendable type 'Task<Run, any Error>' cannot exit main actor-isolated context in call to nonisolated property 'value'; this is an error in the Swift 6 language mode
        do { _ = try await task1.value; successCount += 1 } catch { failureCount += 1 }
                           ^
_Concurrency.Task:2:23: note: generic struct 'Task' does not conform to the 'Sendable' protocol
@frozen public struct Task<Success, Failure> : Sendable where Success : Sendable, Failure : Error {
                      ^
/Users/user/Documents/Chainworks Forge/Chainworks ForgeTests/Chainworks_ForgeTests.swift:305:34: warning: non-Sendable type 'Run' of nonisolated property 'value' cannot be sent to main actor-isolated context; this is an error in the Swift 6 language mode
        do { _ = try await task1.value; successCount += 1 } catch { failureCount += 1 }
                                 ^
Chainworks_Forge.Run:1:22: note: class 'Run' does not conform to the 'Sendable' protocol
final internal class Run {
                     ^
/Users/user/Documents/Chainworks Forge/Chainworks ForgeTests/Chainworks_ForgeTests.swift:306:28: warning: non-Sendable type 'Task<Run, any Error>' cannot exit main actor-isolated context in call to nonisolated property 'value'; this is an error in the Swift 6 language mode
        do { _ = try await task2.value; successCount += 1 } catch { failureCount += 1 }
                           ^
_Concurrency.Task:2:23: note: generic struct 'Task' does not conform to the 'Sendable' protocol
@frozen public struct Task<Success, Failure> : Sendable where Success : Sendable, Failure : Error {
                      ^
/Users/user/Documents/Chainworks Forge/Chainworks ForgeTests/Chainworks_ForgeTests.swift:306:34: warning: non-Sendable type 'Run' of nonisolated property 'value' cannot be sent to main actor-isolated context; this is an error in the Swift 6 language mode
        do { _ = try await task2.value; successCount += 1 } catch { failureCount += 1 }
                                 ^
Chainworks_Forge.Run:1:22: note: class 'Run' does not conform to the 'Sendable' protocol
final internal class Run {
                     ^
/Users/user/Documents/Chainworks Forge/Chainworks ForgeTests/Chainworks_ForgeTests.swift:1591:47: warning: main actor-isolated conformance of 'ExecutionConfig' to 'Encodable' cannot be used in nonisolated context; this is an error in the Swift 6 language mode
            let result = try DefinitionHasher.hash(config)
                                              ^
/Users/user/Documents/Chainworks Forge/Chainworks ForgeTests/Chainworks_ForgeTests.swift:1600:39: warning: main actor-isolated conformance of 'ExecutionConfig' to 'Encodable' cannot be used in nonisolated context; this is an error in the Swift 6 language mode
        let h1 = try DefinitionHasher.hash(c1).sha256
                                      ^
/Users/user/Documents/Chainworks Forge/Chainworks ForgeTests/Chainworks_ForgeTests.swift:1601:39: warning: main actor-isolated conformance of 'ExecutionConfig' to 'Encodable' cannot be used in nonisolated context; this is an error in the Swift 6 language mode
        let h2 = try DefinitionHasher.hash(c2).sha256
                                      ^
/Users/user/Documents/Chainworks Forge/Chainworks ForgeTests/Chainworks_ForgeTests.swift:1607:50: warning: main actor-isolated conformance of 'WorkflowDefinition' to 'Encodable' cannot be used in nonisolated context; this is an error in the Swift 6 language mode
        let (data, hash1) = try DefinitionHasher.hash(workflow)
                                                 ^
/Users/user/Documents/Chainworks Forge/Chainworks ForgeTests/Chainworks_ForgeTests.swift:1610:41: warning: main actor-isolated conformance of 'WorkflowDefinition' to 'Decodable' cannot be used in nonisolated context; this is an error in the Swift 6 language mode
        let decoded = try JSONDecoder().decode(WorkflowDefinition.self, from: data)
                                        ^
/Users/user/Documents/Chainworks Forge/Chainworks ForgeTests/Chainworks_ForgeTests.swift:1611:47: warning: main actor-isolated conformance of 'WorkflowDefinition' to 'Encodable' cannot be used in nonisolated context; this is an error in the Swift 6 language mode
        let (_, hash2) = try DefinitionHasher.hash(decoded)
                                              ^
/Users/user/Documents/Chainworks Forge/Chainworks ForgeTests/Chainworks_ForgeTests.swift:1617:50: warning: main actor-isolated conformance of 'AgentCatalog' to 'Encodable' cannot be used in nonisolated context; this is an error in the Swift 6 language mode
        let (data, hash1) = try DefinitionHasher.hash(catalog)
                                                 ^
/Users/user/Documents/Chainworks Forge/Chainworks ForgeTests/Chainworks_ForgeTests.swift:1620:41: warning: main actor-isolated conformance of 'AgentCatalog' to 'Decodable' cannot be used in nonisolated context; this is an error in the Swift 6 language mode
        let decoded = try JSONDecoder().decode(AgentCatalog.self, from: data)
                                        ^
/Users/user/Documents/Chainworks Forge/Chainworks ForgeTests/Chainworks_ForgeTests.swift:1621:47: warning: main actor-isolated conformance of 'AgentCatalog' to 'Encodable' cannot be used in nonisolated context; this is an error in the Swift 6 language mode
        let (_, hash2) = try DefinitionHasher.hash(decoded)
                                              ^
/Users/user/Documents/Chainworks Forge/Chainworks ForgeTests/Chainworks_ForgeTests.swift:1630:47: warning: main actor-isolated conformance of 'AgentCatalog' to 'Encodable' cannot be used in nonisolated context; this is an error in the Swift 6 language mode
            let result = try DefinitionHasher.hash(catalog)
                                              ^
/Users/user/Documents/Chainworks Forge/Chainworks ForgeTests/Chainworks_ForgeTests.swift:1639:50: warning: main actor-isolated conformance of 'WorkflowDefinition' to 'Encodable' cannot be used in nonisolated context; this is an error in the Swift 6 language mode
        let (data, hash1) = try DefinitionHasher.hash(workflow)
                                                 ^
/Users/user/Documents/Chainworks Forge/Chainworks ForgeTests/Chainworks_ForgeTests.swift:1648:41: warning: main actor-isolated conformance of 'WorkflowDefinition' to 'Decodable' cannot be used in nonisolated context; this is an error in the Swift 6 language mode
        let decoded = try JSONDecoder().decode(WorkflowDefinition.self, from: reloadedData)
                                        ^
/Users/user/Documents/Chainworks Forge/Chainworks ForgeTests/Chainworks_ForgeTests.swift:1651:47: warning: main actor-isolated conformance of 'WorkflowDefinition' to 'Encodable' cannot be used in nonisolated context; this is an error in the Swift 6 language mode
        let (_, hash2) = try DefinitionHasher.hash(decoded)
                                              ^
/Users/user/Documents/Chainworks Forge/Chainworks ForgeTests/CrashBudgetResetTests.swift:21:51: warning: main actor-isolated conformance of 'CrashBudgetResetFileOutcome' to 'CustomStringConvertible' cannot be used in nonisolated context; this is an error in the Swift 6 language mode
        default: XCTFail("expected .removed, got \(outcome)")
                                                  ^
/Users/user/Documents/Chainworks Forge/Chainworks ForgeTests/CrashBudgetResetTests.swift:36:57: warning: main actor-isolated conformance of 'CrashBudgetResetFileOutcome' to 'CustomStringConvertible' cannot be used in nonisolated context; this is an error in the Swift 6 language mode
        default: XCTFail("expected .alreadyAbsent, got \(outcome)")
                                                        ^
@__swiftmacro_21Chainworks_ForgeTests0032DeliveryServicesTestsswift_jIADjfMX166_8_6expectfMf_.swift:1:57: warning: main actor-isolated property 'passed' can not be referenced from a nonisolated context
Testing.__checkPropertyAccess(result.self,getting: { $0.passed },expression: .__fromNegation(.__fromPropertyAccess(.__fromSyntaxNode("result"),.__fromSyntaxNode("passed")), false),comments: [],isRequired: false,sourceLocation: Testing.SourceLocation.__here()).__expected()
                                                        ^
/Users/user/Documents/Chainworks Forge/Chainworks ForgeTests/DeliveryServicesTests.swift:167:9: note: in expansion of macro 'expect' here
        #expect(!result.passed)
        ^~~~~~~~~~~~~~~~~~~~~~~
/Users/user/Documents/Chainworks Forge/Chainworks ForgeTests/DeliveryServicesTests.swift:167:9: note: in expansion of macro 'expect' here
        #expect(!result.passed)
        ^~~~~~~~~~~~~~~~~~~~~~~
Chainworks_Forge.DeliveryPreflightService.PreflightResult.passed:3:25: note: property declared here
@MainActor internal let passed: Bool  }
                        ^
@__swiftmacro_21Chainworks_ForgeTests0032DeliveryServicesTestsswift_jIADjfMX167_8_6expectfMf0_.swift:1:56: warning: main actor-isolated property 'id' can not be referenced from a nonisolated context
Testing.__checkValue(result.failedChecks.contains { $0.id == "repo_root" },expression: .__fromSyntaxNode(#"result.failedChecks.contains { $0.id == "repo_root" }"#),comments: [],isRequired: false,sourceLocation: Testing.SourceLocation.__here()).__expected()
                                                       ^
/Users/user/Documents/Chainworks Forge/Chainworks ForgeTests/DeliveryServicesTests.swift:168:9: note: in expansion of macro 'expect' here
        #expect(result.failedChecks.contains { $0.id == "repo_root" })
        ^~~~~~~~~~~~~~~~~~~~~~~~~~~~~~~~~~~~~~~~~~~~~~~~~~~~~~~~~~~~~~
/Users/user/Documents/Chainworks Forge/Chainworks ForgeTests/DeliveryServicesTests.swift:168:9: note: in expansion of macro 'expect' here
        #expect(result.failedChecks.contains { $0.id == "repo_root" })
        ^~~~~~~~~~~~~~~~~~~~~~~~~~~~~~~~~~~~~~~~~~~~~~~~~~~~~~~~~~~~~~
Chainworks_Forge.DeliveryPreflightService.PreflightCheck.id:3:25: note: property declared here
@MainActor internal let id: String  }
                        ^
@__swiftmacro_21Chainworks_ForgeTests0032DeliveryServicesTestsswift_jIADjfMX167_8_6expectfMf0_.swift:1:29: warning: main actor-isolated property 'failedChecks' cannot be accessed from outside of the actor; this is an error in the Swift 6 language mode
Testing.__checkValue(result.failedChecks.contains { $0.id == "repo_root" },expression: .__fromSyntaxNode(#"result.failedChecks.contains { $0.id == "repo_root" }"#),comments: [],isRequired: false,sourceLocation: Testing.SourceLocation.__here()).__expected()
                            ^
/Users/user/Documents/Chainworks Forge/Chainworks ForgeTests/DeliveryServicesTests.swift:168:9: note: in expansion of macro 'expect' here
        #expect(result.failedChecks.contains { $0.id == "repo_root" })
        ^~~~~~~~~~~~~~~~~~~~~~~~~~~~~~~~~~~~~~~~~~~~~~~~~~~~~~~~~~~~~~
/Users/user/Documents/Chainworks Forge/Chainworks ForgeTests/DeliveryServicesTests.swift:168:9: note: in expansion of macro 'expect' here
        #expect(result.failedChecks.contains { $0.id == "repo_root" })
        ^~~~~~~~~~~~~~~~~~~~~~~~~~~~~~~~~~~~~~~~~~~~~~~~~~~~~~~~~~~~~~
@__swiftmacro_21Chainworks_ForgeTests0032DeliveryServicesTestsswift_jIADjfMX187_8_6expectfMf_.swift:1:56: warning: main actor-isolated property 'id' can not be referenced from a nonisolated context
Testing.__checkValue(result.failedChecks.contains { $0.id == "release_target" },expression: .__fromSyntaxNode(#"result.failedChecks.contains { $0.id == "release_target" }"#),comments: [],isRequired: false,sourceLocation: Testing.SourceLocation.__here()).__expected()
                                                       ^
/Users/user/Documents/Chainworks Forge/Chainworks ForgeTests/DeliveryServicesTests.swift:188:9: note: in expansion of macro 'expect' here
        #expect(result.failedChecks.contains { $0.id == "release_target" })
        ^~~~~~~~~~~~~~~~~~~~~~~~~~~~~~~~~~~~~~~~~~~~~~~~~~~~~~~~~~~~~~~~~~~
/Users/user/Documents/Chainworks Forge/Chainworks ForgeTests/DeliveryServicesTests.swift:188:9: note: in expansion of macro 'expect' here
        #expect(result.failedChecks.contains { $0.id == "release_target" })
        ^~~~~~~~~~~~~~~~~~~~~~~~~~~~~~~~~~~~~~~~~~~~~~~~~~~~~~~~~~~~~~~~~~~
Chainworks_Forge.DeliveryPreflightService.PreflightCheck.id:3:25: note: property declared here
@MainActor internal let id: String  }
                        ^
@__swiftmacro_21Chainworks_ForgeTests0032DeliveryServicesTestsswift_jIADjfMX187_8_6expectfMf_.swift:1:29: warning: main actor-isolated property 'failedChecks' cannot be accessed from outside of the actor; this is an error in the Swift 6 language mode
Testing.__checkValue(result.failedChecks.contains { $0.id == "release_target" },expression: .__fromSyntaxNode(#"result.failedChecks.contains { $0.id == "release_target" }"#),comments: [],isRequired: false,sourceLocation: Testing.SourceLocation.__here()).__expected()
                            ^
/Users/user/Documents/Chainworks Forge/Chainworks ForgeTests/DeliveryServicesTests.swift:188:9: note: in expansion of macro 'expect' here
        #expect(result.failedChecks.contains { $0.id == "release_target" })
        ^~~~~~~~~~~~~~~~~~~~~~~~~~~~~~~~~~~~~~~~~~~~~~~~~~~~~~~~~~~~~~~~~~~
/Users/user/Documents/Chainworks Forge/Chainworks ForgeTests/DeliveryServicesTests.swift:188:9: note: in expansion of macro 'expect' here
        #expect(result.failedChecks.contains { $0.id == "release_target" })
        ^~~~~~~~~~~~~~~~~~~~~~~~~~~~~~~~~~~~~~~~~~~~~~~~~~~~~~~~~~~~~~~~~~~

SwiftCompile normal arm64 /Users/user/Documents/Chainworks\ Forge/Chainworks\ ForgeTests/DaemonLifecycleClientTests.swift (in target 'Chainworks ForgeTests' from project 'Chainworks Forge')
    cd /Users/user/Documents/Chainworks\ Forge
    
/Users/user/Documents/Chainworks Forge/Chainworks ForgeTests/Chainworks_ForgeTests.swift:288:21: warning: conformance of 'Run' to 'Sendable' is unavailable: PersistentModels are not Sendable, consider utilizing a ModelActor or use Run's persistentModelID instead; this is an error in the Swift 6 language mode
        let task1 = Task { @MainActor in
                    ^
Chainworks_Forge.Run:3:11: note: conformance of 'Run' to 'Sendable' has been explicitly marked unavailable here
extension Run : Sendable {
          ^
/Users/user/Documents/Chainworks Forge/Chainworks ForgeTests/Chainworks_ForgeTests.swift:288:21: warning: conformance of 'Run' to 'Sendable' is unavailable: PersistentModels are not Sendable, consider utilizing a ModelActor or use Run's persistentModelID instead; this is an error in the Swift 6 language mode
        let task1 = Task { @MainActor in
                    ^
Chainworks_Forge.Run:3:11: note: conformance of 'Run' to 'Sendable' has been explicitly marked unavailable here
extension Run : Sendable {
          ^
/Users/user/Documents/Chainworks Forge/Chainworks ForgeTests/Chainworks_ForgeTests.swift:288:13: warning: conformance of 'Run' to 'Sendable' is unavailable: PersistentModels are not Sendable, consider utilizing a ModelActor or use Run's persistentModelID instead; this is an error in the Swift 6 language mode
        let task1 = Task { @MainActor in
            ^
Chainworks_Forge.Run:3:11: note: conformance of 'Run' to 'Sendable' has been explicitly marked unavailable here
extension Run : Sendable {
          ^
/Users/user/Documents/Chainworks Forge/Chainworks ForgeTests/Chainworks_ForgeTests.swift:295:21: warning: conformance of 'Run' to 'Sendable' is unavailable: PersistentModels are not Sendable, consider utilizing a ModelActor or use Run's persistentModelID instead; this is an error in the Swift 6 language mode
        let task2 = Task { @MainActor in
                    ^
Chainworks_Forge.Run:3:11: note: conformance of 'Run' to 'Sendable' has been explicitly marked unavailable here
extension Run : Sendable {
          ^
/Users/user/Documents/Chainworks Forge/Chainworks ForgeTests/Chainworks_ForgeTests.swift:295:21: warning: conformance of 'Run' to 'Sendable' is unavailable: PersistentModels are not Sendable, consider utilizing a ModelActor or use Run's persistentModelID instead; this is an error in the Swift 6 language mode
        let task2 = Task { @MainActor in
                    ^
Chainworks_Forge.Run:3:11: note: conformance of 'Run' to 'Sendable' has been explicitly marked unavailable here
extension Run : Sendable {
          ^
/Users/user/Documents/Chainworks Forge/Chainworks ForgeTests/Chainworks_ForgeTests.swift:295:13: warning: conformance of 'Run' to 'Sendable' is unavailable: PersistentModels are not Sendable, consider utilizing a ModelActor or use Run's persistentModelID instead; this is an error in the Swift 6 language mode
        let task2 = Task { @MainActor in
            ^
Chainworks_Forge.Run:3:11: note: conformance of 'Run' to 'Sendable' has been explicitly marked unavailable here
extension Run : Sendable {
          ^
/Users/user/Documents/Chainworks Forge/Chainworks ForgeTests/Chainworks_ForgeTests.swift:305:34: warning: conformance of 'Run' to 'Sendable' is unavailable: PersistentModels are not Sendable, consider utilizing a ModelActor or use Run's persistentModelID instead; this is an error in the Swift 6 language mode
        do { _ = try await task1.value; successCount += 1 } catch { failureCount += 1 }
                                 ^
Chainworks_Forge.Run:3:11: note: conformance of 'Run' to 'Sendable' has been explicitly marked unavailable here
extension Run : Sendable {
          ^
/Users/user/Documents/Chainworks Forge/Chainworks ForgeTests/Chainworks_ForgeTests.swift:306:34: warning: conformance of 'Run' to 'Sendable' is unavailable: PersistentModels are not Sendable, consider utilizing a ModelActor or use Run's persistentModelID instead; this is an error in the Swift 6 language mode
        do { _ = try await task2.value; successCount += 1 } catch { failureCount += 1 }
                                 ^
Chainworks_Forge.Run:3:11: note: conformance of 'Run' to 'Sendable' has been explicitly marked unavailable here
extension Run : Sendable {
          ^
/Users/user/Documents/Chainworks Forge/Chainworks ForgeTests/Chainworks_ForgeTests.swift:305:28: warning: non-Sendable type 'Task<Run, any Error>' cannot exit main actor-isolated context in call to nonisolated property 'value'; this is an error in the Swift 6 language mode
        do { _ = try await task1.value; successCount += 1 } catch { failureCount += 1 }
                           ^
_Concurrency.Task:2:23: note: generic struct 'Task' does not conform to the 'Sendable' protocol
@frozen public struct Task<Success, Failure> : Sendable where Success : Sendable, Failure : Error {
                      ^
/Users/user/Documents/Chainworks Forge/Chainworks ForgeTests/Chainworks_ForgeTests.swift:305:34: warning: non-Sendable type 'Run' of nonisolated property 'value' cannot be sent to main actor-isolated context; this is an error in the Swift 6 language mode
        do { _ = try await task1.value; successCount += 1 } catch { failureCount += 1 }
                                 ^
Chainworks_Forge.Run:1:22: note: class 'Run' does not conform to the 'Sendable' protocol
final internal class Run {
                     ^
/Users/user/Documents/Chainworks Forge/Chainworks ForgeTests/Chainworks_ForgeTests.swift:306:28: warning: non-Sendable type 'Task<Run, any Error>' cannot exit main actor-isolated context in call to nonisolated property 'value'; this is an error in the Swift 6 language mode
        do { _ = try await task2.value; successCount += 1 } catch { failureCount += 1 }
                           ^
_Concurrency.Task:2:23: note: generic struct 'Task' does not conform to the 'Sendable' protocol
@frozen public struct Task<Success, Failure> : Sendable where Success : Sendable, Failure : Error {
                      ^
/Users/user/Documents/Chainworks Forge/Chainworks ForgeTests/Chainworks_ForgeTests.swift:306:34: warning: non-Sendable type 'Run' of nonisolated property 'value' cannot be sent to main actor-isolated context; this is an error in the Swift 6 language mode
        do { _ = try await task2.value; successCount += 1 } catch { failureCount += 1 }
                                 ^
Chainworks_Forge.Run:1:22: note: class 'Run' does not conform to the 'Sendable' protocol
final internal class Run {
                     ^
/Users/user/Documents/Chainworks Forge/Chainworks ForgeTests/Chainworks_ForgeTests.swift:1591:47: warning: main actor-isolated conformance of 'ExecutionConfig' to 'Encodable' cannot be used in nonisolated context; this is an error in the Swift 6 language mode
            let result = try DefinitionHasher.hash(config)
                                              ^
/Users/user/Documents/Chainworks Forge/Chainworks ForgeTests/Chainworks_ForgeTests.swift:1600:39: warning: main actor-isolated conformance of 'ExecutionConfig' to 'Encodable' cannot be used in nonisolated context; this is an error in the Swift 6 language mode
        let h1 = try DefinitionHasher.hash(c1).sha256
                                      ^
/Users/user/Documents/Chainworks Forge/Chainworks ForgeTests/Chainworks_ForgeTests.swift:1601:39: warning: main actor-isolated conformance of 'ExecutionConfig' to 'Encodable' cannot be used in nonisolated context; this is an error in the Swift 6 language mode
        let h2 = try DefinitionHasher.hash(c2).sha256
                                      ^
/Users/user/Documents/Chainworks Forge/Chainworks ForgeTests/Chainworks_ForgeTests.swift:1607:50: warning: main actor-isolated conformance of 'WorkflowDefinition' to 'Encodable' cannot be used in nonisolated context; this is an error in the Swift 6 language mode
        let (data, hash1) = try DefinitionHasher.hash(workflow)
                                                 ^
/Users/user/Documents/Chainworks Forge/Chainworks ForgeTests/Chainworks_ForgeTests.swift:1610:41: warning: main actor-isolated conformance of 'WorkflowDefinition' to 'Decodable' cannot be used in nonisolated context; this is an error in the Swift 6 language mode
        let decoded = try JSONDecoder().decode(WorkflowDefinition.self, from: data)
                                        ^
/Users/user/Documents/Chainworks Forge/Chainworks ForgeTests/Chainworks_ForgeTests.swift:1611:47: warning: main actor-isolated conformance of 'WorkflowDefinition' to 'Encodable' cannot be used in nonisolated context; this is an error in the Swift 6 language mode
        let (_, hash2) = try DefinitionHasher.hash(decoded)
                                              ^
/Users/user/Documents/Chainworks Forge/Chainworks ForgeTests/Chainworks_ForgeTests.swift:1617:50: warning: main actor-isolated conformance of 'AgentCatalog' to 'Encodable' cannot be used in nonisolated context; this is an error in the Swift 6 language mode
        let (data, hash1) = try DefinitionHasher.hash(catalog)
                                                 ^
/Users/user/Documents/Chainworks Forge/Chainworks ForgeTests/Chainworks_ForgeTests.swift:1620:41: warning: main actor-isolated conformance of 'AgentCatalog' to 'Decodable' cannot be used in nonisolated context; this is an error in the Swift 6 language mode
        let decoded = try JSONDecoder().decode(AgentCatalog.self, from: data)
                                        ^
/Users/user/Documents/Chainworks Forge/Chainworks ForgeTests/Chainworks_ForgeTests.swift:1621:47: warning: main actor-isolated conformance of 'AgentCatalog' to 'Encodable' cannot be used in nonisolated context; this is an error in the Swift 6 language mode
        let (_, hash2) = try DefinitionHasher.hash(decoded)
                                              ^
/Users/user/Documents/Chainworks Forge/Chainworks ForgeTests/Chainworks_ForgeTests.swift:1630:47: warning: main actor-isolated conformance of 'AgentCatalog' to 'Encodable' cannot be used in nonisolated context; this is an error in the Swift 6 language mode
            let result = try DefinitionHasher.hash(catalog)
                                              ^
/Users/user/Documents/Chainworks Forge/Chainworks ForgeTests/Chainworks_ForgeTests.swift:1639:50: warning: main actor-isolated conformance of 'WorkflowDefinition' to 'Encodable' cannot be used in nonisolated context; this is an error in the Swift 6 language mode
        let (data, hash1) = try DefinitionHasher.hash(workflow)
                                                 ^
/Users/user/Documents/Chainworks Forge/Chainworks ForgeTests/Chainworks_ForgeTests.swift:1648:41: warning: main actor-isolated conformance of 'WorkflowDefinition' to 'Decodable' cannot be used in nonisolated context; this is an error in the Swift 6 language mode
        let decoded = try JSONDecoder().decode(WorkflowDefinition.self, from: reloadedData)
                                        ^
/Users/user/Documents/Chainworks Forge/Chainworks ForgeTests/Chainworks_ForgeTests.swift:1651:47: warning: main actor-isolated conformance of 'WorkflowDefinition' to 'Encodable' cannot be used in nonisolated context; this is an error in the Swift 6 language mode
        let (_, hash2) = try DefinitionHasher.hash(decoded)
                                              ^
/Users/user/Documents/Chainworks Forge/Chainworks ForgeTests/DaemonLifecycleClientTests.swift:28:46: warning: main actor-isolated conformance of 'DaemonStatus' to 'Decodable' cannot be used in nonisolated context; this is an error in the Swift 6 language mode
        let status = try daemonJSONDecoder().decode(
                                             ^
/Users/user/Documents/Chainworks Forge/Chainworks ForgeTests/DaemonLifecycleClientTests.swift:57:46: warning: main actor-isolated conformance of 'DaemonStatus' to 'Decodable' cannot be used in nonisolated context; this is an error in the Swift 6 language mode
        let status = try daemonJSONDecoder().decode(
                                             ^
/Users/user/Documents/Chainworks Forge/Chainworks ForgeTests/DaemonLifecycleClientTests.swift:85:46: warning: main actor-isolated conformance of 'DaemonStatus' to 'Decodable' cannot be used in nonisolated context; this is an error in the Swift 6 language mode
        let status = try daemonJSONDecoder().decode(
                                             ^
/Users/user/Documents/Chainworks Forge/Chainworks ForgeTests/DaemonLifecycleClientTests.swift:130:13: warning: no calls to throwing functions occur within 'try' expression
            try? URL(fileURLWithPath: NSTemporaryDirectory())
            ^
@__swiftmacro_21Chainworks_ForgeTests0032DeliveryServicesTestsswift_jIADjfMX166_8_6expectfMf_.swift:1:57: warning: main actor-isolated property 'passed' can not be referenced from a nonisolated context
Testing.__checkPropertyAccess(result.self,getting: { $0.passed },expression: .__fromNegation(.__fromPropertyAccess(.__fromSyntaxNode("result"),.__fromSyntaxNode("passed")), false),comments: [],isRequired: false,sourceLocation: Testing.SourceLocation.__here()).__expected()
                                                        ^
/Users/user/Documents/Chainworks Forge/Chainworks ForgeTests/DeliveryServicesTests.swift:167:9: note: in expansion of macro 'expect' here
        #expect(!result.passed)
        ^~~~~~~~~~~~~~~~~~~~~~~
/Users/user/Documents/Chainworks Forge/Chainworks ForgeTests/DeliveryServicesTests.swift:167:9: note: in expansion of macro 'expect' here
        #expect(!result.passed)
        ^~~~~~~~~~~~~~~~~~~~~~~
Chainworks_Forge.DeliveryPreflightService.PreflightResult.passed:3:25: note: property declared here
@MainActor internal let passed: Bool  }
                        ^
@__swiftmacro_21Chainworks_ForgeTests0032DeliveryServicesTestsswift_jIADjfMX167_8_6expectfMf0_.swift:1:56: warning: main actor-isolated property 'id' can not be referenced from a nonisolated context
Testing.__checkValue(result.failedChecks.contains { $0.id == "repo_root" },expression: .__fromSyntaxNode(#"result.failedChecks.contains { $0.id == "repo_root" }"#),comments: [],isRequired: false,sourceLocation: Testing.SourceLocation.__here()).__expected()
                                                       ^
/Users/user/Documents/Chainworks Forge/Chainworks ForgeTests/DeliveryServicesTests.swift:168:9: note: in expansion of macro 'expect' here
        #expect(result.failedChecks.contains { $0.id == "repo_root" })
        ^~~~~~~~~~~~~~~~~~~~~~~~~~~~~~~~~~~~~~~~~~~~~~~~~~~~~~~~~~~~~~
/Users/user/Documents/Chainworks Forge/Chainworks ForgeTests/DeliveryServicesTests.swift:168:9: note: in expansion of macro 'expect' here
        #expect(result.failedChecks.contains { $0.id == "repo_root" })
        ^~~~~~~~~~~~~~~~~~~~~~~~~~~~~~~~~~~~~~~~~~~~~~~~~~~~~~~~~~~~~~
Chainworks_Forge.DeliveryPreflightService.PreflightCheck.id:3:25: note: property declared here
@MainActor internal let id: String  }
                        ^
@__swiftmacro_21Chainworks_ForgeTests0032DeliveryServicesTestsswift_jIADjfMX167_8_6expectfMf0_.swift:1:29: warning: main actor-isolated property 'failedChecks' cannot be accessed from outside of the actor; this is an error in the Swift 6 language mode
Testing.__checkValue(result.failedChecks.contains { $0.id == "repo_root" },expression: .__fromSyntaxNode(#"result.failedChecks.contains { $0.id == "repo_root" }"#),comments: [],isRequired: false,sourceLocation: Testing.SourceLocation.__here()).__expected()
                            ^
/Users/user/Documents/Chainworks Forge/Chainworks ForgeTests/DeliveryServicesTests.swift:168:9: note: in expansion of macro 'expect' here
        #expect(result.failedChecks.contains { $0.id == "repo_root" })
        ^~~~~~~~~~~~~~~~~~~~~~~~~~~~~~~~~~~~~~~~~~~~~~~~~~~~~~~~~~~~~~
/Users/user/Documents/Chainworks Forge/Chainworks ForgeTests/DeliveryServicesTests.swift:168:9: note: in expansion of macro 'expect' here
        #expect(result.failedChecks.contains { $0.id == "repo_root" })
        ^~~~~~~~~~~~~~~~~~~~~~~~~~~~~~~~~~~~~~~~~~~~~~~~~~~~~~~~~~~~~~
@__swiftmacro_21Chainworks_ForgeTests0032DeliveryServicesTestsswift_jIADjfMX187_8_6expectfMf_.swift:1:56: warning: main actor-isolated property 'id' can not be referenced from a nonisolated context
Testing.__checkValue(result.failedChecks.contains { $0.id == "release_target" },expression: .__fromSyntaxNode(#"result.failedChecks.contains { $0.id == "release_target" }"#),comments: [],isRequired: false,sourceLocation: Testing.SourceLocation.__here()).__expected()
                                                       ^
/Users/user/Documents/Chainworks Forge/Chainworks ForgeTests/DeliveryServicesTests.swift:188:9: note: in expansion of macro 'expect' here
        #expect(result.failedChecks.contains { $0.id == "release_target" })
        ^~~~~~~~~~~~~~~~~~~~~~~~~~~~~~~~~~~~~~~~~~~~~~~~~~~~~~~~~~~~~~~~~~~
/Users/user/Documents/Chainworks Forge/Chainworks ForgeTests/DeliveryServicesTests.swift:188:9: note: in expansion of macro 'expect' here
        #expect(result.failedChecks.contains { $0.id == "release_target" })
        ^~~~~~~~~~~~~~~~~~~~~~~~~~~~~~~~~~~~~~~~~~~~~~~~~~~~~~~~~~~~~~~~~~~
Chainworks_Forge.DeliveryPreflightService.PreflightCheck.id:3:25: note: property declared here
@MainActor internal let id: String  }
                        ^
@__swiftmacro_21Chainworks_ForgeTests0032DeliveryServicesTestsswift_jIADjfMX187_8_6expectfMf_.swift:1:29: warning: main actor-isolated property 'failedChecks' cannot be accessed from outside of the actor; this is an error in the Swift 6 language mode
Testing.__checkValue(result.failedChecks.contains { $0.id == "release_target" },expression: .__fromSyntaxNode(#"result.failedChecks.contains { $0.id == "release_target" }"#),comments: [],isRequired: false,sourceLocation: Testing.SourceLocation.__here()).__expected()
                            ^
/Users/user/Documents/Chainworks Forge/Chainworks ForgeTests/DeliveryServicesTests.swift:188:9: note: in expansion of macro 'expect' here
        #expect(result.failedChecks.contains { $0.id == "release_target" })
        ^~~~~~~~~~~~~~~~~~~~~~~~~~~~~~~~~~~~~~~~~~~~~~~~~~~~~~~~~~~~~~~~~~~
/Users/user/Documents/Chainworks Forge/Chainworks ForgeTests/DeliveryServicesTests.swift:188:9: note: in expansion of macro 'expect' here
        #expect(result.failedChecks.contains { $0.id == "release_target" })
        ^~~~~~~~~~~~~~~~~~~~~~~~~~~~~~~~~~~~~~~~~~~~~~~~~~~~~~~~~~~~~~~~~~~

SwiftCompile normal arm64 /Users/user/Documents/Chainworks\ Forge/Chainworks\ ForgeTests/DeliveryServicesTests.swift (in target 'Chainworks ForgeTests' from project 'Chainworks Forge')
    cd /Users/user/Documents/Chainworks\ Forge
    
/Users/user/Documents/Chainworks Forge/Chainworks ForgeTests/Chainworks_ForgeTests.swift:288:21: warning: conformance of 'Run' to 'Sendable' is unavailable: PersistentModels are not Sendable, consider utilizing a ModelActor or use Run's persistentModelID instead; this is an error in the Swift 6 language mode
        let task1 = Task { @MainActor in
                    ^
Chainworks_Forge.Run:3:11: note: conformance of 'Run' to 'Sendable' has been explicitly marked unavailable here
extension Run : Sendable {
          ^
/Users/user/Documents/Chainworks Forge/Chainworks ForgeTests/Chainworks_ForgeTests.swift:288:21: warning: conformance of 'Run' to 'Sendable' is unavailable: PersistentModels are not Sendable, consider utilizing a ModelActor or use Run's persistentModelID instead; this is an error in the Swift 6 language mode
        let task1 = Task { @MainActor in
                    ^
Chainworks_Forge.Run:3:11: note: conformance of 'Run' to 'Sendable' has been explicitly marked unavailable here
extension Run : Sendable {
          ^
/Users/user/Documents/Chainworks Forge/Chainworks ForgeTests/Chainworks_ForgeTests.swift:288:13: warning: conformance of 'Run' to 'Sendable' is unavailable: PersistentModels are not Sendable, consider utilizing a ModelActor or use Run's persistentModelID instead; this is an error in the Swift 6 language mode
        let task1 = Task { @MainActor in
            ^
Chainworks_Forge.Run:3:11: note: conformance of 'Run' to 'Sendable' has been explicitly marked unavailable here
extension Run : Sendable {
          ^
/Users/user/Documents/Chainworks Forge/Chainworks ForgeTests/Chainworks_ForgeTests.swift:295:21: warning: conformance of 'Run' to 'Sendable' is unavailable: PersistentModels are not Sendable, consider utilizing a ModelActor or use Run's persistentModelID instead; this is an error in the Swift 6 language mode
        let task2 = Task { @MainActor in
                    ^
Chainworks_Forge.Run:3:11: note: conformance of 'Run' to 'Sendable' has been explicitly marked unavailable here
extension Run : Sendable {
          ^
/Users/user/Documents/Chainworks Forge/Chainworks ForgeTests/Chainworks_ForgeTests.swift:295:21: warning: conformance of 'Run' to 'Sendable' is unavailable: PersistentModels are not Sendable, consider utilizing a ModelActor or use Run's persistentModelID instead; this is an error in the Swift 6 language mode
        let task2 = Task { @MainActor in
                    ^
Chainworks_Forge.Run:3:11: note: conformance of 'Run' to 'Sendable' has been explicitly marked unavailable here
extension Run : Sendable {
          ^
/Users/user/Documents/Chainworks Forge/Chainworks ForgeTests/Chainworks_ForgeTests.swift:295:13: warning: conformance of 'Run' to 'Sendable' is unavailable: PersistentModels are not Sendable, consider utilizing a ModelActor or use Run's persistentModelID instead; this is an error in the Swift 6 language mode
        let task2 = Task { @MainActor in
            ^
Chainworks_Forge.Run:3:11: note: conformance of 'Run' to 'Sendable' has been explicitly marked unavailable here
extension Run : Sendable {
          ^
/Users/user/Documents/Chainworks Forge/Chainworks ForgeTests/Chainworks_ForgeTests.swift:305:34: warning: conformance of 'Run' to 'Sendable' is unavailable: PersistentModels are not Sendable, consider utilizing a ModelActor or use Run's persistentModelID instead; this is an error in the Swift 6 language mode
        do { _ = try await task1.value; successCount += 1 } catch { failureCount += 1 }
                                 ^
Chainworks_Forge.Run:3:11: note: conformance of 'Run' to 'Sendable' has been explicitly marked unavailable here
extension Run : Sendable {
          ^
/Users/user/Documents/Chainworks Forge/Chainworks ForgeTests/Chainworks_ForgeTests.swift:306:34: warning: conformance of 'Run' to 'Sendable' is unavailable: PersistentModels are not Sendable, consider utilizing a ModelActor or use Run's persistentModelID instead; this is an error in the Swift 6 language mode
        do { _ = try await task2.value; successCount += 1 } catch { failureCount += 1 }
                                 ^
Chainworks_Forge.Run:3:11: note: conformance of 'Run' to 'Sendable' has been explicitly marked unavailable here
extension Run : Sendable {
          ^
/Users/user/Documents/Chainworks Forge/Chainworks ForgeTests/Chainworks_ForgeTests.swift:305:28: warning: non-Sendable type 'Task<Run, any Error>' cannot exit main actor-isolated context in call to nonisolated property 'value'; this is an error in the Swift 6 language mode
        do { _ = try await task1.value; successCount += 1 } catch { failureCount += 1 }
                           ^
_Concurrency.Task:2:23: note: generic struct 'Task' does not conform to the 'Sendable' protocol
@frozen public struct Task<Success, Failure> : Sendable where Success : Sendable, Failure : Error {
                      ^
/Users/user/Documents/Chainworks Forge/Chainworks ForgeTests/Chainworks_ForgeTests.swift:305:34: warning: non-Sendable type 'Run' of nonisolated property 'value' cannot be sent to main actor-isolated context; this is an error in the Swift 6 language mode
        do { _ = try await task1.value; successCount += 1 } catch { failureCount += 1 }
                                 ^
Chainworks_Forge.Run:1:22: note: class 'Run' does not conform to the 'Sendable' protocol
final internal class Run {
                     ^
/Users/user/Documents/Chainworks Forge/Chainworks ForgeTests/Chainworks_ForgeTests.swift:306:28: warning: non-Sendable type 'Task<Run, any Error>' cannot exit main actor-isolated context in call to nonisolated property 'value'; this is an error in the Swift 6 language mode
        do { _ = try await task2.value; successCount += 1 } catch { failureCount += 1 }
                           ^
_Concurrency.Task:2:23: note: generic struct 'Task' does not conform to the 'Sendable' protocol
@frozen public struct Task<Success, Failure> : Sendable where Success : Sendable, Failure : Error {
                      ^
/Users/user/Documents/Chainworks Forge/Chainworks ForgeTests/Chainworks_ForgeTests.swift:306:34: warning: non-Sendable type 'Run' of nonisolated property 'value' cannot be sent to main actor-isolated context; this is an error in the Swift 6 language mode
        do { _ = try await task2.value; successCount += 1 } catch { failureCount += 1 }
                                 ^
Chainworks_Forge.Run:1:22: note: class 'Run' does not conform to the 'Sendable' protocol
final internal class Run {
                     ^
/Users/user/Documents/Chainworks Forge/Chainworks ForgeTests/Chainworks_ForgeTests.swift:1591:47: warning: main actor-isolated conformance of 'ExecutionConfig' to 'Encodable' cannot be used in nonisolated context; this is an error in the Swift 6 language mode
            let result = try DefinitionHasher.hash(config)
                                              ^
/Users/user/Documents/Chainworks Forge/Chainworks ForgeTests/Chainworks_ForgeTests.swift:1600:39: warning: main actor-isolated conformance of 'ExecutionConfig' to 'Encodable' cannot be used in nonisolated context; this is an error in the Swift 6 language mode
        let h1 = try DefinitionHasher.hash(c1).sha256
                                      ^
/Users/user/Documents/Chainworks Forge/Chainworks ForgeTests/Chainworks_ForgeTests.swift:1601:39: warning: main actor-isolated conformance of 'ExecutionConfig' to 'Encodable' cannot be used in nonisolated context; this is an error in the Swift 6 language mode
        let h2 = try DefinitionHasher.hash(c2).sha256
                                      ^
/Users/user/Documents/Chainworks Forge/Chainworks ForgeTests/Chainworks_ForgeTests.swift:1607:50: warning: main actor-isolated conformance of 'WorkflowDefinition' to 'Encodable' cannot be used in nonisolated context; this is an error in the Swift 6 language mode
        let (data, hash1) = try DefinitionHasher.hash(workflow)
                                                 ^
/Users/user/Documents/Chainworks Forge/Chainworks ForgeTests/Chainworks_ForgeTests.swift:1610:41: warning: main actor-isolated conformance of 'WorkflowDefinition' to 'Decodable' cannot be used in nonisolated context; this is an error in the Swift 6 language mode
        let decoded = try JSONDecoder().decode(WorkflowDefinition.self, from: data)
                                        ^
/Users/user/Documents/Chainworks Forge/Chainworks ForgeTests/Chainworks_ForgeTests.swift:1611:47: warning: main actor-isolated conformance of 'WorkflowDefinition' to 'Encodable' cannot be used in nonisolated context; this is an error in the Swift 6 language mode
        let (_, hash2) = try DefinitionHasher.hash(decoded)
                                              ^
/Users/user/Documents/Chainworks Forge/Chainworks ForgeTests/Chainworks_ForgeTests.swift:1617:50: warning: main actor-isolated conformance of 'AgentCatalog' to 'Encodable' cannot be used in nonisolated context; this is an error in the Swift 6 language mode
        let (data, hash1) = try DefinitionHasher.hash(catalog)
                                                 ^
/Users/user/Documents/Chainworks Forge/Chainworks ForgeTests/Chainworks_ForgeTests.swift:1620:41: warning: main actor-isolated conformance of 'AgentCatalog' to 'Decodable' cannot be used in nonisolated context; this is an error in the Swift 6 language mode
        let decoded = try JSONDecoder().decode(AgentCatalog.self, from: data)
                                        ^
/Users/user/Documents/Chainworks Forge/Chainworks ForgeTests/Chainworks_ForgeTests.swift:1621:47: warning: main actor-isolated conformance of 'AgentCatalog' to 'Encodable' cannot be used in nonisolated context; this is an error in the Swift 6 language mode
        let (_, hash2) = try DefinitionHasher.hash(decoded)
                                              ^
/Users/user/Documents/Chainworks Forge/Chainworks ForgeTests/Chainworks_ForgeTests.swift:1630:47: warning: main actor-isolated conformance of 'AgentCatalog' to 'Encodable' cannot be used in nonisolated context; this is an error in the Swift 6 language mode
            let result = try DefinitionHasher.hash(catalog)
                                              ^
/Users/user/Documents/Chainworks Forge/Chainworks ForgeTests/Chainworks_ForgeTests.swift:1639:50: warning: main actor-isolated conformance of 'WorkflowDefinition' to 'Encodable' cannot be used in nonisolated context; this is an error in the Swift 6 language mode
        let (data, hash1) = try DefinitionHasher.hash(workflow)
                                                 ^
/Users/user/Documents/Chainworks Forge/Chainworks ForgeTests/Chainworks_ForgeTests.swift:1648:41: warning: main actor-isolated conformance of 'WorkflowDefinition' to 'Decodable' cannot be used in nonisolated context; this is an error in the Swift 6 language mode
        let decoded = try JSONDecoder().decode(WorkflowDefinition.self, from: reloadedData)
                                        ^
/Users/user/Documents/Chainworks Forge/Chainworks ForgeTests/Chainworks_ForgeTests.swift:1651:47: warning: main actor-isolated conformance of 'WorkflowDefinition' to 'Encodable' cannot be used in nonisolated context; this is an error in the Swift 6 language mode
        let (_, hash2) = try DefinitionHasher.hash(decoded)
                                              ^
/Users/user/Documents/Chainworks Forge/Chainworks ForgeTests/DeliveryServicesTests.swift:26:38: warning: main actor-isolated conformance of 'DeliveryConfiguration' to 'Encodable' cannot be used in nonisolated context; this is an error in the Swift 6 language mode
        let data = try JSONEncoder().encode(config)
                                     ^
/Users/user/Documents/Chainworks Forge/Chainworks ForgeTests/DeliveryServicesTests.swift:27:41: warning: main actor-isolated conformance of 'DeliveryConfiguration' to 'Decodable' cannot be used in nonisolated context; this is an error in the Swift 6 language mode
        let decoded = try JSONDecoder().decode(DeliveryConfiguration.self, from: data)
                                        ^
@__swiftmacro_21Chainworks_ForgeTests0032DeliveryServicesTestsswift_jIADjfMX166_8_6expectfMf_.swift:1:57: warning: main actor-isolated property 'passed' can not be referenced from a nonisolated context
Testing.__checkPropertyAccess(result.self,getting: { $0.passed },expression: .__fromNegation(.__fromPropertyAccess(.__fromSyntaxNode("result"),.__fromSyntaxNode("passed")), false),comments: [],isRequired: false,sourceLocation: Testing.SourceLocation.__here()).__expected()
                                                        ^
/Users/user/Documents/Chainworks Forge/Chainworks ForgeTests/DeliveryServicesTests.swift:167:9: note: in expansion of macro 'expect' here
        #expect(!result.passed)
        ^~~~~~~~~~~~~~~~~~~~~~~
/Users/user/Documents/Chainworks Forge/Chainworks ForgeTests/DeliveryServicesTests.swift:167:9: note: in expansion of macro 'expect' here
        #expect(!result.passed)
        ^~~~~~~~~~~~~~~~~~~~~~~
Chainworks_Forge.DeliveryPreflightService.PreflightResult.passed:3:25: note: property declared here
@MainActor internal let passed: Bool  }
                        ^
@__swiftmacro_21Chainworks_ForgeTests0032DeliveryServicesTestsswift_jIADjfMX167_8_6expectfMf0_.swift:1:56: warning: main actor-isolated property 'id' can not be referenced from a nonisolated context
Testing.__checkValue(result.failedChecks.contains { $0.id == "repo_root" },expression: .__fromSyntaxNode(#"result.failedChecks.contains { $0.id == "repo_root" }"#),comments: [],isRequired: false,sourceLocation: Testing.SourceLocation.__here()).__expected()
                                                       ^
/Users/user/Documents/Chainworks Forge/Chainworks ForgeTests/DeliveryServicesTests.swift:168:9: note: in expansion of macro 'expect' here
        #expect(result.failedChecks.contains { $0.id == "repo_root" })
        ^~~~~~~~~~~~~~~~~~~~~~~~~~~~~~~~~~~~~~~~~~~~~~~~~~~~~~~~~~~~~~
/Users/user/Documents/Chainworks Forge/Chainworks ForgeTests/DeliveryServicesTests.swift:168:9: note: in expansion of macro 'expect' here
        #expect(result.failedChecks.contains { $0.id == "repo_root" })
        ^~~~~~~~~~~~~~~~~~~~~~~~~~~~~~~~~~~~~~~~~~~~~~~~~~~~~~~~~~~~~~
Chainworks_Forge.DeliveryPreflightService.PreflightCheck.id:3:25: note: property declared here
@MainActor internal let id: String  }
                        ^
/Users/user/Documents/Chainworks Forge/Chainworks ForgeTests/DeliveryServicesTests.swift:152:22: warning: main actor-isolated initializer 'init(profileID:profileLabel:sampleProfileID:repoIdentifier:repoRoot:baseBranch:worktreeBasePath:targetBranch:releaseTargetID:releaseTargetLabel:releaseMode:)' cannot be called from outside of the actor; this is an error in the Swift 6 language mode
        let config = DeliveryConfiguration(
                     ^~~~~~~~~~~~~~~~~~~~~~
                     await 
/Users/user/Documents/Chainworks Forge/Chainworks ForgeTests/DeliveryServicesTests.swift:164:23: warning: main actor-isolated initializer 'init()' cannot be called from outside of the actor; this is an error in the Swift 6 language mode
        let service = DeliveryPreflightService()
                      ^~~~~~~~~~~~~~~~~~~~~~~~~~
                      await 
@__swiftmacro_21Chainworks_ForgeTests0032DeliveryServicesTestsswift_jIADjfMX167_8_6expectfMf0_.swift:1:29: warning: main actor-isolated property 'failedChecks' cannot be accessed from outside of the actor; this is an error in the Swift 6 language mode
Testing.__checkValue(result.failedChecks.contains { $0.id == "repo_root" },expression: .__fromSyntaxNode(#"result.failedChecks.contains { $0.id == "repo_root" }"#),comments: [],isRequired: false,sourceLocation: Testing.SourceLocation.__here()).__expected()
                            ^
/Users/user/Documents/Chainworks Forge/Chainworks ForgeTests/DeliveryServicesTests.swift:168:9: note: in expansion of macro 'expect' here
        #expect(result.failedChecks.contains { $0.id == "repo_root" })
        ^~~~~~~~~~~~~~~~~~~~~~~~~~~~~~~~~~~~~~~~~~~~~~~~~~~~~~~~~~~~~~
/Users/user/Documents/Chainworks Forge/Chainworks ForgeTests/DeliveryServicesTests.swift:168:9: note: in expansion of macro 'expect' here
        #expect(result.failedChecks.contains { $0.id == "repo_root" })
        ^~~~~~~~~~~~~~~~~~~~~~~~~~~~~~~~~~~~~~~~~~~~~~~~~~~~~~~~~~~~~~
@__swiftmacro_21Chainworks_ForgeTests0032DeliveryServicesTestsswift_jIADjfMX187_8_6expectfMf_.swift:1:56: warning: main actor-isolated property 'id' can not be referenced from a nonisolated context
Testing.__checkValue(result.failedChecks.contains { $0.id == "release_target" },expression: .__fromSyntaxNode(#"result.failedChecks.contains { $0.id == "release_target" }"#),comments: [],isRequired: false,sourceLocation: Testing.SourceLocation.__here()).__expected()
                                                       ^
/Users/user/Documents/Chainworks Forge/Chainworks ForgeTests/DeliveryServicesTests.swift:188:9: note: in expansion of macro 'expect' here
        #expect(result.failedChecks.contains { $0.id == "release_target" })
        ^~~~~~~~~~~~~~~~~~~~~~~~~~~~~~~~~~~~~~~~~~~~~~~~~~~~~~~~~~~~~~~~~~~
/Users/user/Documents/Chainworks Forge/Chainworks ForgeTests/DeliveryServicesTests.swift:188:9: note: in expansion of macro 'expect' here
        #expect(result.failedChecks.contains { $0.id == "release_target" })
        ^~~~~~~~~~~~~~~~~~~~~~~~~~~~~~~~~~~~~~~~~~~~~~~~~~~~~~~~~~~~~~~~~~~
Chainworks_Forge.DeliveryPreflightService.PreflightCheck.id:3:25: note: property declared here
@MainActor internal let id: String  }
                        ^
/Users/user/Documents/Chainworks Forge/Chainworks ForgeTests/DeliveryServicesTests.swift:173:22: warning: main actor-isolated initializer 'init(profileID:profileLabel:sampleProfileID:repoIdentifier:repoRoot:baseBranch:worktreeBasePath:targetBranch:releaseTargetID:releaseTargetLabel:releaseMode:)' cannot be called from outside of the actor; this is an error in the Swift 6 language mode
        let config = DeliveryConfiguration(
                     ^~~~~~~~~~~~~~~~~~~~~~
                     await 
/Users/user/Documents/Chainworks Forge/Chainworks ForgeTests/DeliveryServicesTests.swift:185:23: warning: main actor-isolated initializer 'init()' cannot be called from outside of the actor; this is an error in the Swift 6 language mode
        let service = DeliveryPreflightService()
                      ^~~~~~~~~~~~~~~~~~~~~~~~~~
                      await 
@__swiftmacro_21Chainworks_ForgeTests0032DeliveryServicesTestsswift_jIADjfMX187_8_6expectfMf_.swift:1:29: warning: main actor-isolated property 'failedChecks' cannot be accessed from outside of the actor; this is an error in the Swift 6 language mode
Testing.__checkValue(result.failedChecks.contains { $0.id == "release_target" },expression: .__fromSyntaxNode(#"result.failedChecks.contains { $0.id == "release_target" }"#),comments: [],isRequired: false,sourceLocation: Testing.SourceLocation.__here()).__expected()
                            ^
/Users/user/Documents/Chainworks Forge/Chainworks ForgeTests/DeliveryServicesTests.swift:188:9: note: in expansion of macro 'expect' here
        #expect(result.failedChecks.contains { $0.id == "release_target" })
        ^~~~~~~~~~~~~~~~~~~~~~~~~~~~~~~~~~~~~~~~~~~~~~~~~~~~~~~~~~~~~~~~~~~
/Users/user/Documents/Chainworks Forge/Chainworks ForgeTests/DeliveryServicesTests.swift:188:9: note: in expansion of macro 'expect' here
        #expect(result.failedChecks.contains { $0.id == "release_target" })
        ^~~~~~~~~~~~~~~~~~~~~~~~~~~~~~~~~~~~~~~~~~~~~~~~~~~~~~~~~~~~~~~~~~~

SwiftCompile normal arm64 Compiling\ LiveProposalWorkflowTests.swift,\ MVPGoldenRunTests.swift,\ OrchestratorTests.swift,\ PackagedBinaryTests.swift,\ PersistentStoreRepairTests.swift,\ ProcessSupportTests.swift /Users/user/Documents/Chainworks\ Forge/Chainworks\ ForgeTests/LiveProposalWorkflowTests.swift /Users/user/Documents/Chainworks\ Forge/Chainworks\ ForgeTests/MVPGoldenRunTests.swift /Users/user/Documents/Chainworks\ Forge/Chainworks\ ForgeTests/OrchestratorTests.swift /Users/user/Documents/Chainworks\ Forge/Chainworks\ ForgeTests/PackagedBinaryTests.swift /Users/user/Documents/Chainworks\ Forge/Chainworks\ ForgeTests/PersistentStoreRepairTests.swift /Users/user/Documents/Chainworks\ Forge/Chainworks\ ForgeTests/ProcessSupportTests.swift (in target 'Chainworks ForgeTests' from project 'Chainworks Forge')

SwiftCompile normal arm64 /Users/user/Documents/Chainworks\ Forge/Chainworks\ ForgeTests/LiveProposalWorkflowTests.swift (in target 'Chainworks ForgeTests' from project 'Chainworks Forge')
    cd /Users/user/Documents/Chainworks\ Forge
    

SwiftCompile normal arm64 /Users/user/Documents/Chainworks\ Forge/Chainworks\ ForgeTests/MVPGoldenRunTests.swift (in target 'Chainworks ForgeTests' from project 'Chainworks Forge')
    cd /Users/user/Documents/Chainworks\ Forge
    

SwiftCompile normal arm64 /Users/user/Documents/Chainworks\ Forge/Chainworks\ ForgeTests/OrchestratorTests.swift (in target 'Chainworks ForgeTests' from project 'Chainworks Forge')
    cd /Users/user/Documents/Chainworks\ Forge
    
/Users/user/Documents/Chainworks Forge/Chainworks ForgeTests/OrchestratorTests.swift:171:42: warning: call to main actor-isolated initializer 'init(outputs:logSnippet:costCents:succeeded:errorMessage:sessionID:durationSeconds:providerReceipt:resolvedModel:configuredProviderID:adapterVersion:canonicalOutcome:supervisionClassification:sessionLineageID:sessionGenerationID:sessionReuseDisposition:sessionCheckpoint:transportErrorKind:providerStopReason:outputPresence:runtimeProvider:runtimeModel:mcpProfileID:requestedMCPExtensions:effectiveMCPRuntimeExtensionIDs:deniedMCPExtensions:mcpSessionStartupLatencyMilliseconds:mcpServerMetrics:accumulatedText:codexTelemetry:outcomeEnvelope:lazyEvidenceArtifactHits:)' in a synchronous nonisolated context
            resultsByAgentID[agentID] ?? AgentResult(
                                         ^
Chainworks_Forge.AgentResult.init:2:21: note: calls to initializer 'init(outputs:logSnippet:costCents:succeeded:errorMessage:sessionID:durationSeconds:providerReceipt:resolvedModel:configuredProviderID:adapterVersion:canonicalOutcome:supervisionClassification:sessionLineageID:sessionGenerationID:sessionReuseDisposition:sessionCheckpoint:transportErrorKind:providerStopReason:outputPresence:runtimeProvider:runtimeModel:mcpProfileID:requestedMCPExtensions:effectiveMCPRuntimeExtensionIDs:deniedMCPExtensions:mcpSessionStartupLatencyMilliseconds:mcpServerMetrics:accumulatedText:codexTelemetry:outcomeEnvelope:lazyEvidenceArtifactHits:)' from outside of its actor context are implicitly asynchronous
@MainActor internal init(outputs: [String : Data], logSnippet: String?, costCents: Int64?, succeeded: Bool, errorMessage: String?, sessionID: String?, durationSeconds: Double, providerReceipt: Chainworks_Forge.ProviderExecutionReceipt?, resolvedModel: String?, configuredProviderID: UUID?, adapterVersion: String?, canonicalOutcome: Chainworks_Forge.AgentCanonicalOutcome? = nil, supervisionClassification: Chainworks_Forge.SupervisionClassification? = nil, sessionLineageID: UUID? = nil, sessionGenerationID: UUID? = nil, sessionReuseDisposition: Chainworks_Forge.SessionReuseDisposition? = nil, sessionCheckpoint: Chainworks_Forge.AgentSessionCheckpoint? = nil, transportErrorKind: Chainworks_Forge.TransportErrorKind? = nil, providerStopReason: String? = nil, outputPresence: Chainworks_Forge.OutputPresence = .none, runtimeProvider: String? = nil, runtimeModel: String? = nil, mcpProfileID: String? = nil, requestedMCPExtensions: [String] = [], effectiveMCPRuntimeExtensionIDs: [String] = [], deniedMCPExtensions: [String] = [], mcpSessionStartupLatencyMilliseconds: Int? = nil, mcpServerMetrics: [Chainworks_Forge.MCPServerExecutionMetric] = [], accumulatedText: String? = nil, codexTelemetry: Chainworks_Forge.CodexReceiptTelemetry? = nil, outcomeEnvelope: Chainworks_Forge.OutcomeEnvelope? = nil, lazyEvidenceArtifactHits: [String] = [])}
                    ^
/Users/user/Documents/Chainworks Forge/Chainworks ForgeTests/OrchestratorTests.swift:208:24: warning: main actor-isolated initializer 'init(outputs:logSnippet:costCents:succeeded:errorMessage:sessionID:durationSeconds:providerReceipt:resolvedModel:configuredProviderID:adapterVersion:canonicalOutcome:supervisionClassification:sessionLineageID:sessionGenerationID:sessionReuseDisposition:sessionCheckpoint:transportErrorKind:providerStopReason:outputPresence:runtimeProvider:runtimeModel:mcpProfileID:requestedMCPExtensions:effectiveMCPRuntimeExtensionIDs:deniedMCPExtensions:mcpSessionStartupLatencyMilliseconds:mcpServerMetrics:accumulatedText:codexTelemetry:outcomeEnvelope:lazyEvidenceArtifactHits:)' cannot be called from outside of the actor; this is an error in the Swift 6 language mode
                return AgentResult(
                       ^~~~~~~~~~~~
                       await 
/Users/user/Documents/Chainworks Forge/Chainworks ForgeTests/OrchestratorTests.swift:230:20: warning: main actor-isolated initializer 'init(outputs:logSnippet:costCents:succeeded:errorMessage:sessionID:durationSeconds:providerReceipt:resolvedModel:configuredProviderID:adapterVersion:canonicalOutcome:supervisionClassification:sessionLineageID:sessionGenerationID:sessionReuseDisposition:sessionCheckpoint:transportErrorKind:providerStopReason:outputPresence:runtimeProvider:runtimeModel:mcpProfileID:requestedMCPExtensions:effectiveMCPRuntimeExtensionIDs:deniedMCPExtensions:mcpSessionStartupLatencyMilliseconds:mcpServerMetrics:accumulatedText:codexTelemetry:outcomeEnvelope:lazyEvidenceArtifactHits:)' cannot be called from outside of the actor; this is an error in the Swift 6 language mode
            return AgentResult(
                   ^~~~~~~~~~~~
                   await 
/Users/user/Documents/Chainworks Forge/Chainworks ForgeTests/OrchestratorTests.swift:286:20: warning: main actor-isolated initializer 'init(outputs:logSnippet:costCents:succeeded:errorMessage:sessionID:durationSeconds:providerReceipt:resolvedModel:configuredProviderID:adapterVersion:canonicalOutcome:supervisionClassification:sessionLineageID:sessionGenerationID:sessionReuseDisposition:sessionCheckpoint:transportErrorKind:providerStopReason:outputPresence:runtimeProvider:runtimeModel:mcpProfileID:requestedMCPExtensions:effectiveMCPRuntimeExtensionIDs:deniedMCPExtensions:mcpSessionStartupLatencyMilliseconds:mcpServerMetrics:accumulatedText:codexTelemetry:outcomeEnvelope:lazyEvidenceArtifactHits:)' cannot be called from outside of the actor; this is an error in the Swift 6 language mode
            return AgentResult(
                   ^~~~~~~~~~~~
                   await 
/Users/user/Documents/Chainworks Forge/Chainworks ForgeTests/OrchestratorTests.swift:1505:42: warning: assuming you mean 'Optional<OutputPresence>.none'; did you mean 'OutputPresence.none' instead?
        priorExecution.outputPresence = .none
                                         ^
/Users/user/Documents/Chainworks Forge/Chainworks ForgeTests/OrchestratorTests.swift:1505:41: note: explicitly specify 'Optional' to silence this warning
        priorExecution.outputPresence = .none
                                        ^
                                        Optional
/Users/user/Documents/Chainworks Forge/Chainworks ForgeTests/OrchestratorTests.swift:1505:41: note: use 'OutputPresence.none' instead
        priorExecution.outputPresence = .none
                                        ^
                                        OutputPresence
/Users/user/Documents/Chainworks Forge/Chainworks ForgeTests/OrchestratorTests.swift:1505:41: note: explicitly specify 'Optional' to silence this warning
        priorExecution.outputPresence = .none
                                        ^
                                        Optional
/Users/user/Documents/Chainworks Forge/Chainworks ForgeTests/OrchestratorTests.swift:1505:41: note: use 'OutputPresence.none' instead
        priorExecution.outputPresence = .none
                                        ^
                                        OutputPresence
/Users/user/Documents/Chainworks Forge/Chainworks ForgeTests/OrchestratorTests.swift:1720:42: warning: assuming you mean 'Optional<OutputPresence>.none'; did you mean 'OutputPresence.none' instead?
        priorExecution.outputPresence = .none
                                         ^
/Users/user/Documents/Chainworks Forge/Chainworks ForgeTests/OrchestratorTests.swift:1720:41: note: explicitly specify 'Optional' to silence this warning
        priorExecution.outputPresence = .none
                                        ^
                                        Optional
/Users/user/Documents/Chainworks Forge/Chainworks ForgeTests/OrchestratorTests.swift:1720:41: note: use 'OutputPresence.none' instead
        priorExecution.outputPresence = .none
                                        ^
                                        OutputPresence
/Users/user/Documents/Chainworks Forge/Chainworks ForgeTests/OrchestratorTests.swift:1720:41: note: explicitly specify 'Optional' to silence this warning
        priorExecution.outputPresence = .none
                                        ^
                                        Optional
/Users/user/Documents/Chainworks Forge/Chainworks ForgeTests/OrchestratorTests.swift:1720:41: note: use 'OutputPresence.none' instead
        priorExecution.outputPresence = .none
                                        ^
                                        OutputPresence
/Users/user/Documents/Chainworks Forge/Chainworks ForgeTests/OrchestratorTests.swift:1885:42: warning: assuming you mean 'Optional<OutputPresence>.none'; did you mean 'OutputPresence.none' instead?
        priorExecution.outputPresence = .none
                                         ^
/Users/user/Documents/Chainworks Forge/Chainworks ForgeTests/OrchestratorTests.swift:1885:41: note: explicitly specify 'Optional' to silence this warning
        priorExecution.outputPresence = .none
                                        ^
                                        Optional
/Users/user/Documents/Chainworks Forge/Chainworks ForgeTests/OrchestratorTests.swift:1885:41: note: use 'OutputPresence.none' instead
        priorExecution.outputPresence = .none
                                        ^
                                        OutputPresence
/Users/user/Documents/Chainworks Forge/Chainworks ForgeTests/OrchestratorTests.swift:1885:41: note: explicitly specify 'Optional' to silence this warning
        priorExecution.outputPresence = .none
                                        ^
                                        Optional
/Users/user/Documents/Chainworks Forge/Chainworks ForgeTests/OrchestratorTests.swift:1885:41: note: use 'OutputPresence.none' instead
        priorExecution.outputPresence = .none
                                        ^
                                        OutputPresence

SwiftCompile normal arm64 /Users/user/Documents/Chainworks\ Forge/Chainworks\ ForgeTests/PackagedBinaryTests.swift (in target 'Chainworks ForgeTests' from project 'Chainworks Forge')
    cd /Users/user/Documents/Chainworks\ Forge
    

SwiftCompile normal arm64 /Users/user/Documents/Chainworks\ Forge/Chainworks\ ForgeTests/PersistentStoreRepairTests.swift (in target 'Chainworks ForgeTests' from project 'Chainworks Forge')
    cd /Users/user/Documents/Chainworks\ Forge
    

SwiftCompile normal arm64 /Users/user/Documents/Chainworks\ Forge/Chainworks\ ForgeTests/ProcessSupportTests.swift (in target 'Chainworks ForgeTests' from project 'Chainworks Forge')
    cd /Users/user/Documents/Chainworks\ Forge
    

SwiftCompile normal arm64 Compiling\ AgentSessionTests.swift,\ AppTerminationCoordinatorTests.swift,\ ArtifactContentRendererTests.swift,\ ArtifactManagerTests.swift,\ ArtifactPathClipboardTests.swift,\ ArtifactValidationTests.swift /Users/user/Documents/Chainworks\ Forge/Chainworks\ ForgeTests/AgentSessionTests.swift /Users/user/Documents/Chainworks\ Forge/Chainworks\ ForgeTests/AppTerminationCoordinatorTests.swift /Users/user/Documents/Chainworks\ Forge/Chainworks\ ForgeTests/ArtifactContentRendererTests.swift /Users/user/Documents/Chainworks\ Forge/Chainworks\ ForgeTests/ArtifactManagerTests.swift /Users/user/Documents/Chainworks\ Forge/Chainworks\ ForgeTests/ArtifactPathClipboardTests.swift /Users/user/Documents/Chainworks\ Forge/Chainworks\ ForgeTests/ArtifactValidationTests.swift (in target 'Chainworks ForgeTests' from project 'Chainworks Forge')

SwiftCompile normal arm64 /Users/user/Documents/Chainworks\ Forge/Chainworks\ ForgeTests/AgentSessionTests.swift (in target 'Chainworks ForgeTests' from project 'Chainworks Forge')
    cd /Users/user/Documents/Chainworks\ Forge
    

SwiftCompile normal arm64 /Users/user/Documents/Chainworks\ Forge/Chainworks\ ForgeTests/AppTerminationCoordinatorTests.swift (in target 'Chainworks ForgeTests' from project 'Chainworks Forge')
    cd /Users/user/Documents/Chainworks\ Forge
    

SwiftCompile normal arm64 /Users/user/Documents/Chainworks\ Forge/Chainworks\ ForgeTests/ArtifactContentRendererTests.swift (in target 'Chainworks ForgeTests' from project 'Chainworks Forge')
    cd /Users/user/Documents/Chainworks\ Forge
    

SwiftCompile normal arm64 /Users/user/Documents/Chainworks\ Forge/Chainworks\ ForgeTests/ArtifactManagerTests.swift (in target 'Chainworks ForgeTests' from project 'Chainworks Forge')
    cd /Users/user/Documents/Chainworks\ Forge
    

SwiftCompile normal arm64 /Users/user/Documents/Chainworks\ Forge/Chainworks\ ForgeTests/ArtifactPathClipboardTests.swift (in target 'Chainworks ForgeTests' from project 'Chainworks Forge')
    cd /Users/user/Documents/Chainworks\ Forge
    

SwiftCompile normal arm64 /Users/user/Documents/Chainworks\ Forge/Chainworks\ ForgeTests/ArtifactValidationTests.swift (in target 'Chainworks ForgeTests' from project 'Chainworks Forge')
    cd /Users/user/Documents/Chainworks\ Forge
    

SwiftCompile normal arm64 Compiling\ TestTags.swift,\ TransitionEvaluatorTests.swift,\ WorkflowMapProjectionTests.swift,\ WorkspaceIsolationTests.swift,\ WorktreeProvisionerTests.swift /Users/user/Documents/Chainworks\ Forge/Chainworks\ ForgeTests/TestTags.swift /Users/user/Documents/Chainworks\ Forge/Chainworks\ ForgeTests/TransitionEvaluatorTests.swift /Users/user/Documents/Chainworks\ Forge/Chainworks\ ForgeTests/WorkflowMapProjectionTests.swift /Users/user/Documents/Chainworks\ Forge/Chainworks\ ForgeTests/WorkspaceIsolationTests.swift /Users/user/Documents/Chainworks\ Forge/Chainworks\ ForgeTests/WorktreeProvisionerTests.swift (in target 'Chainworks ForgeTests' from project 'Chainworks Forge')

SwiftCompile normal arm64 /Users/user/Documents/Chainworks\ Forge/Chainworks\ ForgeTests/TestTags.swift (in target 'Chainworks ForgeTests' from project 'Chainworks Forge')
    cd /Users/user/Documents/Chainworks\ Forge
    
/Users/user/Documents/Chainworks Forge/Chainworks ForgeTests/WorkflowMapProjectionTests.swift:522:41: warning: assuming you mean 'Optional<OutputPresence>.none'; did you mean 'OutputPresence.none' instead?
        failedAttempt.outputPresence = .none
                                        ^
/Users/user/Documents/Chainworks Forge/Chainworks ForgeTests/WorkflowMapProjectionTests.swift:522:40: note: explicitly specify 'Optional' to silence this warning
        failedAttempt.outputPresence = .none
                                       ^
                                       Optional
/Users/user/Documents/Chainworks Forge/Chainworks ForgeTests/WorkflowMapProjectionTests.swift:522:40: note: use 'OutputPresence.none' instead
        failedAttempt.outputPresence = .none
                                       ^
                                       OutputPresence
/Users/user/Documents/Chainworks Forge/Chainworks ForgeTests/WorkflowMapProjectionTests.swift:522:40: note: explicitly specify 'Optional' to silence this warning
        failedAttempt.outputPresence = .none
                                       ^
                                       Optional
/Users/user/Documents/Chainworks Forge/Chainworks ForgeTests/WorkflowMapProjectionTests.swift:522:40: note: use 'OutputPresence.none' instead
        failedAttempt.outputPresence = .none
                                       ^
                                       OutputPresence
/Users/user/Documents/Chainworks Forge/Chainworks ForgeTests/WorkflowMapProjectionTests.swift:537:50: warning: assuming you mean 'Optional<OutputPresence>.none'; did you mean 'OutputPresence.none' instead?
        #expect(snapshotAgent.outputPresence == .none)
                                                 ^
/Users/user/Documents/Chainworks Forge/Chainworks ForgeTests/WorkflowMapProjectionTests.swift:537:49: note: explicitly specify 'Optional' to silence this warning
        #expect(snapshotAgent.outputPresence == .none)
                                                ^
                                                Optional
/Users/user/Documents/Chainworks Forge/Chainworks ForgeTests/WorkflowMapProjectionTests.swift:537:49: note: use 'OutputPresence.none' instead
        #expect(snapshotAgent.outputPresence == .none)
                                                ^
                                                OutputPresence
/Users/user/Documents/Chainworks Forge/Chainworks ForgeTests/WorkflowMapProjectionTests.swift:537:49: note: explicitly specify 'Optional' to silence this warning
        #expect(snapshotAgent.outputPresence == .none)
                                                ^
                                                Optional
/Users/user/Documents/Chainworks Forge/Chainworks ForgeTests/WorkflowMapProjectionTests.swift:537:49: note: use 'OutputPresence.none' instead
        #expect(snapshotAgent.outputPresence == .none)
                                                ^
                                                OutputPresence
@__swiftmacro_21Chainworks_ForgeTests0037WorkflowMapProjectionTestsswift_emGFlfMX536_8_6expectfMf0_.swift:1:77: warning: assuming you mean 'Optional<OutputPresence>.none'; did you mean 'OutputPresence.none' instead?
Testing.__checkBinaryOperation(snapshotAgent.outputPresence,{ $0 == $1() },.none,expression: .__fromBinaryOperation(.__fromSyntaxNode("snapshotAgent.outputPresence"),"==",.__fromSyntaxNode(".none")),comments: [],isRequired: false,sourceLocation: Testing.SourceLocation.__here()).__expected()
                                                                            ^
/Users/user/Documents/Chainworks Forge/Chainworks ForgeTests/WorkflowMapProjectionTests.swift:537:9: note: in expansion of macro 'expect' here
        #expect(snapshotAgent.outputPresence == .none)
        ^~~~~~~~~~~~~~~~~~~~~~~~~~~~~~~~~~~~~~~~~~~~~~
@__swiftmacro_21Chainworks_ForgeTests0037WorkflowMapProjectionTestsswift_emGFlfMX536_8_6expectfMf0_.swift:1:76: note: explicitly specify 'Optional' to silence this warning
Testing.__checkBinaryOperation(snapshotAgent.outputPresence,{ $0 == $1() },.none,expression: .__fromBinaryOperation(.__fromSyntaxNode("snapshotAgent.outputPresence"),"==",.__fromSyntaxNode(".none")),comments: [],isRequired: false,sourceLocation: Testing.SourceLocation.__here()).__expected()
                                                                           ^
@__swiftmacro_21Chainworks_ForgeTests0037WorkflowMapProjectionTestsswift_emGFlfMX536_8_6expectfMf0_.swift:1:76: note: use 'OutputPresence.none' instead
Testing.__checkBinaryOperation(snapshotAgent.outputPresence,{ $0 == $1() },.none,expression: .__fromBinaryOperation(.__fromSyntaxNode("snapshotAgent.outputPresence"),"==",.__fromSyntaxNode(".none")),comments: [],isRequired: false,sourceLocation: Testing.SourceLocation.__here()).__expected()
                                                                           ^
/Users/user/Documents/Chainworks Forge/Chainworks ForgeTests/WorkflowMapProjectionTests.swift:537:9: note: in expansion of macro 'expect' here
        #expect(snapshotAgent.outputPresence == .none)
        ^~~~~~~~~~~~~~~~~~~~~~~~~~~~~~~~~~~~~~~~~~~~~~
@__swiftmacro_21Chainworks_ForgeTests0037WorkflowMapProjectionTestsswift_emGFlfMX536_8_6expectfMf0_.swift:1:76: note: explicitly specify 'Optional' to silence this warning
Testing.__checkBinaryOperation(snapshotAgent.outputPresence,{ $0 == $1() },.none,expression: .__fromBinaryOperation(.__fromSyntaxNode("snapshotAgent.outputPresence"),"==",.__fromSyntaxNode(".none")),comments: [],isRequired: false,sourceLocation: Testing.SourceLocation.__here()).__expected()
                                                                           ^
@__swiftmacro_21Chainworks_ForgeTests0037WorkflowMapProjectionTestsswift_emGFlfMX536_8_6expectfMf0_.swift:1:76: note: use 'OutputPresence.none' instead
Testing.__checkBinaryOperation(snapshotAgent.outputPresence,{ $0 == $1() },.none,expression: .__fromBinaryOperation(.__fromSyntaxNode("snapshotAgent.outputPresence"),"==",.__fromSyntaxNode(".none")),comments: [],isRequired: false,sourceLocation: Testing.SourceLocation.__here()).__expected()
                                                                           ^
@__swiftmacro_21Chainworks_ForgeTests0035WorktreeProvisionerTestsswift_IgGGkfMX106_8_6expectfMf_.swift:3:10: warning: main actor-isolated property 'worktreeRoot' cannot be accessed from outside of the actor; this is an error in the Swift 6 language mode
},result.worktreeRoot.path,expression: .__fromFunctionCall(.__fromSyntaxNode("FileManager.default"),"fileExists",("atPath",.__fromSyntaxNode("result.worktreeRoot.path"))),comments: [],isRequired: false,sourceLocation: Testing.SourceLocation.__here()).__expected()
  ~~~~~~~^~~~~~~~~~~~~~~~~
/Users/user/Documents/Chainworks Forge/Chainworks ForgeTests/WorktreeProvisionerTests.swift:107:9: note: in expansion of macro 'expect' here
        #expect(FileManager.default.fileExists(atPath: result.worktreeRoot.path))
        ^~~~~~~~~~~~~~~~~~~~~~~~~~~~~~~~~~~~~~~~~~~~~~~~~~~~~~~~~~~~~~~~~~~~~~~~~
/Users/user/Documents/Chainworks Forge/Chainworks ForgeTests/WorktreeProvisionerTests.swift:107:9: note: in expansion of macro 'expect' here
        #expect(FileManager.default.fileExists(atPath: result.worktreeRoot.path))
        ^~~~~~~~~~~~~~~~~~~~~~~~~~~~~~~~~~~~~~~~~~~~~~~~~~~~~~~~~~~~~~~~~~~~~~~~~
@__swiftmacro_21Chainworks_ForgeTests0035WorktreeProvisionerTestsswift_IgGGkfMX107_8_6expectfMf0_.swift:1:39: warning: main actor-isolated property 'branchName' cannot be accessed from outside of the actor; this is an error in the Swift 6 language mode
Testing.__checkBinaryOperation(result.branchName,{ $0 == $1() },"dogfood/test",expression: .__fromBinaryOperation(.__fromSyntaxNode("result.branchName"),"==",.__fromStringLiteral(#""dogfood/test""#, "dogfood/test")),comments: [],isRequired: false,sourceLocation: Testing.SourceLocation.__here()).__expected()
                                      ^
/Users/user/Documents/Chainworks Forge/Chainworks ForgeTests/WorktreeProvisionerTests.swift:108:9: note: in expansion of macro 'expect' here
        #expect(result.branchName == "dogfood/test")
        ^~~~~~~~~~~~~~~~~~~~~~~~~~~~~~~~~~~~~~~~~~~~
/Users/user/Documents/Chainworks Forge/Chainworks ForgeTests/WorktreeProvisionerTests.swift:108:9: note: in expansion of macro 'expect' here
        #expect(result.branchName == "dogfood/test")
        ^~~~~~~~~~~~~~~~~~~~~~~~~~~~~~~~~~~~~~~~~~~~
@__swiftmacro_21Chainworks_ForgeTests0035WorktreeProvisionerTestsswift_IgGGkfMX108_8_6expectfMf1_.swift:1:38: warning: main actor-isolated property 'baseRevision' cannot be accessed from outside of the actor; this is an error in the Swift 6 language mode
Testing.__checkPropertyAccess(result.baseRevision.self,getting: { $0.isEmpty },expression: .__fromNegation(.__fromPropertyAccess(.__fromSyntaxNode("result.baseRevision"),.__fromSyntaxNode("isEmpty")), false),comments: [],isRequired: false,sourceLocation: Testing.SourceLocation.__here()).__expected()
                                     ^
/Users/user/Documents/Chainworks Forge/Chainworks ForgeTests/WorktreeProvisionerTests.swift:109:9: note: in expansion of macro 'expect' here
        #expect(!result.baseRevision.isEmpty)
        ^~~~~~~~~~~~~~~~~~~~~~~~~~~~~~~~~~~~~
/Users/user/Documents/Chainworks Forge/Chainworks ForgeTests/WorktreeProvisionerTests.swift:109:9: note: in expansion of macro 'expect' here
        #expect(!result.baseRevision.isEmpty)
        ^~~~~~~~~~~~~~~~~~~~~~~~~~~~~~~~~~~~~
@__swiftmacro_21Chainworks_ForgeTests0035WorktreeProvisionerTestsswift_IgGGkfMX139_8_6expectfMf_.swift:3:10: warning: main actor-isolated property 'worktreeRoot' cannot be accessed from outside of the actor; this is an error in the Swift 6 language mode
},result.worktreeRoot.path,expression: .__fromFunctionCall(.__fromSyntaxNode("FileManager.default"),"fileExists",("atPath",.__fromSyntaxNode("result.worktreeRoot.path"))),comments: [],isRequired: false,sourceLocation: Testing.SourceLocation.__here()).__expected()
  ~~~~~~~^~~~~~~~~~~~~~~~~
/Users/user/Documents/Chainworks Forge/Chainworks ForgeTests/WorktreeProvisionerTests.swift:140:9: note: in expansion of macro 'expect' here
        #expect(FileManager.default.fileExists(atPath: result.worktreeRoot.path))
        ^~~~~~~~~~~~~~~~~~~~~~~~~~~~~~~~~~~~~~~~~~~~~~~~~~~~~~~~~~~~~~~~~~~~~~~~~
/Users/user/Documents/Chainworks Forge/Chainworks ForgeTests/WorktreeProvisionerTests.swift:140:9: note: in expansion of macro 'expect' here
        #expect(FileManager.default.fileExists(atPath: result.worktreeRoot.path))
        ^~~~~~~~~~~~~~~~~~~~~~~~~~~~~~~~~~~~~~~~~~~~~~~~~~~~~~~~~~~~~~~~~~~~~~~~~
@__swiftmacro_21Chainworks_ForgeTests0035WorktreeProvisionerTestsswift_IgGGkfMX140_8_6expectfMf0_.swift:1:39: warning: main actor-isolated property 'branchName' cannot be accessed from outside of the actor; this is an error in the Swift 6 language mode
Testing.__checkBinaryOperation(result.branchName,{ $0 == $1() },"dogfood/test",expression: .__fromBinaryOperation(.__fromSyntaxNode("result.branchName"),"==",.__fromStringLiteral(#""dogfood/test""#, "dogfood/test")),comments: [],isRequired: false,sourceLocation: Testing.SourceLocation.__here()).__expected()
                                      ^
/Users/user/Documents/Chainworks Forge/Chainworks ForgeTests/WorktreeProvisionerTests.swift:141:9: note: in expansion of macro 'expect' here
        #expect(result.branchName == "dogfood/test")
        ^~~~~~~~~~~~~~~~~~~~~~~~~~~~~~~~~~~~~~~~~~~~
/Users/user/Documents/Chainworks Forge/Chainworks ForgeTests/WorktreeProvisionerTests.swift:141:9: note: in expansion of macro 'expect' here
        #expect(result.branchName == "dogfood/test")
        ^~~~~~~~~~~~~~~~~~~~~~~~~~~~~~~~~~~~~~~~~~~~
@__swiftmacro_21Chainworks_ForgeTests0035WorktreeProvisionerTestsswift_IgGGkfMX141_8_6expectfMf1_.swift:1:38: warning: main actor-isolated property 'baseRevision' cannot be accessed from outside of the actor; this is an error in the Swift 6 language mode
Testing.__checkPropertyAccess(result.baseRevision.self,getting: { $0.isEmpty },expression: .__fromNegation(.__fromPropertyAccess(.__fromSyntaxNode("result.baseRevision"),.__fromSyntaxNode("isEmpty")), false),comments: [],isRequired: false,sourceLocation: Testing.SourceLocation.__here()).__expected()
                                     ^
/Users/user/Documents/Chainworks Forge/Chainworks ForgeTests/WorktreeProvisionerTests.swift:142:9: note: in expansion of macro 'expect' here
        #expect(!result.baseRevision.isEmpty)
        ^~~~~~~~~~~~~~~~~~~~~~~~~~~~~~~~~~~~~
/Users/user/Documents/Chainworks Forge/Chainworks ForgeTests/WorktreeProvisionerTests.swift:142:9: note: in expansion of macro 'expect' here
        #expect(!result.baseRevision.isEmpty)
        ^~~~~~~~~~~~~~~~~~~~~~~~~~~~~~~~~~~~~

SwiftCompile normal arm64 /Users/user/Documents/Chainworks\ Forge/Chainworks\ ForgeTests/TransitionEvaluatorTests.swift (in target 'Chainworks ForgeTests' from project 'Chainworks Forge')
    cd /Users/user/Documents/Chainworks\ Forge
    
/Users/user/Documents/Chainworks Forge/Chainworks ForgeTests/WorkflowMapProjectionTests.swift:522:41: warning: assuming you mean 'Optional<OutputPresence>.none'; did you mean 'OutputPresence.none' instead?
        failedAttempt.outputPresence = .none
                                        ^
/Users/user/Documents/Chainworks Forge/Chainworks ForgeTests/WorkflowMapProjectionTests.swift:522:40: note: explicitly specify 'Optional' to silence this warning
        failedAttempt.outputPresence = .none
                                       ^
                                       Optional
/Users/user/Documents/Chainworks Forge/Chainworks ForgeTests/WorkflowMapProjectionTests.swift:522:40: note: use 'OutputPresence.none' instead
        failedAttempt.outputPresence = .none
                                       ^
                                       OutputPresence
/Users/user/Documents/Chainworks Forge/Chainworks ForgeTests/WorkflowMapProjectionTests.swift:522:40: note: explicitly specify 'Optional' to silence this warning
        failedAttempt.outputPresence = .none
                                       ^
                                       Optional
/Users/user/Documents/Chainworks Forge/Chainworks ForgeTests/WorkflowMapProjectionTests.swift:522:40: note: use 'OutputPresence.none' instead
        failedAttempt.outputPresence = .none
                                       ^
                                       OutputPresence
/Users/user/Documents/Chainworks Forge/Chainworks ForgeTests/WorkflowMapProjectionTests.swift:537:50: warning: assuming you mean 'Optional<OutputPresence>.none'; did you mean 'OutputPresence.none' instead?
        #expect(snapshotAgent.outputPresence == .none)
                                                 ^
/Users/user/Documents/Chainworks Forge/Chainworks ForgeTests/WorkflowMapProjectionTests.swift:537:49: note: explicitly specify 'Optional' to silence this warning
        #expect(snapshotAgent.outputPresence == .none)
                                                ^
                                                Optional
/Users/user/Documents/Chainworks Forge/Chainworks ForgeTests/WorkflowMapProjectionTests.swift:537:49: note: use 'OutputPresence.none' instead
        #expect(snapshotAgent.outputPresence == .none)
                                                ^
                                                OutputPresence
/Users/user/Documents/Chainworks Forge/Chainworks ForgeTests/WorkflowMapProjectionTests.swift:537:49: note: explicitly specify 'Optional' to silence this warning
        #expect(snapshotAgent.outputPresence == .none)
                                                ^
                                                Optional
/Users/user/Documents/Chainworks Forge/Chainworks ForgeTests/WorkflowMapProjectionTests.swift:537:49: note: use 'OutputPresence.none' instead
        #expect(snapshotAgent.outputPresence == .none)
                                                ^
                                                OutputPresence
@__swiftmacro_21Chainworks_ForgeTests0037WorkflowMapProjectionTestsswift_emGFlfMX536_8_6expectfMf0_.swift:1:77: warning: assuming you mean 'Optional<OutputPresence>.none'; did you mean 'OutputPresence.none' instead?
Testing.__checkBinaryOperation(snapshotAgent.outputPresence,{ $0 == $1() },.none,expression: .__fromBinaryOperation(.__fromSyntaxNode("snapshotAgent.outputPresence"),"==",.__fromSyntaxNode(".none")),comments: [],isRequired: false,sourceLocation: Testing.SourceLocation.__here()).__expected()
                                                                            ^
/Users/user/Documents/Chainworks Forge/Chainworks ForgeTests/WorkflowMapProjectionTests.swift:537:9: note: in expansion of macro 'expect' here
        #expect(snapshotAgent.outputPresence == .none)
        ^~~~~~~~~~~~~~~~~~~~~~~~~~~~~~~~~~~~~~~~~~~~~~
@__swiftmacro_21Chainworks_ForgeTests0037WorkflowMapProjectionTestsswift_emGFlfMX536_8_6expectfMf0_.swift:1:76: note: explicitly specify 'Optional' to silence this warning
Testing.__checkBinaryOperation(snapshotAgent.outputPresence,{ $0 == $1() },.none,expression: .__fromBinaryOperation(.__fromSyntaxNode("snapshotAgent.outputPresence"),"==",.__fromSyntaxNode(".none")),comments: [],isRequired: false,sourceLocation: Testing.SourceLocation.__here()).__expected()
                                                                           ^
@__swiftmacro_21Chainworks_ForgeTests0037WorkflowMapProjectionTestsswift_emGFlfMX536_8_6expectfMf0_.swift:1:76: note: use 'OutputPresence.none' instead
Testing.__checkBinaryOperation(snapshotAgent.outputPresence,{ $0 == $1() },.none,expression: .__fromBinaryOperation(.__fromSyntaxNode("snapshotAgent.outputPresence"),"==",.__fromSyntaxNode(".none")),comments: [],isRequired: false,sourceLocation: Testing.SourceLocation.__here()).__expected()
                                                                           ^
/Users/user/Documents/Chainworks Forge/Chainworks ForgeTests/WorkflowMapProjectionTests.swift:537:9: note: in expansion of macro 'expect' here
        #expect(snapshotAgent.outputPresence == .none)
        ^~~~~~~~~~~~~~~~~~~~~~~~~~~~~~~~~~~~~~~~~~~~~~
@__swiftmacro_21Chainworks_ForgeTests0037WorkflowMapProjectionTestsswift_emGFlfMX536_8_6expectfMf0_.swift:1:76: note: explicitly specify 'Optional' to silence this warning
Testing.__checkBinaryOperation(snapshotAgent.outputPresence,{ $0 == $1() },.none,expression: .__fromBinaryOperation(.__fromSyntaxNode("snapshotAgent.outputPresence"),"==",.__fromSyntaxNode(".none")),comments: [],isRequired: false,sourceLocation: Testing.SourceLocation.__here()).__expected()
                                                                           ^
@__swiftmacro_21Chainworks_ForgeTests0037WorkflowMapProjectionTestsswift_emGFlfMX536_8_6expectfMf0_.swift:1:76: note: use 'OutputPresence.none' instead
Testing.__checkBinaryOperation(snapshotAgent.outputPresence,{ $0 == $1() },.none,expression: .__fromBinaryOperation(.__fromSyntaxNode("snapshotAgent.outputPresence"),"==",.__fromSyntaxNode(".none")),comments: [],isRequired: false,sourceLocation: Testing.SourceLocation.__here()).__expected()
                                                                           ^
@__swiftmacro_21Chainworks_ForgeTests0035WorktreeProvisionerTestsswift_IgGGkfMX106_8_6expectfMf_.swift:3:10: warning: main actor-isolated property 'worktreeRoot' cannot be accessed from outside of the actor; this is an error in the Swift 6 language mode
},result.worktreeRoot.path,expression: .__fromFunctionCall(.__fromSyntaxNode("FileManager.default"),"fileExists",("atPath",.__fromSyntaxNode("result.worktreeRoot.path"))),comments: [],isRequired: false,sourceLocation: Testing.SourceLocation.__here()).__expected()
  ~~~~~~~^~~~~~~~~~~~~~~~~
/Users/user/Documents/Chainworks Forge/Chainworks ForgeTests/WorktreeProvisionerTests.swift:107:9: note: in expansion of macro 'expect' here
        #expect(FileManager.default.fileExists(atPath: result.worktreeRoot.path))
        ^~~~~~~~~~~~~~~~~~~~~~~~~~~~~~~~~~~~~~~~~~~~~~~~~~~~~~~~~~~~~~~~~~~~~~~~~
/Users/user/Documents/Chainworks Forge/Chainworks ForgeTests/WorktreeProvisionerTests.swift:107:9: note: in expansion of macro 'expect' here
        #expect(FileManager.default.fileExists(atPath: result.worktreeRoot.path))
        ^~~~~~~~~~~~~~~~~~~~~~~~~~~~~~~~~~~~~~~~~~~~~~~~~~~~~~~~~~~~~~~~~~~~~~~~~
@__swiftmacro_21Chainworks_ForgeTests0035WorktreeProvisionerTestsswift_IgGGkfMX107_8_6expectfMf0_.swift:1:39: warning: main actor-isolated property 'branchName' cannot be accessed from outside of the actor; this is an error in the Swift 6 language mode
Testing.__checkBinaryOperation(result.branchName,{ $0 == $1() },"dogfood/test",expression: .__fromBinaryOperation(.__fromSyntaxNode("result.branchName"),"==",.__fromStringLiteral(#""dogfood/test""#, "dogfood/test")),comments: [],isRequired: false,sourceLocation: Testing.SourceLocation.__here()).__expected()
                                      ^
/Users/user/Documents/Chainworks Forge/Chainworks ForgeTests/WorktreeProvisionerTests.swift:108:9: note: in expansion of macro 'expect' here
        #expect(result.branchName == "dogfood/test")
        ^~~~~~~~~~~~~~~~~~~~~~~~~~~~~~~~~~~~~~~~~~~~
/Users/user/Documents/Chainworks Forge/Chainworks ForgeTests/WorktreeProvisionerTests.swift:108:9: note: in expansion of macro 'expect' here
        #expect(result.branchName == "dogfood/test")
        ^~~~~~~~~~~~~~~~~~~~~~~~~~~~~~~~~~~~~~~~~~~~
@__swiftmacro_21Chainworks_ForgeTests0035WorktreeProvisionerTestsswift_IgGGkfMX108_8_6expectfMf1_.swift:1:38: warning: main actor-isolated property 'baseRevision' cannot be accessed from outside of the actor; this is an error in the Swift 6 language mode
Testing.__checkPropertyAccess(result.baseRevision.self,getting: { $0.isEmpty },expression: .__fromNegation(.__fromPropertyAccess(.__fromSyntaxNode("result.baseRevision"),.__fromSyntaxNode("isEmpty")), false),comments: [],isRequired: false,sourceLocation: Testing.SourceLocation.__here()).__expected()
                                     ^
/Users/user/Documents/Chainworks Forge/Chainworks ForgeTests/WorktreeProvisionerTests.swift:109:9: note: in expansion of macro 'expect' here
        #expect(!result.baseRevision.isEmpty)
        ^~~~~~~~~~~~~~~~~~~~~~~~~~~~~~~~~~~~~
/Users/user/Documents/Chainworks Forge/Chainworks ForgeTests/WorktreeProvisionerTests.swift:109:9: note: in expansion of macro 'expect' here
        #expect(!result.baseRevision.isEmpty)
        ^~~~~~~~~~~~~~~~~~~~~~~~~~~~~~~~~~~~~
@__swiftmacro_21Chainworks_ForgeTests0035WorktreeProvisionerTestsswift_IgGGkfMX139_8_6expectfMf_.swift:3:10: warning: main actor-isolated property 'worktreeRoot' cannot be accessed from outside of the actor; this is an error in the Swift 6 language mode
},result.worktreeRoot.path,expression: .__fromFunctionCall(.__fromSyntaxNode("FileManager.default"),"fileExists",("atPath",.__fromSyntaxNode("result.worktreeRoot.path"))),comments: [],isRequired: false,sourceLocation: Testing.SourceLocation.__here()).__expected()
  ~~~~~~~^~~~~~~~~~~~~~~~~
/Users/user/Documents/Chainworks Forge/Chainworks ForgeTests/WorktreeProvisionerTests.swift:140:9: note: in expansion of macro 'expect' here
        #expect(FileManager.default.fileExists(atPath: result.worktreeRoot.path))
        ^~~~~~~~~~~~~~~~~~~~~~~~~~~~~~~~~~~~~~~~~~~~~~~~~~~~~~~~~~~~~~~~~~~~~~~~~
/Users/user/Documents/Chainworks Forge/Chainworks ForgeTests/WorktreeProvisionerTests.swift:140:9: note: in expansion of macro 'expect' here
        #expect(FileManager.default.fileExists(atPath: result.worktreeRoot.path))
        ^~~~~~~~~~~~~~~~~~~~~~~~~~~~~~~~~~~~~~~~~~~~~~~~~~~~~~~~~~~~~~~~~~~~~~~~~
@__swiftmacro_21Chainworks_ForgeTests0035WorktreeProvisionerTestsswift_IgGGkfMX140_8_6expectfMf0_.swift:1:39: warning: main actor-isolated property 'branchName' cannot be accessed from outside of the actor; this is an error in the Swift 6 language mode
Testing.__checkBinaryOperation(result.branchName,{ $0 == $1() },"dogfood/test",expression: .__fromBinaryOperation(.__fromSyntaxNode("result.branchName"),"==",.__fromStringLiteral(#""dogfood/test""#, "dogfood/test")),comments: [],isRequired: false,sourceLocation: Testing.SourceLocation.__here()).__expected()
                                      ^
/Users/user/Documents/Chainworks Forge/Chainworks ForgeTests/WorktreeProvisionerTests.swift:141:9: note: in expansion of macro 'expect' here
        #expect(result.branchName == "dogfood/test")
        ^~~~~~~~~~~~~~~~~~~~~~~~~~~~~~~~~~~~~~~~~~~~
/Users/user/Documents/Chainworks Forge/Chainworks ForgeTests/WorktreeProvisionerTests.swift:141:9: note: in expansion of macro 'expect' here
        #expect(result.branchName == "dogfood/test")
        ^~~~~~~~~~~~~~~~~~~~~~~~~~~~~~~~~~~~~~~~~~~~
@__swiftmacro_21Chainworks_ForgeTests0035WorktreeProvisionerTestsswift_IgGGkfMX141_8_6expectfMf1_.swift:1:38: warning: main actor-isolated property 'baseRevision' cannot be accessed from outside of the actor; this is an error in the Swift 6 language mode
Testing.__checkPropertyAccess(result.baseRevision.self,getting: { $0.isEmpty },expression: .__fromNegation(.__fromPropertyAccess(.__fromSyntaxNode("result.baseRevision"),.__fromSyntaxNode("isEmpty")), false),comments: [],isRequired: false,sourceLocation: Testing.SourceLocation.__here()).__expected()
                                     ^
/Users/user/Documents/Chainworks Forge/Chainworks ForgeTests/WorktreeProvisionerTests.swift:142:9: note: in expansion of macro 'expect' here
        #expect(!result.baseRevision.isEmpty)
        ^~~~~~~~~~~~~~~~~~~~~~~~~~~~~~~~~~~~~
/Users/user/Documents/Chainworks Forge/Chainworks ForgeTests/WorktreeProvisionerTests.swift:142:9: note: in expansion of macro 'expect' here
        #expect(!result.baseRevision.isEmpty)
        ^~~~~~~~~~~~~~~~~~~~~~~~~~~~~~~~~~~~~

SwiftCompile normal arm64 /Users/user/Documents/Chainworks\ Forge/Chainworks\ ForgeTests/WorkflowMapProjectionTests.swift (in target 'Chainworks ForgeTests' from project 'Chainworks Forge')
    cd /Users/user/Documents/Chainworks\ Forge
    
/Users/user/Documents/Chainworks Forge/Chainworks ForgeTests/WorkflowMapProjectionTests.swift:522:41: warning: assuming you mean 'Optional<OutputPresence>.none'; did you mean 'OutputPresence.none' instead?
        failedAttempt.outputPresence = .none
                                        ^
/Users/user/Documents/Chainworks Forge/Chainworks ForgeTests/WorkflowMapProjectionTests.swift:522:40: note: explicitly specify 'Optional' to silence this warning
        failedAttempt.outputPresence = .none
                                       ^
                                       Optional
/Users/user/Documents/Chainworks Forge/Chainworks ForgeTests/WorkflowMapProjectionTests.swift:522:40: note: use 'OutputPresence.none' instead
        failedAttempt.outputPresence = .none
                                       ^
                                       OutputPresence
/Users/user/Documents/Chainworks Forge/Chainworks ForgeTests/WorkflowMapProjectionTests.swift:522:40: note: explicitly specify 'Optional' to silence this warning
        failedAttempt.outputPresence = .none
                                       ^
                                       Optional
/Users/user/Documents/Chainworks Forge/Chainworks ForgeTests/WorkflowMapProjectionTests.swift:522:40: note: use 'OutputPresence.none' instead
        failedAttempt.outputPresence = .none
                                       ^
                                       OutputPresence
/Users/user/Documents/Chainworks Forge/Chainworks ForgeTests/WorkflowMapProjectionTests.swift:537:50: warning: assuming you mean 'Optional<OutputPresence>.none'; did you mean 'OutputPresence.none' instead?
        #expect(snapshotAgent.outputPresence == .none)
                                                 ^
/Users/user/Documents/Chainworks Forge/Chainworks ForgeTests/WorkflowMapProjectionTests.swift:537:49: note: explicitly specify 'Optional' to silence this warning
        #expect(snapshotAgent.outputPresence == .none)
                                                ^
                                                Optional
/Users/user/Documents/Chainworks Forge/Chainworks ForgeTests/WorkflowMapProjectionTests.swift:537:49: note: use 'OutputPresence.none' instead
        #expect(snapshotAgent.outputPresence == .none)
                                                ^
                                                OutputPresence
/Users/user/Documents/Chainworks Forge/Chainworks ForgeTests/WorkflowMapProjectionTests.swift:537:49: note: explicitly specify 'Optional' to silence this warning
        #expect(snapshotAgent.outputPresence == .none)
                                                ^
                                                Optional
/Users/user/Documents/Chainworks Forge/Chainworks ForgeTests/WorkflowMapProjectionTests.swift:537:49: note: use 'OutputPresence.none' instead
        #expect(snapshotAgent.outputPresence == .none)
                                                ^
                                                OutputPresence
@__swiftmacro_21Chainworks_ForgeTests0037WorkflowMapProjectionTestsswift_emGFlfMX536_8_6expectfMf0_.swift:1:77: warning: assuming you mean 'Optional<OutputPresence>.none'; did you mean 'OutputPresence.none' instead?
Testing.__checkBinaryOperation(snapshotAgent.outputPresence,{ $0 == $1() },.none,expression: .__fromBinaryOperation(.__fromSyntaxNode("snapshotAgent.outputPresence"),"==",.__fromSyntaxNode(".none")),comments: [],isRequired: false,sourceLocation: Testing.SourceLocation.__here()).__expected()
                                                                            ^
/Users/user/Documents/Chainworks Forge/Chainworks ForgeTests/WorkflowMapProjectionTests.swift:537:9: note: in expansion of macro 'expect' here
        #expect(snapshotAgent.outputPresence == .none)
        ^~~~~~~~~~~~~~~~~~~~~~~~~~~~~~~~~~~~~~~~~~~~~~
@__swiftmacro_21Chainworks_ForgeTests0037WorkflowMapProjectionTestsswift_emGFlfMX536_8_6expectfMf0_.swift:1:76: note: explicitly specify 'Optional' to silence this warning
Testing.__checkBinaryOperation(snapshotAgent.outputPresence,{ $0 == $1() },.none,expression: .__fromBinaryOperation(.__fromSyntaxNode("snapshotAgent.outputPresence"),"==",.__fromSyntaxNode(".none")),comments: [],isRequired: false,sourceLocation: Testing.SourceLocation.__here()).__expected()
                                                                           ^
@__swiftmacro_21Chainworks_ForgeTests0037WorkflowMapProjectionTestsswift_emGFlfMX536_8_6expectfMf0_.swift:1:76: note: use 'OutputPresence.none' instead
Testing.__checkBinaryOperation(snapshotAgent.outputPresence,{ $0 == $1() },.none,expression: .__fromBinaryOperation(.__fromSyntaxNode("snapshotAgent.outputPresence"),"==",.__fromSyntaxNode(".none")),comments: [],isRequired: false,sourceLocation: Testing.SourceLocation.__here()).__expected()
                                                                           ^
/Users/user/Documents/Chainworks Forge/Chainworks ForgeTests/WorkflowMapProjectionTests.swift:537:9: note: in expansion of macro 'expect' here
        #expect(snapshotAgent.outputPresence == .none)
        ^~~~~~~~~~~~~~~~~~~~~~~~~~~~~~~~~~~~~~~~~~~~~~
@__swiftmacro_21Chainworks_ForgeTests0037WorkflowMapProjectionTestsswift_emGFlfMX536_8_6expectfMf0_.swift:1:76: note: explicitly specify 'Optional' to silence this warning
Testing.__checkBinaryOperation(snapshotAgent.outputPresence,{ $0 == $1() },.none,expression: .__fromBinaryOperation(.__fromSyntaxNode("snapshotAgent.outputPresence"),"==",.__fromSyntaxNode(".none")),comments: [],isRequired: false,sourceLocation: Testing.SourceLocation.__here()).__expected()
                                                                           ^
@__swiftmacro_21Chainworks_ForgeTests0037WorkflowMapProjectionTestsswift_emGFlfMX536_8_6expectfMf0_.swift:1:76: note: use 'OutputPresence.none' instead
Testing.__checkBinaryOperation(snapshotAgent.outputPresence,{ $0 == $1() },.none,expression: .__fromBinaryOperation(.__fromSyntaxNode("snapshotAgent.outputPresence"),"==",.__fromSyntaxNode(".none")),comments: [],isRequired: false,sourceLocation: Testing.SourceLocation.__here()).__expected()
                                                                           ^
@__swiftmacro_21Chainworks_ForgeTests0035WorktreeProvisionerTestsswift_IgGGkfMX106_8_6expectfMf_.swift:3:10: warning: main actor-isolated property 'worktreeRoot' cannot be accessed from outside of the actor; this is an error in the Swift 6 language mode
},result.worktreeRoot.path,expression: .__fromFunctionCall(.__fromSyntaxNode("FileManager.default"),"fileExists",("atPath",.__fromSyntaxNode("result.worktreeRoot.path"))),comments: [],isRequired: false,sourceLocation: Testing.SourceLocation.__here()).__expected()
  ~~~~~~~^~~~~~~~~~~~~~~~~
/Users/user/Documents/Chainworks Forge/Chainworks ForgeTests/WorktreeProvisionerTests.swift:107:9: note: in expansion of macro 'expect' here
        #expect(FileManager.default.fileExists(atPath: result.worktreeRoot.path))
        ^~~~~~~~~~~~~~~~~~~~~~~~~~~~~~~~~~~~~~~~~~~~~~~~~~~~~~~~~~~~~~~~~~~~~~~~~
/Users/user/Documents/Chainworks Forge/Chainworks ForgeTests/WorktreeProvisionerTests.swift:107:9: note: in expansion of macro 'expect' here
        #expect(FileManager.default.fileExists(atPath: result.worktreeRoot.path))
        ^~~~~~~~~~~~~~~~~~~~~~~~~~~~~~~~~~~~~~~~~~~~~~~~~~~~~~~~~~~~~~~~~~~~~~~~~
@__swiftmacro_21Chainworks_ForgeTests0035WorktreeProvisionerTestsswift_IgGGkfMX107_8_6expectfMf0_.swift:1:39: warning: main actor-isolated property 'branchName' cannot be accessed from outside of the actor; this is an error in the Swift 6 language mode
Testing.__checkBinaryOperation(result.branchName,{ $0 == $1() },"dogfood/test",expression: .__fromBinaryOperation(.__fromSyntaxNode("result.branchName"),"==",.__fromStringLiteral(#""dogfood/test""#, "dogfood/test")),comments: [],isRequired: false,sourceLocation: Testing.SourceLocation.__here()).__expected()
                                      ^
/Users/user/Documents/Chainworks Forge/Chainworks ForgeTests/WorktreeProvisionerTests.swift:108:9: note: in expansion of macro 'expect' here
        #expect(result.branchName == "dogfood/test")
        ^~~~~~~~~~~~~~~~~~~~~~~~~~~~~~~~~~~~~~~~~~~~
/Users/user/Documents/Chainworks Forge/Chainworks ForgeTests/WorktreeProvisionerTests.swift:108:9: note: in expansion of macro 'expect' here
        #expect(result.branchName == "dogfood/test")
        ^~~~~~~~~~~~~~~~~~~~~~~~~~~~~~~~~~~~~~~~~~~~
@__swiftmacro_21Chainworks_ForgeTests0035WorktreeProvisionerTestsswift_IgGGkfMX108_8_6expectfMf1_.swift:1:38: warning: main actor-isolated property 'baseRevision' cannot be accessed from outside of the actor; this is an error in the Swift 6 language mode
Testing.__checkPropertyAccess(result.baseRevision.self,getting: { $0.isEmpty },expression: .__fromNegation(.__fromPropertyAccess(.__fromSyntaxNode("result.baseRevision"),.__fromSyntaxNode("isEmpty")), false),comments: [],isRequired: false,sourceLocation: Testing.SourceLocation.__here()).__expected()
                                     ^
/Users/user/Documents/Chainworks Forge/Chainworks ForgeTests/WorktreeProvisionerTests.swift:109:9: note: in expansion of macro 'expect' here
        #expect(!result.baseRevision.isEmpty)
        ^~~~~~~~~~~~~~~~~~~~~~~~~~~~~~~~~~~~~
/Users/user/Documents/Chainworks Forge/Chainworks ForgeTests/WorktreeProvisionerTests.swift:109:9: note: in expansion of macro 'expect' here
        #expect(!result.baseRevision.isEmpty)
        ^~~~~~~~~~~~~~~~~~~~~~~~~~~~~~~~~~~~~
@__swiftmacro_21Chainworks_ForgeTests0035WorktreeProvisionerTestsswift_IgGGkfMX139_8_6expectfMf_.swift:3:10: warning: main actor-isolated property 'worktreeRoot' cannot be accessed from outside of the actor; this is an error in the Swift 6 language mode
},result.worktreeRoot.path,expression: .__fromFunctionCall(.__fromSyntaxNode("FileManager.default"),"fileExists",("atPath",.__fromSyntaxNode("result.worktreeRoot.path"))),comments: [],isRequired: false,sourceLocation: Testing.SourceLocation.__here()).__expected()
  ~~~~~~~^~~~~~~~~~~~~~~~~
/Users/user/Documents/Chainworks Forge/Chainworks ForgeTests/WorktreeProvisionerTests.swift:140:9: note: in expansion of macro 'expect' here
        #expect(FileManager.default.fileExists(atPath: result.worktreeRoot.path))
        ^~~~~~~~~~~~~~~~~~~~~~~~~~~~~~~~~~~~~~~~~~~~~~~~~~~~~~~~~~~~~~~~~~~~~~~~~
/Users/user/Documents/Chainworks Forge/Chainworks ForgeTests/WorktreeProvisionerTests.swift:140:9: note: in expansion of macro 'expect' here
        #expect(FileManager.default.fileExists(atPath: result.worktreeRoot.path))
        ^~~~~~~~~~~~~~~~~~~~~~~~~~~~~~~~~~~~~~~~~~~~~~~~~~~~~~~~~~~~~~~~~~~~~~~~~
@__swiftmacro_21Chainworks_ForgeTests0035WorktreeProvisionerTestsswift_IgGGkfMX140_8_6expectfMf0_.swift:1:39: warning: main actor-isolated property 'branchName' cannot be accessed from outside of the actor; this is an error in the Swift 6 language mode
Testing.__checkBinaryOperation(result.branchName,{ $0 == $1() },"dogfood/test",expression: .__fromBinaryOperation(.__fromSyntaxNode("result.branchName"),"==",.__fromStringLiteral(#""dogfood/test""#, "dogfood/test")),comments: [],isRequired: false,sourceLocation: Testing.SourceLocation.__here()).__expected()
                                      ^
/Users/user/Documents/Chainworks Forge/Chainworks ForgeTests/WorktreeProvisionerTests.swift:141:9: note: in expansion of macro 'expect' here
        #expect(result.branchName == "dogfood/test")
        ^~~~~~~~~~~~~~~~~~~~~~~~~~~~~~~~~~~~~~~~~~~~
/Users/user/Documents/Chainworks Forge/Chainworks ForgeTests/WorktreeProvisionerTests.swift:141:9: note: in expansion of macro 'expect' here
        #expect(result.branchName == "dogfood/test")
        ^~~~~~~~~~~~~~~~~~~~~~~~~~~~~~~~~~~~~~~~~~~~
@__swiftmacro_21Chainworks_ForgeTests0035WorktreeProvisionerTestsswift_IgGGkfMX141_8_6expectfMf1_.swift:1:38: warning: main actor-isolated property 'baseRevision' cannot be accessed from outside of the actor; this is an error in the Swift 6 language mode
Testing.__checkPropertyAccess(result.baseRevision.self,getting: { $0.isEmpty },expression: .__fromNegation(.__fromPropertyAccess(.__fromSyntaxNode("result.baseRevision"),.__fromSyntaxNode("isEmpty")), false),comments: [],isRequired: false,sourceLocation: Testing.SourceLocation.__here()).__expected()
                                     ^
/Users/user/Documents/Chainworks Forge/Chainworks ForgeTests/WorktreeProvisionerTests.swift:142:9: note: in expansion of macro 'expect' here
        #expect(!result.baseRevision.isEmpty)
        ^~~~~~~~~~~~~~~~~~~~~~~~~~~~~~~~~~~~~
/Users/user/Documents/Chainworks Forge/Chainworks ForgeTests/WorktreeProvisionerTests.swift:142:9: note: in expansion of macro 'expect' here
        #expect(!result.baseRevision.isEmpty)
        ^~~~~~~~~~~~~~~~~~~~~~~~~~~~~~~~~~~~~

SwiftCompile normal arm64 /Users/user/Documents/Chainworks\ Forge/Chainworks\ ForgeTests/WorkspaceIsolationTests.swift (in target 'Chainworks ForgeTests' from project 'Chainworks Forge')
    cd /Users/user/Documents/Chainworks\ Forge
    
/Users/user/Documents/Chainworks Forge/Chainworks ForgeTests/WorkflowMapProjectionTests.swift:522:41: warning: assuming you mean 'Optional<OutputPresence>.none'; did you mean 'OutputPresence.none' instead?
        failedAttempt.outputPresence = .none
                                        ^
/Users/user/Documents/Chainworks Forge/Chainworks ForgeTests/WorkflowMapProjectionTests.swift:522:40: note: explicitly specify 'Optional' to silence this warning
        failedAttempt.outputPresence = .none
                                       ^
                                       Optional
/Users/user/Documents/Chainworks Forge/Chainworks ForgeTests/WorkflowMapProjectionTests.swift:522:40: note: use 'OutputPresence.none' instead
        failedAttempt.outputPresence = .none
                                       ^
                                       OutputPresence
/Users/user/Documents/Chainworks Forge/Chainworks ForgeTests/WorkflowMapProjectionTests.swift:522:40: note: explicitly specify 'Optional' to silence this warning
        failedAttempt.outputPresence = .none
                                       ^
                                       Optional
/Users/user/Documents/Chainworks Forge/Chainworks ForgeTests/WorkflowMapProjectionTests.swift:522:40: note: use 'OutputPresence.none' instead
        failedAttempt.outputPresence = .none
                                       ^
                                       OutputPresence
/Users/user/Documents/Chainworks Forge/Chainworks ForgeTests/WorkflowMapProjectionTests.swift:537:50: warning: assuming you mean 'Optional<OutputPresence>.none'; did you mean 'OutputPresence.none' instead?
        #expect(snapshotAgent.outputPresence == .none)
                                                 ^
/Users/user/Documents/Chainworks Forge/Chainworks ForgeTests/WorkflowMapProjectionTests.swift:537:49: note: explicitly specify 'Optional' to silence this warning
        #expect(snapshotAgent.outputPresence == .none)
                                                ^
                                                Optional
/Users/user/Documents/Chainworks Forge/Chainworks ForgeTests/WorkflowMapProjectionTests.swift:537:49: note: use 'OutputPresence.none' instead
        #expect(snapshotAgent.outputPresence == .none)
                                                ^
                                                OutputPresence
/Users/user/Documents/Chainworks Forge/Chainworks ForgeTests/WorkflowMapProjectionTests.swift:537:49: note: explicitly specify 'Optional' to silence this warning
        #expect(snapshotAgent.outputPresence == .none)
                                                ^
                                                Optional
/Users/user/Documents/Chainworks Forge/Chainworks ForgeTests/WorkflowMapProjectionTests.swift:537:49: note: use 'OutputPresence.none' instead
        #expect(snapshotAgent.outputPresence == .none)
                                                ^
                                                OutputPresence
@__swiftmacro_21Chainworks_ForgeTests0037WorkflowMapProjectionTestsswift_emGFlfMX536_8_6expectfMf0_.swift:1:77: warning: assuming you mean 'Optional<OutputPresence>.none'; did you mean 'OutputPresence.none' instead?
Testing.__checkBinaryOperation(snapshotAgent.outputPresence,{ $0 == $1() },.none,expression: .__fromBinaryOperation(.__fromSyntaxNode("snapshotAgent.outputPresence"),"==",.__fromSyntaxNode(".none")),comments: [],isRequired: false,sourceLocation: Testing.SourceLocation.__here()).__expected()
                                                                            ^
/Users/user/Documents/Chainworks Forge/Chainworks ForgeTests/WorkflowMapProjectionTests.swift:537:9: note: in expansion of macro 'expect' here
        #expect(snapshotAgent.outputPresence == .none)
        ^~~~~~~~~~~~~~~~~~~~~~~~~~~~~~~~~~~~~~~~~~~~~~
@__swiftmacro_21Chainworks_ForgeTests0037WorkflowMapProjectionTestsswift_emGFlfMX536_8_6expectfMf0_.swift:1:76: note: explicitly specify 'Optional' to silence this warning
Testing.__checkBinaryOperation(snapshotAgent.outputPresence,{ $0 == $1() },.none,expression: .__fromBinaryOperation(.__fromSyntaxNode("snapshotAgent.outputPresence"),"==",.__fromSyntaxNode(".none")),comments: [],isRequired: false,sourceLocation: Testing.SourceLocation.__here()).__expected()
                                                                           ^
@__swiftmacro_21Chainworks_ForgeTests0037WorkflowMapProjectionTestsswift_emGFlfMX536_8_6expectfMf0_.swift:1:76: note: use 'OutputPresence.none' instead
Testing.__checkBinaryOperation(snapshotAgent.outputPresence,{ $0 == $1() },.none,expression: .__fromBinaryOperation(.__fromSyntaxNode("snapshotAgent.outputPresence"),"==",.__fromSyntaxNode(".none")),comments: [],isRequired: false,sourceLocation: Testing.SourceLocation.__here()).__expected()
                                                                           ^
/Users/user/Documents/Chainworks Forge/Chainworks ForgeTests/WorkflowMapProjectionTests.swift:537:9: note: in expansion of macro 'expect' here
        #expect(snapshotAgent.outputPresence == .none)
        ^~~~~~~~~~~~~~~~~~~~~~~~~~~~~~~~~~~~~~~~~~~~~~
@__swiftmacro_21Chainworks_ForgeTests0037WorkflowMapProjectionTestsswift_emGFlfMX536_8_6expectfMf0_.swift:1:76: note: explicitly specify 'Optional' to silence this warning
Testing.__checkBinaryOperation(snapshotAgent.outputPresence,{ $0 == $1() },.none,expression: .__fromBinaryOperation(.__fromSyntaxNode("snapshotAgent.outputPresence"),"==",.__fromSyntaxNode(".none")),comments: [],isRequired: false,sourceLocation: Testing.SourceLocation.__here()).__expected()
                                                                           ^
@__swiftmacro_21Chainworks_ForgeTests0037WorkflowMapProjectionTestsswift_emGFlfMX536_8_6expectfMf0_.swift:1:76: note: use 'OutputPresence.none' instead
Testing.__checkBinaryOperation(snapshotAgent.outputPresence,{ $0 == $1() },.none,expression: .__fromBinaryOperation(.__fromSyntaxNode("snapshotAgent.outputPresence"),"==",.__fromSyntaxNode(".none")),comments: [],isRequired: false,sourceLocation: Testing.SourceLocation.__here()).__expected()
                                                                           ^
@__swiftmacro_21Chainworks_ForgeTests0035WorktreeProvisionerTestsswift_IgGGkfMX106_8_6expectfMf_.swift:3:10: warning: main actor-isolated property 'worktreeRoot' cannot be accessed from outside of the actor; this is an error in the Swift 6 language mode
},result.worktreeRoot.path,expression: .__fromFunctionCall(.__fromSyntaxNode("FileManager.default"),"fileExists",("atPath",.__fromSyntaxNode("result.worktreeRoot.path"))),comments: [],isRequired: false,sourceLocation: Testing.SourceLocation.__here()).__expected()
  ~~~~~~~^~~~~~~~~~~~~~~~~
/Users/user/Documents/Chainworks Forge/Chainworks ForgeTests/WorktreeProvisionerTests.swift:107:9: note: in expansion of macro 'expect' here
        #expect(FileManager.default.fileExists(atPath: result.worktreeRoot.path))
        ^~~~~~~~~~~~~~~~~~~~~~~~~~~~~~~~~~~~~~~~~~~~~~~~~~~~~~~~~~~~~~~~~~~~~~~~~
/Users/user/Documents/Chainworks Forge/Chainworks ForgeTests/WorktreeProvisionerTests.swift:107:9: note: in expansion of macro 'expect' here
        #expect(FileManager.default.fileExists(atPath: result.worktreeRoot.path))
        ^~~~~~~~~~~~~~~~~~~~~~~~~~~~~~~~~~~~~~~~~~~~~~~~~~~~~~~~~~~~~~~~~~~~~~~~~
@__swiftmacro_21Chainworks_ForgeTests0035WorktreeProvisionerTestsswift_IgGGkfMX107_8_6expectfMf0_.swift:1:39: warning: main actor-isolated property 'branchName' cannot be accessed from outside of the actor; this is an error in the Swift 6 language mode
Testing.__checkBinaryOperation(result.branchName,{ $0 == $1() },"dogfood/test",expression: .__fromBinaryOperation(.__fromSyntaxNode("result.branchName"),"==",.__fromStringLiteral(#""dogfood/test""#, "dogfood/test")),comments: [],isRequired: false,sourceLocation: Testing.SourceLocation.__here()).__expected()
                                      ^
/Users/user/Documents/Chainworks Forge/Chainworks ForgeTests/WorktreeProvisionerTests.swift:108:9: note: in expansion of macro 'expect' here
        #expect(result.branchName == "dogfood/test")
        ^~~~~~~~~~~~~~~~~~~~~~~~~~~~~~~~~~~~~~~~~~~~
/Users/user/Documents/Chainworks Forge/Chainworks ForgeTests/WorktreeProvisionerTests.swift:108:9: note: in expansion of macro 'expect' here
        #expect(result.branchName == "dogfood/test")
        ^~~~~~~~~~~~~~~~~~~~~~~~~~~~~~~~~~~~~~~~~~~~
@__swiftmacro_21Chainworks_ForgeTests0035WorktreeProvisionerTestsswift_IgGGkfMX108_8_6expectfMf1_.swift:1:38: warning: main actor-isolated property 'baseRevision' cannot be accessed from outside of the actor; this is an error in the Swift 6 language mode
Testing.__checkPropertyAccess(result.baseRevision.self,getting: { $0.isEmpty },expression: .__fromNegation(.__fromPropertyAccess(.__fromSyntaxNode("result.baseRevision"),.__fromSyntaxNode("isEmpty")), false),comments: [],isRequired: false,sourceLocation: Testing.SourceLocation.__here()).__expected()
                                     ^
/Users/user/Documents/Chainworks Forge/Chainworks ForgeTests/WorktreeProvisionerTests.swift:109:9: note: in expansion of macro 'expect' here
        #expect(!result.baseRevision.isEmpty)
        ^~~~~~~~~~~~~~~~~~~~~~~~~~~~~~~~~~~~~
/Users/user/Documents/Chainworks Forge/Chainworks ForgeTests/WorktreeProvisionerTests.swift:109:9: note: in expansion of macro 'expect' here
        #expect(!result.baseRevision.isEmpty)
        ^~~~~~~~~~~~~~~~~~~~~~~~~~~~~~~~~~~~~
@__swiftmacro_21Chainworks_ForgeTests0035WorktreeProvisionerTestsswift_IgGGkfMX139_8_6expectfMf_.swift:3:10: warning: main actor-isolated property 'worktreeRoot' cannot be accessed from outside of the actor; this is an error in the Swift 6 language mode
},result.worktreeRoot.path,expression: .__fromFunctionCall(.__fromSyntaxNode("FileManager.default"),"fileExists",("atPath",.__fromSyntaxNode("result.worktreeRoot.path"))),comments: [],isRequired: false,sourceLocation: Testing.SourceLocation.__here()).__expected()
  ~~~~~~~^~~~~~~~~~~~~~~~~
/Users/user/Documents/Chainworks Forge/Chainworks ForgeTests/WorktreeProvisionerTests.swift:140:9: note: in expansion of macro 'expect' here
        #expect(FileManager.default.fileExists(atPath: result.worktreeRoot.path))
        ^~~~~~~~~~~~~~~~~~~~~~~~~~~~~~~~~~~~~~~~~~~~~~~~~~~~~~~~~~~~~~~~~~~~~~~~~
/Users/user/Documents/Chainworks Forge/Chainworks ForgeTests/WorktreeProvisionerTests.swift:140:9: note: in expansion of macro 'expect' here
        #expect(FileManager.default.fileExists(atPath: result.worktreeRoot.path))
        ^~~~~~~~~~~~~~~~~~~~~~~~~~~~~~~~~~~~~~~~~~~~~~~~~~~~~~~~~~~~~~~~~~~~~~~~~
@__swiftmacro_21Chainworks_ForgeTests0035WorktreeProvisionerTestsswift_IgGGkfMX140_8_6expectfMf0_.swift:1:39: warning: main actor-isolated property 'branchName' cannot be accessed from outside of the actor; this is an error in the Swift 6 language mode
Testing.__checkBinaryOperation(result.branchName,{ $0 == $1() },"dogfood/test",expression: .__fromBinaryOperation(.__fromSyntaxNode("result.branchName"),"==",.__fromStringLiteral(#""dogfood/test""#, "dogfood/test")),comments: [],isRequired: false,sourceLocation: Testing.SourceLocation.__here()).__expected()
                                      ^
/Users/user/Documents/Chainworks Forge/Chainworks ForgeTests/WorktreeProvisionerTests.swift:141:9: note: in expansion of macro 'expect' here
        #expect(result.branchName == "dogfood/test")
        ^~~~~~~~~~~~~~~~~~~~~~~~~~~~~~~~~~~~~~~~~~~~
/Users/user/Documents/Chainworks Forge/Chainworks ForgeTests/WorktreeProvisionerTests.swift:141:9: note: in expansion of macro 'expect' here
        #expect(result.branchName == "dogfood/test")
        ^~~~~~~~~~~~~~~~~~~~~~~~~~~~~~~~~~~~~~~~~~~~
@__swiftmacro_21Chainworks_ForgeTests0035WorktreeProvisionerTestsswift_IgGGkfMX141_8_6expectfMf1_.swift:1:38: warning: main actor-isolated property 'baseRevision' cannot be accessed from outside of the actor; this is an error in the Swift 6 language mode
Testing.__checkPropertyAccess(result.baseRevision.self,getting: { $0.isEmpty },expression: .__fromNegation(.__fromPropertyAccess(.__fromSyntaxNode("result.baseRevision"),.__fromSyntaxNode("isEmpty")), false),comments: [],isRequired: false,sourceLocation: Testing.SourceLocation.__here()).__expected()
                                     ^
/Users/user/Documents/Chainworks Forge/Chainworks ForgeTests/WorktreeProvisionerTests.swift:142:9: note: in expansion of macro 'expect' here
        #expect(!result.baseRevision.isEmpty)
        ^~~~~~~~~~~~~~~~~~~~~~~~~~~~~~~~~~~~~
/Users/user/Documents/Chainworks Forge/Chainworks ForgeTests/WorktreeProvisionerTests.swift:142:9: note: in expansion of macro 'expect' here
        #expect(!result.baseRevision.isEmpty)
        ^~~~~~~~~~~~~~~~~~~~~~~~~~~~~~~~~~~~~

SwiftCompile normal arm64 /Users/user/Documents/Chainworks\ Forge/Chainworks\ ForgeTests/WorktreeProvisionerTests.swift (in target 'Chainworks ForgeTests' from project 'Chainworks Forge')
    cd /Users/user/Documents/Chainworks\ Forge
    
/Users/user/Documents/Chainworks Forge/Chainworks ForgeTests/WorkflowMapProjectionTests.swift:522:41: warning: assuming you mean 'Optional<OutputPresence>.none'; did you mean 'OutputPresence.none' instead?
        failedAttempt.outputPresence = .none
                                        ^
/Users/user/Documents/Chainworks Forge/Chainworks ForgeTests/WorkflowMapProjectionTests.swift:522:40: note: explicitly specify 'Optional' to silence this warning
        failedAttempt.outputPresence = .none
                                       ^
                                       Optional
/Users/user/Documents/Chainworks Forge/Chainworks ForgeTests/WorkflowMapProjectionTests.swift:522:40: note: use 'OutputPresence.none' instead
        failedAttempt.outputPresence = .none
                                       ^
                                       OutputPresence
/Users/user/Documents/Chainworks Forge/Chainworks ForgeTests/WorkflowMapProjectionTests.swift:522:40: note: explicitly specify 'Optional' to silence this warning
        failedAttempt.outputPresence = .none
                                       ^
                                       Optional
/Users/user/Documents/Chainworks Forge/Chainworks ForgeTests/WorkflowMapProjectionTests.swift:522:40: note: use 'OutputPresence.none' instead
        failedAttempt.outputPresence = .none
                                       ^
                                       OutputPresence
/Users/user/Documents/Chainworks Forge/Chainworks ForgeTests/WorkflowMapProjectionTests.swift:537:50: warning: assuming you mean 'Optional<OutputPresence>.none'; did you mean 'OutputPresence.none' instead?
        #expect(snapshotAgent.outputPresence == .none)
                                                 ^
/Users/user/Documents/Chainworks Forge/Chainworks ForgeTests/WorkflowMapProjectionTests.swift:537:49: note: explicitly specify 'Optional' to silence this warning
        #expect(snapshotAgent.outputPresence == .none)
                                                ^
                                                Optional
/Users/user/Documents/Chainworks Forge/Chainworks ForgeTests/WorkflowMapProjectionTests.swift:537:49: note: use 'OutputPresence.none' instead
        #expect(snapshotAgent.outputPresence == .none)
                                                ^
                                                OutputPresence
/Users/user/Documents/Chainworks Forge/Chainworks ForgeTests/WorkflowMapProjectionTests.swift:537:49: note: explicitly specify 'Optional' to silence this warning
        #expect(snapshotAgent.outputPresence == .none)
                                                ^
                                                Optional
/Users/user/Documents/Chainworks Forge/Chainworks ForgeTests/WorkflowMapProjectionTests.swift:537:49: note: use 'OutputPresence.none' instead
        #expect(snapshotAgent.outputPresence == .none)
                                                ^
                                                OutputPresence
@__swiftmacro_21Chainworks_ForgeTests0037WorkflowMapProjectionTestsswift_emGFlfMX536_8_6expectfMf0_.swift:1:77: warning: assuming you mean 'Optional<OutputPresence>.none'; did you mean 'OutputPresence.none' instead?
Testing.__checkBinaryOperation(snapshotAgent.outputPresence,{ $0 == $1() },.none,expression: .__fromBinaryOperation(.__fromSyntaxNode("snapshotAgent.outputPresence"),"==",.__fromSyntaxNode(".none")),comments: [],isRequired: false,sourceLocation: Testing.SourceLocation.__here()).__expected()
                                                                            ^
/Users/user/Documents/Chainworks Forge/Chainworks ForgeTests/WorkflowMapProjectionTests.swift:537:9: note: in expansion of macro 'expect' here
        #expect(snapshotAgent.outputPresence == .none)
        ^~~~~~~~~~~~~~~~~~~~~~~~~~~~~~~~~~~~~~~~~~~~~~
@__swiftmacro_21Chainworks_ForgeTests0037WorkflowMapProjectionTestsswift_emGFlfMX536_8_6expectfMf0_.swift:1:76: note: explicitly specify 'Optional' to silence this warning
Testing.__checkBinaryOperation(snapshotAgent.outputPresence,{ $0 == $1() },.none,expression: .__fromBinaryOperation(.__fromSyntaxNode("snapshotAgent.outputPresence"),"==",.__fromSyntaxNode(".none")),comments: [],isRequired: false,sourceLocation: Testing.SourceLocation.__here()).__expected()
                                                                           ^
@__swiftmacro_21Chainworks_ForgeTests0037WorkflowMapProjectionTestsswift_emGFlfMX536_8_6expectfMf0_.swift:1:76: note: use 'OutputPresence.none' instead
Testing.__checkBinaryOperation(snapshotAgent.outputPresence,{ $0 == $1() },.none,expression: .__fromBinaryOperation(.__fromSyntaxNode("snapshotAgent.outputPresence"),"==",.__fromSyntaxNode(".none")),comments: [],isRequired: false,sourceLocation: Testing.SourceLocation.__here()).__expected()
                                                                           ^
/Users/user/Documents/Chainworks Forge/Chainworks ForgeTests/WorkflowMapProjectionTests.swift:537:9: note: in expansion of macro 'expect' here
        #expect(snapshotAgent.outputPresence == .none)
        ^~~~~~~~~~~~~~~~~~~~~~~~~~~~~~~~~~~~~~~~~~~~~~
@__swiftmacro_21Chainworks_ForgeTests0037WorkflowMapProjectionTestsswift_emGFlfMX536_8_6expectfMf0_.swift:1:76: note: explicitly specify 'Optional' to silence this warning
Testing.__checkBinaryOperation(snapshotAgent.outputPresence,{ $0 == $1() },.none,expression: .__fromBinaryOperation(.__fromSyntaxNode("snapshotAgent.outputPresence"),"==",.__fromSyntaxNode(".none")),comments: [],isRequired: false,sourceLocation: Testing.SourceLocation.__here()).__expected()
                                                                           ^
@__swiftmacro_21Chainworks_ForgeTests0037WorkflowMapProjectionTestsswift_emGFlfMX536_8_6expectfMf0_.swift:1:76: note: use 'OutputPresence.none' instead
Testing.__checkBinaryOperation(snapshotAgent.outputPresence,{ $0 == $1() },.none,expression: .__fromBinaryOperation(.__fromSyntaxNode("snapshotAgent.outputPresence"),"==",.__fromSyntaxNode(".none")),comments: [],isRequired: false,sourceLocation: Testing.SourceLocation.__here()).__expected()
                                                                           ^
/Users/user/Documents/Chainworks Forge/Chainworks ForgeTests/WorktreeProvisionerTests.swift:37:27: warning: main actor-isolated initializer 'init()' cannot be called from outside of the actor; this is an error in the Swift 6 language mode
        let provisioner = WorktreeProvisioner()
                          ^~~~~~~~~~~~~~~~~~~~~
                          await 
/Users/user/Documents/Chainworks Forge/Chainworks ForgeTests/WorktreeProvisionerTests.swift:63:27: warning: main actor-isolated initializer 'init()' cannot be called from outside of the actor; this is an error in the Swift 6 language mode
        let provisioner = WorktreeProvisioner()
                          ^~~~~~~~~~~~~~~~~~~~~
                          await 
/Users/user/Documents/Chainworks Forge/Chainworks ForgeTests/WorktreeProvisionerTests.swift:96:27: warning: main actor-isolated initializer 'init()' cannot be called from outside of the actor; this is an error in the Swift 6 language mode
        let provisioner = WorktreeProvisioner()
                          ^~~~~~~~~~~~~~~~~~~~~
                          await 
@__swiftmacro_21Chainworks_ForgeTests0035WorktreeProvisionerTestsswift_IgGGkfMX106_8_6expectfMf_.swift:3:10: warning: main actor-isolated property 'worktreeRoot' cannot be accessed from outside of the actor; this is an error in the Swift 6 language mode
},result.worktreeRoot.path,expression: .__fromFunctionCall(.__fromSyntaxNode("FileManager.default"),"fileExists",("atPath",.__fromSyntaxNode("result.worktreeRoot.path"))),comments: [],isRequired: false,sourceLocation: Testing.SourceLocation.__here()).__expected()
  ~~~~~~~^~~~~~~~~~~~~~~~~
/Users/user/Documents/Chainworks Forge/Chainworks ForgeTests/WorktreeProvisionerTests.swift:107:9: note: in expansion of macro 'expect' here
        #expect(FileManager.default.fileExists(atPath: result.worktreeRoot.path))
        ^~~~~~~~~~~~~~~~~~~~~~~~~~~~~~~~~~~~~~~~~~~~~~~~~~~~~~~~~~~~~~~~~~~~~~~~~
/Users/user/Documents/Chainworks Forge/Chainworks ForgeTests/WorktreeProvisionerTests.swift:107:9: note: in expansion of macro 'expect' here
        #expect(FileManager.default.fileExists(atPath: result.worktreeRoot.path))
        ^~~~~~~~~~~~~~~~~~~~~~~~~~~~~~~~~~~~~~~~~~~~~~~~~~~~~~~~~~~~~~~~~~~~~~~~~
@__swiftmacro_21Chainworks_ForgeTests0035WorktreeProvisionerTestsswift_IgGGkfMX107_8_6expectfMf0_.swift:1:39: warning: main actor-isolated property 'branchName' cannot be accessed from outside of the actor; this is an error in the Swift 6 language mode
Testing.__checkBinaryOperation(result.branchName,{ $0 == $1() },"dogfood/test",expression: .__fromBinaryOperation(.__fromSyntaxNode("result.branchName"),"==",.__fromStringLiteral(#""dogfood/test""#, "dogfood/test")),comments: [],isRequired: false,sourceLocation: Testing.SourceLocation.__here()).__expected()
                                      ^
/Users/user/Documents/Chainworks Forge/Chainworks ForgeTests/WorktreeProvisionerTests.swift:108:9: note: in expansion of macro 'expect' here
        #expect(result.branchName == "dogfood/test")
        ^~~~~~~~~~~~~~~~~~~~~~~~~~~~~~~~~~~~~~~~~~~~
/Users/user/Documents/Chainworks Forge/Chainworks ForgeTests/WorktreeProvisionerTests.swift:108:9: note: in expansion of macro 'expect' here
        #expect(result.branchName == "dogfood/test")
        ^~~~~~~~~~~~~~~~~~~~~~~~~~~~~~~~~~~~~~~~~~~~
@__swiftmacro_21Chainworks_ForgeTests0035WorktreeProvisionerTestsswift_IgGGkfMX108_8_6expectfMf1_.swift:1:38: warning: main actor-isolated property 'baseRevision' cannot be accessed from outside of the actor; this is an error in the Swift 6 language mode
Testing.__checkPropertyAccess(result.baseRevision.self,getting: { $0.isEmpty },expression: .__fromNegation(.__fromPropertyAccess(.__fromSyntaxNode("result.baseRevision"),.__fromSyntaxNode("isEmpty")), false),comments: [],isRequired: false,sourceLocation: Testing.SourceLocation.__here()).__expected()
                                     ^
/Users/user/Documents/Chainworks Forge/Chainworks ForgeTests/WorktreeProvisionerTests.swift:109:9: note: in expansion of macro 'expect' here
        #expect(!result.baseRevision.isEmpty)
        ^~~~~~~~~~~~~~~~~~~~~~~~~~~~~~~~~~~~~
/Users/user/Documents/Chainworks Forge/Chainworks ForgeTests/WorktreeProvisionerTests.swift:109:9: note: in expansion of macro 'expect' here
        #expect(!result.baseRevision.isEmpty)
        ^~~~~~~~~~~~~~~~~~~~~~~~~~~~~~~~~~~~~
/Users/user/Documents/Chainworks Forge/Chainworks ForgeTests/WorktreeProvisionerTests.swift:129:27: warning: main actor-isolated initializer 'init()' cannot be called from outside of the actor; this is an error in the Swift 6 language mode
        let provisioner = WorktreeProvisioner()
                          ^~~~~~~~~~~~~~~~~~~~~
                          await 
@__swiftmacro_21Chainworks_ForgeTests0035WorktreeProvisionerTestsswift_IgGGkfMX139_8_6expectfMf_.swift:3:10: warning: main actor-isolated property 'worktreeRoot' cannot be accessed from outside of the actor; this is an error in the Swift 6 language mode
},result.worktreeRoot.path,expression: .__fromFunctionCall(.__fromSyntaxNode("FileManager.default"),"fileExists",("atPath",.__fromSyntaxNode("result.worktreeRoot.path"))),comments: [],isRequired: false,sourceLocation: Testing.SourceLocation.__here()).__expected()
  ~~~~~~~^~~~~~~~~~~~~~~~~
/Users/user/Documents/Chainworks Forge/Chainworks ForgeTests/WorktreeProvisionerTests.swift:140:9: note: in expansion of macro 'expect' here
        #expect(FileManager.default.fileExists(atPath: result.worktreeRoot.path))
        ^~~~~~~~~~~~~~~~~~~~~~~~~~~~~~~~~~~~~~~~~~~~~~~~~~~~~~~~~~~~~~~~~~~~~~~~~
/Users/user/Documents/Chainworks Forge/Chainworks ForgeTests/WorktreeProvisionerTests.swift:140:9: note: in expansion of macro 'expect' here
        #expect(FileManager.default.fileExists(atPath: result.worktreeRoot.path))
        ^~~~~~~~~~~~~~~~~~~~~~~~~~~~~~~~~~~~~~~~~~~~~~~~~~~~~~~~~~~~~~~~~~~~~~~~~
@__swiftmacro_21Chainworks_ForgeTests0035WorktreeProvisionerTestsswift_IgGGkfMX140_8_6expectfMf0_.swift:1:39: warning: main actor-isolated property 'branchName' cannot be accessed from outside of the actor; this is an error in the Swift 6 language mode
Testing.__checkBinaryOperation(result.branchName,{ $0 == $1() },"dogfood/test",expression: .__fromBinaryOperation(.__fromSyntaxNode("result.branchName"),"==",.__fromStringLiteral(#""dogfood/test""#, "dogfood/test")),comments: [],isRequired: false,sourceLocation: Testing.SourceLocation.__here()).__expected()
                                      ^
/Users/user/Documents/Chainworks Forge/Chainworks ForgeTests/WorktreeProvisionerTests.swift:141:9: note: in expansion of macro 'expect' here
        #expect(result.branchName == "dogfood/test")
        ^~~~~~~~~~~~~~~~~~~~~~~~~~~~~~~~~~~~~~~~~~~~
/Users/user/Documents/Chainworks Forge/Chainworks ForgeTests/WorktreeProvisionerTests.swift:141:9: note: in expansion of macro 'expect' here
        #expect(result.branchName == "dogfood/test")
        ^~~~~~~~~~~~~~~~~~~~~~~~~~~~~~~~~~~~~~~~~~~~
@__swiftmacro_21Chainworks_ForgeTests0035WorktreeProvisionerTestsswift_IgGGkfMX141_8_6expectfMf1_.swift:1:38: warning: main actor-isolated property 'baseRevision' cannot be accessed from outside of the actor; this is an error in the Swift 6 language mode
Testing.__checkPropertyAccess(result.baseRevision.self,getting: { $0.isEmpty },expression: .__fromNegation(.__fromPropertyAccess(.__fromSyntaxNode("result.baseRevision"),.__fromSyntaxNode("isEmpty")), false),comments: [],isRequired: false,sourceLocation: Testing.SourceLocation.__here()).__expected()
                                     ^
/Users/user/Documents/Chainworks Forge/Chainworks ForgeTests/WorktreeProvisionerTests.swift:142:9: note: in expansion of macro 'expect' here
        #expect(!result.baseRevision.isEmpty)
        ^~~~~~~~~~~~~~~~~~~~~~~~~~~~~~~~~~~~~
/Users/user/Documents/Chainworks Forge/Chainworks ForgeTests/WorktreeProvisionerTests.swift:142:9: note: in expansion of macro 'expect' here
        #expect(!result.baseRevision.isEmpty)
        ^~~~~~~~~~~~~~~~~~~~~~~~~~~~~~~~~~~~~

SwiftCompile normal arm64 Compiling\ ProjectRootPolicyTests.swift,\ Proposal013Tests.swift,\ Proposal015Tests.swift,\ Proposal019Tests.swift,\ Proposal022ScaffoldingTests.swift,\ Proposal022Tests.swift /Users/user/Documents/Chainworks\ Forge/Chainworks\ ForgeTests/ProjectRootPolicyTests.swift /Users/user/Documents/Chainworks\ Forge/Chainworks\ ForgeTests/Proposal013Tests.swift /Users/user/Documents/Chainworks\ Forge/Chainworks\ ForgeTests/Proposal015Tests.swift /Users/user/Documents/Chainworks\ Forge/Chainworks\ ForgeTests/Proposal019Tests.swift /Users/user/Documents/Chainworks\ Forge/Chainworks\ ForgeTests/Proposal022ScaffoldingTests.swift /Users/user/Documents/Chainworks\ Forge/Chainworks\ ForgeTests/Proposal022Tests.swift (in target 'Chainworks ForgeTests' from project 'Chainworks Forge')

SwiftCompile normal arm64 /Users/user/Documents/Chainworks\ Forge/Chainworks\ ForgeTests/ProjectRootPolicyTests.swift (in target 'Chainworks ForgeTests' from project 'Chainworks Forge')
    cd /Users/user/Documents/Chainworks\ Forge
    
/Users/user/Documents/Chainworks Forge/Chainworks ForgeTests/Proposal013Tests.swift:329:17: note: '#expect(_:_:)' will always pass here; use 'Bool(true)' to silence this warning (from macro 'expect')
        #expect(true)
                ^~~~
/Users/user/Documents/Chainworks Forge/Chainworks ForgeTests/Proposal013Tests.swift:306:13: warning: initialization of immutable value 'catalog' was never used; consider replacing with assignment to '_' or removing it
        let catalog = makeTestCatalog(withContracts: [
        ~~~~^~~~~~~
        _
/Users/user/Documents/Chainworks Forge/Chainworks ForgeTests/Proposal013Tests.swift:313:13: warning: initialization of immutable value 'agent' was never used; consider replacing with assignment to '_' or removing it
        let agent = makeTestResolvedAgent(outputContract: "proposal_review_v1")
        ~~~~^~~~~
        _
/Users/user/Documents/Chainworks Forge/Chainworks ForgeTests/Proposal013Tests.swift:315:13: warning: initialization of immutable value 'partialJSON' was never used; consider replacing with assignment to '_' or removing it
        let partialJSON = try! JSONSerialization.data(withJSONObject: [
        ~~~~^~~~~~~~~~~
        _
/Users/user/Documents/Chainworks Forge/Chainworks ForgeTests/Proposal013Tests.swift:378:42: warning: main actor-isolated conformance of 'ValidationFailureRecord' to 'Encodable' cannot be used in nonisolated context; this is an error in the Swift 6 language mode
        let encoded = try! JSONEncoder().encode(record)
                                         ^
/Users/user/Documents/Chainworks Forge/Chainworks ForgeTests/Proposal013Tests.swift:379:42: warning: main actor-isolated conformance of 'ValidationFailureRecord' to 'Decodable' cannot be used in nonisolated context; this is an error in the Swift 6 language mode
        let decoded = try! JSONDecoder().decode(ValidationFailureRecord.self, from: encoded)
                                         ^
/Users/user/Documents/Chainworks Forge/Chainworks ForgeTests/Proposal013Tests.swift:774:42: warning: main actor-isolated conformance of 'CompactionMetadata' to 'Encodable' cannot be used in nonisolated context; this is an error in the Swift 6 language mode
        let encoded = try! JSONEncoder().encode(metadata)
                                         ^
/Users/user/Documents/Chainworks Forge/Chainworks ForgeTests/Proposal013Tests.swift:775:42: warning: main actor-isolated conformance of 'CompactionMetadata' to 'Decodable' cannot be used in nonisolated context; this is an error in the Swift 6 language mode
        let decoded = try! JSONDecoder().decode(CompactionMetadata.self, from: encoded)
                                         ^
/Users/user/Documents/Chainworks Forge/Chainworks ForgeTests/Proposal013Tests.swift:808:42: warning: main actor-isolated conformance of 'DeclarativeCoverageReport' to 'Encodable' cannot be used in nonisolated context; this is an error in the Swift 6 language mode
        let encoded = try! JSONEncoder().encode(report)
                                         ^
/Users/user/Documents/Chainworks Forge/Chainworks ForgeTests/Proposal013Tests.swift:809:42: warning: main actor-isolated conformance of 'DeclarativeCoverageReport' to 'Decodable' cannot be used in nonisolated context; this is an error in the Swift 6 language mode
        let decoded = try! JSONDecoder().decode(DeclarativeCoverageReport.self, from: encoded)
                                         ^

SwiftCompile normal arm64 /Users/user/Documents/Chainworks\ Forge/Chainworks\ ForgeTests/Proposal013Tests.swift (in target 'Chainworks ForgeTests' from project 'Chainworks Forge')
    cd /Users/user/Documents/Chainworks\ Forge
    
/Users/user/Documents/Chainworks Forge/Chainworks ForgeTests/Proposal013Tests.swift:329:17: note: '#expect(_:_:)' will always pass here; use 'Bool(true)' to silence this warning (from macro 'expect')
        #expect(true)
                ^~~~
/Users/user/Documents/Chainworks Forge/Chainworks ForgeTests/Proposal013Tests.swift:306:13: warning: initialization of immutable value 'catalog' was never used; consider replacing with assignment to '_' or removing it
        let catalog = makeTestCatalog(withContracts: [
        ~~~~^~~~~~~
        _
/Users/user/Documents/Chainworks Forge/Chainworks ForgeTests/Proposal013Tests.swift:313:13: warning: initialization of immutable value 'agent' was never used; consider replacing with assignment to '_' or removing it
        let agent = makeTestResolvedAgent(outputContract: "proposal_review_v1")
        ~~~~^~~~~
        _
/Users/user/Documents/Chainworks Forge/Chainworks ForgeTests/Proposal013Tests.swift:315:13: warning: initialization of immutable value 'partialJSON' was never used; consider replacing with assignment to '_' or removing it
        let partialJSON = try! JSONSerialization.data(withJSONObject: [
        ~~~~^~~~~~~~~~~
        _
/Users/user/Documents/Chainworks Forge/Chainworks ForgeTests/Proposal013Tests.swift:378:42: warning: main actor-isolated conformance of 'ValidationFailureRecord' to 'Encodable' cannot be used in nonisolated context; this is an error in the Swift 6 language mode
        let encoded = try! JSONEncoder().encode(record)
                                         ^
/Users/user/Documents/Chainworks Forge/Chainworks ForgeTests/Proposal013Tests.swift:379:42: warning: main actor-isolated conformance of 'ValidationFailureRecord' to 'Decodable' cannot be used in nonisolated context; this is an error in the Swift 6 language mode
        let decoded = try! JSONDecoder().decode(ValidationFailureRecord.self, from: encoded)
                                         ^
/Users/user/Documents/Chainworks Forge/Chainworks ForgeTests/Proposal013Tests.swift:774:42: warning: main actor-isolated conformance of 'CompactionMetadata' to 'Encodable' cannot be used in nonisolated context; this is an error in the Swift 6 language mode
        let encoded = try! JSONEncoder().encode(metadata)
                                         ^
/Users/user/Documents/Chainworks Forge/Chainworks ForgeTests/Proposal013Tests.swift:775:42: warning: main actor-isolated conformance of 'CompactionMetadata' to 'Decodable' cannot be used in nonisolated context; this is an error in the Swift 6 language mode
        let decoded = try! JSONDecoder().decode(CompactionMetadata.self, from: encoded)
                                         ^
/Users/user/Documents/Chainworks Forge/Chainworks ForgeTests/Proposal013Tests.swift:808:42: warning: main actor-isolated conformance of 'DeclarativeCoverageReport' to 'Encodable' cannot be used in nonisolated context; this is an error in the Swift 6 language mode
        let encoded = try! JSONEncoder().encode(report)
                                         ^
/Users/user/Documents/Chainworks Forge/Chainworks ForgeTests/Proposal013Tests.swift:809:42: warning: main actor-isolated conformance of 'DeclarativeCoverageReport' to 'Decodable' cannot be used in nonisolated context; this is an error in the Swift 6 language mode
        let decoded = try! JSONDecoder().decode(DeclarativeCoverageReport.self, from: encoded)
                                         ^

SwiftCompile normal arm64 /Users/user/Documents/Chainworks\ Forge/Chainworks\ ForgeTests/Proposal015Tests.swift (in target 'Chainworks ForgeTests' from project 'Chainworks Forge')
    cd /Users/user/Documents/Chainworks\ Forge
    
/Users/user/Documents/Chainworks Forge/Chainworks ForgeTests/Proposal013Tests.swift:329:17: note: '#expect(_:_:)' will always pass here; use 'Bool(true)' to silence this warning (from macro 'expect')
        #expect(true)
                ^~~~
/Users/user/Documents/Chainworks Forge/Chainworks ForgeTests/Proposal013Tests.swift:306:13: warning: initialization of immutable value 'catalog' was never used; consider replacing with assignment to '_' or removing it
        let catalog = makeTestCatalog(withContracts: [
        ~~~~^~~~~~~
        _
/Users/user/Documents/Chainworks Forge/Chainworks ForgeTests/Proposal013Tests.swift:313:13: warning: initialization of immutable value 'agent' was never used; consider replacing with assignment to '_' or removing it
        let agent = makeTestResolvedAgent(outputContract: "proposal_review_v1")
        ~~~~^~~~~
        _
/Users/user/Documents/Chainworks Forge/Chainworks ForgeTests/Proposal013Tests.swift:315:13: warning: initialization of immutable value 'partialJSON' was never used; consider replacing with assignment to '_' or removing it
        let partialJSON = try! JSONSerialization.data(withJSONObject: [
        ~~~~^~~~~~~~~~~
        _
/Users/user/Documents/Chainworks Forge/Chainworks ForgeTests/Proposal013Tests.swift:378:42: warning: main actor-isolated conformance of 'ValidationFailureRecord' to 'Encodable' cannot be used in nonisolated context; this is an error in the Swift 6 language mode
        let encoded = try! JSONEncoder().encode(record)
                                         ^
/Users/user/Documents/Chainworks Forge/Chainworks ForgeTests/Proposal013Tests.swift:379:42: warning: main actor-isolated conformance of 'ValidationFailureRecord' to 'Decodable' cannot be used in nonisolated context; this is an error in the Swift 6 language mode
        let decoded = try! JSONDecoder().decode(ValidationFailureRecord.self, from: encoded)
                                         ^
/Users/user/Documents/Chainworks Forge/Chainworks ForgeTests/Proposal013Tests.swift:774:42: warning: main actor-isolated conformance of 'CompactionMetadata' to 'Encodable' cannot be used in nonisolated context; this is an error in the Swift 6 language mode
        let encoded = try! JSONEncoder().encode(metadata)
                                         ^
/Users/user/Documents/Chainworks Forge/Chainworks ForgeTests/Proposal013Tests.swift:775:42: warning: main actor-isolated conformance of 'CompactionMetadata' to 'Decodable' cannot be used in nonisolated context; this is an error in the Swift 6 language mode
        let decoded = try! JSONDecoder().decode(CompactionMetadata.self, from: encoded)
                                         ^
/Users/user/Documents/Chainworks Forge/Chainworks ForgeTests/Proposal013Tests.swift:808:42: warning: main actor-isolated conformance of 'DeclarativeCoverageReport' to 'Encodable' cannot be used in nonisolated context; this is an error in the Swift 6 language mode
        let encoded = try! JSONEncoder().encode(report)
                                         ^
/Users/user/Documents/Chainworks Forge/Chainworks ForgeTests/Proposal013Tests.swift:809:42: warning: main actor-isolated conformance of 'DeclarativeCoverageReport' to 'Decodable' cannot be used in nonisolated context; this is an error in the Swift 6 language mode
        let decoded = try! JSONDecoder().decode(DeclarativeCoverageReport.self, from: encoded)
                                         ^
/Users/user/Documents/Chainworks Forge/Chainworks ForgeTests/Proposal015Tests.swift:150:13: warning: initialization of immutable value 'repoRoot' was never used; consider replacing with assignment to '_' or removing it
        let repoRoot = AppConfiguration.defaultRepositoryRoot()
        ~~~~^~~~~~~~
        _

SwiftCompile normal arm64 /Users/user/Documents/Chainworks\ Forge/Chainworks\ ForgeTests/Proposal019Tests.swift (in target 'Chainworks ForgeTests' from project 'Chainworks Forge')
    cd /Users/user/Documents/Chainworks\ Forge
    
/Users/user/Documents/Chainworks Forge/Chainworks ForgeTests/Proposal013Tests.swift:329:17: note: '#expect(_:_:)' will always pass here; use 'Bool(true)' to silence this warning (from macro 'expect')
        #expect(true)
                ^~~~
/Users/user/Documents/Chainworks Forge/Chainworks ForgeTests/Proposal013Tests.swift:306:13: warning: initialization of immutable value 'catalog' was never used; consider replacing with assignment to '_' or removing it
        let catalog = makeTestCatalog(withContracts: [
        ~~~~^~~~~~~
        _
/Users/user/Documents/Chainworks Forge/Chainworks ForgeTests/Proposal013Tests.swift:313:13: warning: initialization of immutable value 'agent' was never used; consider replacing with assignment to '_' or removing it
        let agent = makeTestResolvedAgent(outputContract: "proposal_review_v1")
        ~~~~^~~~~
        _
/Users/user/Documents/Chainworks Forge/Chainworks ForgeTests/Proposal013Tests.swift:315:13: warning: initialization of immutable value 'partialJSON' was never used; consider replacing with assignment to '_' or removing it
        let partialJSON = try! JSONSerialization.data(withJSONObject: [
        ~~~~^~~~~~~~~~~
        _
/Users/user/Documents/Chainworks Forge/Chainworks ForgeTests/Proposal013Tests.swift:378:42: warning: main actor-isolated conformance of 'ValidationFailureRecord' to 'Encodable' cannot be used in nonisolated context; this is an error in the Swift 6 language mode
        let encoded = try! JSONEncoder().encode(record)
                                         ^
/Users/user/Documents/Chainworks Forge/Chainworks ForgeTests/Proposal013Tests.swift:379:42: warning: main actor-isolated conformance of 'ValidationFailureRecord' to 'Decodable' cannot be used in nonisolated context; this is an error in the Swift 6 language mode
        let decoded = try! JSONDecoder().decode(ValidationFailureRecord.self, from: encoded)
                                         ^
/Users/user/Documents/Chainworks Forge/Chainworks ForgeTests/Proposal013Tests.swift:774:42: warning: main actor-isolated conformance of 'CompactionMetadata' to 'Encodable' cannot be used in nonisolated context; this is an error in the Swift 6 language mode
        let encoded = try! JSONEncoder().encode(metadata)
                                         ^
/Users/user/Documents/Chainworks Forge/Chainworks ForgeTests/Proposal013Tests.swift:775:42: warning: main actor-isolated conformance of 'CompactionMetadata' to 'Decodable' cannot be used in nonisolated context; this is an error in the Swift 6 language mode
        let decoded = try! JSONDecoder().decode(CompactionMetadata.self, from: encoded)
                                         ^
/Users/user/Documents/Chainworks Forge/Chainworks ForgeTests/Proposal013Tests.swift:808:42: warning: main actor-isolated conformance of 'DeclarativeCoverageReport' to 'Encodable' cannot be used in nonisolated context; this is an error in the Swift 6 language mode
        let encoded = try! JSONEncoder().encode(report)
                                         ^
/Users/user/Documents/Chainworks Forge/Chainworks ForgeTests/Proposal013Tests.swift:809:42: warning: main actor-isolated conformance of 'DeclarativeCoverageReport' to 'Decodable' cannot be used in nonisolated context; this is an error in the Swift 6 language mode
        let decoded = try! JSONDecoder().decode(DeclarativeCoverageReport.self, from: encoded)
                                         ^
/Users/user/Documents/Chainworks Forge/Chainworks ForgeTests/Proposal019Tests.swift:645:43: warning: '#require(_:_:)' is redundant because 'comparison.strategyRecommendation' never equals 'nil' (from macro 'require')
        let recommendation = try #require(comparison.strategyRecommendation)
                                          ^~~~~~~~~~~~~~~~~~~~~~~~~~~~~~~~~
/Users/user/Documents/Chainworks Forge/Chainworks ForgeTests/Proposal019Tests.swift:694:43: warning: '#require(_:_:)' is redundant because 'comparison.strategyRecommendation' never equals 'nil' (from macro 'require')
        let recommendation = try #require(comparison.strategyRecommendation)
                                          ^~~~~~~~~~~~~~~~~~~~~~~~~~~~~~~~~
/Users/user/Documents/Chainworks Forge/Chainworks ForgeTests/Proposal019Tests.swift:1180:26: warning: main actor-isolated conformance of 'SessionReuseKPIExporter.RunKPISummary' to 'Encodable' cannot be used in nonisolated context; this is an error in the Swift 6 language mode
    return (try? encoder.encode(summary)) ?? Data()
                         ^

SwiftCompile normal arm64 /Users/user/Documents/Chainworks\ Forge/Chainworks\ ForgeTests/Proposal022ScaffoldingTests.swift (in target 'Chainworks ForgeTests' from project 'Chainworks Forge')
    cd /Users/user/Documents/Chainworks\ Forge
    
/Users/user/Documents/Chainworks Forge/Chainworks ForgeTests/Proposal013Tests.swift:329:17: note: '#expect(_:_:)' will always pass here; use 'Bool(true)' to silence this warning (from macro 'expect')
        #expect(true)
                ^~~~
/Users/user/Documents/Chainworks Forge/Chainworks ForgeTests/Proposal013Tests.swift:306:13: warning: initialization of immutable value 'catalog' was never used; consider replacing with assignment to '_' or removing it
        let catalog = makeTestCatalog(withContracts: [
        ~~~~^~~~~~~
        _
/Users/user/Documents/Chainworks Forge/Chainworks ForgeTests/Proposal013Tests.swift:313:13: warning: initialization of immutable value 'agent' was never used; consider replacing with assignment to '_' or removing it
        let agent = makeTestResolvedAgent(outputContract: "proposal_review_v1")
        ~~~~^~~~~
        _
/Users/user/Documents/Chainworks Forge/Chainworks ForgeTests/Proposal013Tests.swift:315:13: warning: initialization of immutable value 'partialJSON' was never used; consider replacing with assignment to '_' or removing it
        let partialJSON = try! JSONSerialization.data(withJSONObject: [
        ~~~~^~~~~~~~~~~
        _
/Users/user/Documents/Chainworks Forge/Chainworks ForgeTests/Proposal013Tests.swift:378:42: warning: main actor-isolated conformance of 'ValidationFailureRecord' to 'Encodable' cannot be used in nonisolated context; this is an error in the Swift 6 language mode
        let encoded = try! JSONEncoder().encode(record)
                                         ^
/Users/user/Documents/Chainworks Forge/Chainworks ForgeTests/Proposal013Tests.swift:379:42: warning: main actor-isolated conformance of 'ValidationFailureRecord' to 'Decodable' cannot be used in nonisolated context; this is an error in the Swift 6 language mode
        let decoded = try! JSONDecoder().decode(ValidationFailureRecord.self, from: encoded)
                                         ^
/Users/user/Documents/Chainworks Forge/Chainworks ForgeTests/Proposal013Tests.swift:774:42: warning: main actor-isolated conformance of 'CompactionMetadata' to 'Encodable' cannot be used in nonisolated context; this is an error in the Swift 6 language mode
        let encoded = try! JSONEncoder().encode(metadata)
                                         ^
/Users/user/Documents/Chainworks Forge/Chainworks ForgeTests/Proposal013Tests.swift:775:42: warning: main actor-isolated conformance of 'CompactionMetadata' to 'Decodable' cannot be used in nonisolated context; this is an error in the Swift 6 language mode
        let decoded = try! JSONDecoder().decode(CompactionMetadata.self, from: encoded)
                                         ^
/Users/user/Documents/Chainworks Forge/Chainworks ForgeTests/Proposal013Tests.swift:808:42: warning: main actor-isolated conformance of 'DeclarativeCoverageReport' to 'Encodable' cannot be used in nonisolated context; this is an error in the Swift 6 language mode
        let encoded = try! JSONEncoder().encode(report)
                                         ^
/Users/user/Documents/Chainworks Forge/Chainworks ForgeTests/Proposal013Tests.swift:809:42: warning: main actor-isolated conformance of 'DeclarativeCoverageReport' to 'Decodable' cannot be used in nonisolated context; this is an error in the Swift 6 language mode
        let decoded = try! JSONDecoder().decode(DeclarativeCoverageReport.self, from: encoded)
                                         ^
/Users/user/Documents/Chainworks Forge/Chainworks ForgeTests/Proposal022ScaffoldingTests.swift:81:38: warning: main actor-isolated conformance of 'ReviewCorpusBundle' to 'Encodable' cannot be used in nonisolated context; this is an error in the Swift 6 language mode
        let data = try JSONEncoder().encode(bundle)
                                     ^
/Users/user/Documents/Chainworks Forge/Chainworks ForgeTests/Proposal022ScaffoldingTests.swift:82:41: warning: main actor-isolated conformance of 'ReviewCorpusBundle' to 'Decodable' cannot be used in nonisolated context; this is an error in the Swift 6 language mode
        let decoded = try JSONDecoder().decode(ReviewCorpusBundle.self, from: data)
                                        ^

SwiftCompile normal arm64 /Users/user/Documents/Chainworks\ Forge/Chainworks\ ForgeTests/Proposal022Tests.swift (in target 'Chainworks ForgeTests' from project 'Chainworks Forge')
    cd /Users/user/Documents/Chainworks\ Forge
    
/Users/user/Documents/Chainworks Forge/Chainworks ForgeTests/Proposal013Tests.swift:329:17: note: '#expect(_:_:)' will always pass here; use 'Bool(true)' to silence this warning (from macro 'expect')
        #expect(true)
                ^~~~
/Users/user/Documents/Chainworks Forge/Chainworks ForgeTests/Proposal013Tests.swift:306:13: warning: initialization of immutable value 'catalog' was never used; consider replacing with assignment to '_' or removing it
        let catalog = makeTestCatalog(withContracts: [
        ~~~~^~~~~~~
        _
/Users/user/Documents/Chainworks Forge/Chainworks ForgeTests/Proposal013Tests.swift:313:13: warning: initialization of immutable value 'agent' was never used; consider replacing with assignment to '_' or removing it
        let agent = makeTestResolvedAgent(outputContract: "proposal_review_v1")
        ~~~~^~~~~
        _
/Users/user/Documents/Chainworks Forge/Chainworks ForgeTests/Proposal013Tests.swift:315:13: warning: initialization of immutable value 'partialJSON' was never used; consider replacing with assignment to '_' or removing it
        let partialJSON = try! JSONSerialization.data(withJSONObject: [
        ~~~~^~~~~~~~~~~
        _
/Users/user/Documents/Chainworks Forge/Chainworks ForgeTests/Proposal013Tests.swift:378:42: warning: main actor-isolated conformance of 'ValidationFailureRecord' to 'Encodable' cannot be used in nonisolated context; this is an error in the Swift 6 language mode
        let encoded = try! JSONEncoder().encode(record)
                                         ^
/Users/user/Documents/Chainworks Forge/Chainworks ForgeTests/Proposal013Tests.swift:379:42: warning: main actor-isolated conformance of 'ValidationFailureRecord' to 'Decodable' cannot be used in nonisolated context; this is an error in the Swift 6 language mode
        let decoded = try! JSONDecoder().decode(ValidationFailureRecord.self, from: encoded)
                                         ^
/Users/user/Documents/Chainworks Forge/Chainworks ForgeTests/Proposal013Tests.swift:774:42: warning: main actor-isolated conformance of 'CompactionMetadata' to 'Encodable' cannot be used in nonisolated context; this is an error in the Swift 6 language mode
        let encoded = try! JSONEncoder().encode(metadata)
                                         ^
/Users/user/Documents/Chainworks Forge/Chainworks ForgeTests/Proposal013Tests.swift:775:42: warning: main actor-isolated conformance of 'CompactionMetadata' to 'Decodable' cannot be used in nonisolated context; this is an error in the Swift 6 language mode
        let decoded = try! JSONDecoder().decode(CompactionMetadata.self, from: encoded)
                                         ^
/Users/user/Documents/Chainworks Forge/Chainworks ForgeTests/Proposal013Tests.swift:808:42: warning: main actor-isolated conformance of 'DeclarativeCoverageReport' to 'Encodable' cannot be used in nonisolated context; this is an error in the Swift 6 language mode
        let encoded = try! JSONEncoder().encode(report)
                                         ^
/Users/user/Documents/Chainworks Forge/Chainworks ForgeTests/Proposal013Tests.swift:809:42: warning: main actor-isolated conformance of 'DeclarativeCoverageReport' to 'Decodable' cannot be used in nonisolated context; this is an error in the Swift 6 language mode
        let decoded = try! JSONDecoder().decode(DeclarativeCoverageReport.self, from: encoded)
                                         ^

SwiftDriverJobDiscovery normal arm64 Compiling SharedMocks.swift, SimulatedAgentExecutorTests.swift, SourceContextBuilderTests.swift, SupervisorTests.swift, TestSupport.swift (in target 'Chainworks ForgeTests' from project 'Chainworks Forge')

SwiftDriverJobDiscovery normal arm64 Compiling TestTags.swift, TransitionEvaluatorTests.swift, WorkflowMapProjectionTests.swift, WorkspaceIsolationTests.swift, WorktreeProvisionerTests.swift (in target 'Chainworks ForgeTests' from project 'Chainworks Forge')

SwiftDriverJobDiscovery normal arm64 Emitting module for Chainworks_ForgeTests (in target 'Chainworks ForgeTests' from project 'Chainworks Forge')

SwiftDriver\ Compilation\ Requirements Chainworks\ ForgeTests normal arm64 com.apple.xcode.tools.swift.compiler (in target 'Chainworks ForgeTests' from project 'Chainworks Forge')
    cd /Users/user/Documents/Chainworks\ Forge
    builtin-Swift-Compilation-Requirements -- /Applications/Xcode.app/Contents/Developer/Toolchains/XcodeDefault.xctoolchain/usr/bin/swiftc -module-name Chainworks_ForgeTests -Onone @/var/folders/fj/v77kf6rs4dz1ybsm1_1_qhb00000gn/T/chainworks-test-gates/p042-swift-20260420T063001Z-DerivedData/Build/Intermediates.noindex/Chainworks\ Forge.build/Debug/Chainworks\ ForgeTests.build/Objects-normal/arm64/Chainworks\ ForgeTests.SwiftFileList -DDEBUG -plugin-path /Applications/Xcode.app/Contents/Developer/Toolchains/XcodeDefault.xctoolchain/usr/lib/swift/host/plugins/testing -enable-bare-slash-regex -enable-upcoming-feature DisableOutwardActorInference -enable-upcoming-feature InferSendableFromCaptures -enable-upcoming-feature GlobalActorIsolatedTypesUsability -enable-upcoming-feature MemberImportVisibility -enable-upcoming-feature InferIsolatedConformances -enable-upcoming-feature NonisolatedNonsendingByDefault -enable-experimental-feature DebugDescriptionMacro -sdk /Applications/Xcode.app/Contents/Developer/Platforms/MacOSX.platform/Developer/SDKs/MacOSX26.4.sdk -target arm64-apple-macos26.2 -g -module-cache-path /var/folders/fj/v77kf6rs4dz1ybsm1_1_qhb00000gn/T/chainworks-test-gates/p042-swift-20260420T063001Z-DerivedData/ModuleCache.noindex -Xfrontend -serialize-debugging-options -profile-coverage-mapping -profile-generate -enable-testing -index-store-path /var/folders/fj/v77kf6rs4dz1ybsm1_1_qhb00000gn/T/chainworks-test-gates/p042-swift-20260420T063001Z-DerivedData/Index.noindex/DataStore -Xcc -D_LIBCPP_HARDENING_MODE\=_LIBCPP_HARDENING_MODE_DEBUG -swift-version 5 -I /var/folders/fj/v77kf6rs4dz1ybsm1_1_qhb00000gn/T/chainworks-test-gates/p042-swift-20260420T063001Z-DerivedData/Build/Products/Debug -Isystem /Applications/Xcode.app/Contents/Developer/Platforms/MacOSX.platform/Developer/usr/lib -F /var/folders/fj/v77kf6rs4dz1ybsm1_1_qhb00000gn/T/chainworks-test-gates/p042-swift-20260420T063001Z-DerivedData/Build/Products/Debug/PackageFrameworks -F /var/folders/fj/v77kf6rs4dz1ybsm1_1_qhb00000gn/T/chainworks-test-gates/p042-swift-20260420T063001Z-DerivedData/Build/Products/Debug/PackageFrameworks -F /var/folders/fj/v77kf6rs4dz1ybsm1_1_qhb00000gn/T/chainworks-test-gates/p042-swift-20260420T063001Z-DerivedData/Build/Products/Debug/PackageFrameworks -F /var/folders/fj/v77kf6rs4dz1ybsm1_1_qhb00000gn/T/chainworks-test-gates/p042-swift-20260420T063001Z-DerivedData/Build/Products/Debug/PackageFrameworks -F /var/folders/fj/v77kf6rs4dz1ybsm1_1_qhb00000gn/T/chainworks-test-gates/p042-swift-20260420T063001Z-DerivedData/Build/Products/Debug -F /Applications/Xcode.app/Contents/Developer/Platforms/MacOSX.platform/Developer/Library/Frameworks -c -j10 -enable-batch-mode -incremental -Xcc -ivfsstatcache -Xcc /var/folders/fj/v77kf6rs4dz1ybsm1_1_qhb00000gn/T/chainworks-test-gates/p042-swift-20260420T063001Z-DerivedData/SDKStatCaches.noindex/macosx26.4-25E251-30f9ca8789b706f8bd3fc906a70d770f.sdkstatcache -output-file-map /var/folders/fj/v77kf6rs4dz1ybsm1_1_qhb00000gn/T/chainworks-test-gates/p042-swift-20260420T063001Z-DerivedData/Build/Intermediates.noindex/Chainworks\ Forge.build/Debug/Chainworks\ ForgeTests.build/Objects-normal/arm64/Chainworks\ ForgeTests-OutputFileMap.json -use-frontend-parseable-output -save-temps -no-color-diagnostics -explicit-module-build -module-cache-path /var/folders/fj/v77kf6rs4dz1ybsm1_1_qhb00000gn/T/chainworks-test-gates/p042-swift-20260420T063001Z-DerivedData/Build/Intermediates.noindex/SwiftExplicitPrecompiledModules -clang-scanner-module-cache-path /var/folders/fj/v77kf6rs4dz1ybsm1_1_qhb00000gn/T/chainworks-test-gates/p042-swift-20260420T063001Z-DerivedData/ModuleCache.noindex -sdk-module-cache-path /var/folders/fj/v77kf6rs4dz1ybsm1_1_qhb00000gn/T/chainworks-test-gates/p042-swift-20260420T063001Z-DerivedData/ModuleCache.noindex -serialize-diagnostics -emit-dependencies -emit-module -emit-module-path /var/folders/fj/v77kf6rs4dz1ybsm1_1_qhb00000gn/T/chainworks-test-gates/p042-swift-20260420T063001Z-DerivedData/Build/Intermediates.noindex/Chainworks\ Forge.build/Debug/Chainworks\ ForgeTests.build/Objects-normal/arm64/Chainworks_ForgeTests.swiftmodule -validate-clang-modules-once -clang-build-session-file /var/folders/fj/v77kf6rs4dz1ybsm1_1_qhb00000gn/T/chainworks-test-gates/p042-swift-20260420T063001Z-DerivedData/ModuleCache.noindex/Session.modulevalidation -Xcc -I/var/folders/fj/v77kf6rs4dz1ybsm1_1_qhb00000gn/T/chainworks-test-gates/p042-swift-20260420T063001Z-DerivedData/Build/Intermediates.noindex/Chainworks\ Forge.build/Debug/Chainworks\ ForgeTests.build/swift-overrides.hmap -emit-const-values -Xfrontend -const-gather-protocols-file -Xfrontend /var/folders/fj/v77kf6rs4dz1ybsm1_1_qhb00000gn/T/chainworks-test-gates/p042-swift-20260420T063001Z-DerivedData/Build/Intermediates.noindex/Chainworks\ Forge.build/Debug/Chainworks\ ForgeTests.build/Objects-normal/arm64/Chainworks\ ForgeTests_const_extract_protocols.json -Xcc -iquote -Xcc /var/folders/fj/v77kf6rs4dz1ybsm1_1_qhb00000gn/T/chainworks-test-gates/p042-swift-20260420T063001Z-DerivedData/Build/Intermediates.noindex/Chainworks\ Forge.build/Debug/Chainworks\ ForgeTests.build/Chainworks\ ForgeTests-generated-files.hmap -Xcc -I/var/folders/fj/v77kf6rs4dz1ybsm1_1_qhb00000gn/T/chainworks-test-gates/p042-swift-20260420T063001Z-DerivedData/Build/Intermediates.noindex/Chainworks\ Forge.build/Debug/Chainworks\ ForgeTests.build/Chainworks\ ForgeTests-own-target-headers.hmap -Xcc -I/var/folders/fj/v77kf6rs4dz1ybsm1_1_qhb00000gn/T/chainworks-test-gates/p042-swift-20260420T063001Z-DerivedData/Build/Intermediates.noindex/Chainworks\ Forge.build/Debug/Chainworks\ ForgeTests.build/Chainworks\ ForgeTests-all-non-framework-target-headers.hmap -Xcc -ivfsoverlay -Xcc /var/folders/fj/v77kf6rs4dz1ybsm1_1_qhb00000gn/T/chainworks-test-gates/p042-swift-20260420T063001Z-DerivedData/Build/Intermediates.noindex/Chainworks\ Forge.build/Debug/Chainworks\ Forge-6a18b84c5887fced543750989b10baf6-VFS/all-product-headers.yaml -Xcc -iquote -Xcc /var/folders/fj/v77kf6rs4dz1ybsm1_1_qhb00000gn/T/chainworks-test-gates/p042-swift-20260420T063001Z-DerivedData/Build/Intermediates.noindex/Chainworks\ Forge.build/Debug/Chainworks\ ForgeTests.build/Chainworks\ ForgeTests-project-headers.hmap -Xcc -I/var/folders/fj/v77kf6rs4dz1ybsm1_1_qhb00000gn/T/chainworks-test-gates/p042-swift-20260420T063001Z-DerivedData/SourcePackages/checkouts/Yams/Sources/CYaml/include -Xcc -I/var/folders/fj/v77kf6rs4dz1ybsm1_1_qhb00000gn/T/chainworks-test-gates/p042-swift-20260420T063001Z-DerivedData/SourcePackages/checkouts/Yams/Sources/CYaml/include -Xcc -I/var/folders/fj/v77kf6rs4dz1ybsm1_1_qhb00000gn/T/chainworks-test-gates/p042-swift-20260420T063001Z-DerivedData/Build/Products/Debug/include -Xcc -I/var/folders/fj/v77kf6rs4dz1ybsm1_1_qhb00000gn/T/chainworks-test-gates/p042-swift-20260420T063001Z-DerivedData/Build/Intermediates.noindex/Chainworks\ Forge.build/Debug/Chainworks\ ForgeTests.build/DerivedSources-normal/arm64 -Xcc -I/var/folders/fj/v77kf6rs4dz1ybsm1_1_qhb00000gn/T/chainworks-test-gates/p042-swift-20260420T063001Z-DerivedData/Build/Intermediates.noindex/Chainworks\ Forge.build/Debug/Chainworks\ ForgeTests.build/DerivedSources/arm64 -Xcc -I/var/folders/fj/v77kf6rs4dz1ybsm1_1_qhb00000gn/T/chainworks-test-gates/p042-swift-20260420T063001Z-DerivedData/Build/Intermediates.noindex/Chainworks\ Forge.build/Debug/Chainworks\ ForgeTests.build/DerivedSources -Xcc -DDEBUG\=1 -emit-objc-header -emit-objc-header-path /var/folders/fj/v77kf6rs4dz1ybsm1_1_qhb00000gn/T/chainworks-test-gates/p042-swift-20260420T063001Z-DerivedData/Build/Intermediates.noindex/Chainworks\ Forge.build/Debug/Chainworks\ ForgeTests.build/Objects-normal/arm64/Chainworks_ForgeTests-Swift.h -working-directory /Users/user/Documents/Chainworks\ Forge -experimental-emit-module-separately -disable-cmo

Copy /var/folders/fj/v77kf6rs4dz1ybsm1_1_qhb00000gn/T/chainworks-test-gates/p042-swift-20260420T063001Z-DerivedData/Build/Products/Debug/Chainworks_ForgeTests.swiftmodule/arm64-apple-macos.swiftmodule /var/folders/fj/v77kf6rs4dz1ybsm1_1_qhb00000gn/T/chainworks-test-gates/p042-swift-20260420T063001Z-DerivedData/Build/Intermediates.noindex/Chainworks\ Forge.build/Debug/Chainworks\ ForgeTests.build/Objects-normal/arm64/Chainworks_ForgeTests.swiftmodule (in target 'Chainworks ForgeTests' from project 'Chainworks Forge')
    cd /Users/user/Documents/Chainworks\ Forge
    builtin-copy -exclude .DS_Store -exclude CVS -exclude .svn -exclude .git -exclude .hg -resolve-src-symlinks -rename /var/folders/fj/v77kf6rs4dz1ybsm1_1_qhb00000gn/T/chainworks-test-gates/p042-swift-20260420T063001Z-DerivedData/Build/Intermediates.noindex/Chainworks\ Forge.build/Debug/Chainworks\ ForgeTests.build/Objects-normal/arm64/Chainworks_ForgeTests.swiftmodule /var/folders/fj/v77kf6rs4dz1ybsm1_1_qhb00000gn/T/chainworks-test-gates/p042-swift-20260420T063001Z-DerivedData/Build/Products/Debug/Chainworks_ForgeTests.swiftmodule/arm64-apple-macos.swiftmodule

SwiftMergeGeneratedHeaders /var/folders/fj/v77kf6rs4dz1ybsm1_1_qhb00000gn/T/chainworks-test-gates/p042-swift-20260420T063001Z-DerivedData/Build/Intermediates.noindex/Chainworks\ Forge.build/Debug/Chainworks\ ForgeTests.build/DerivedSources/Chainworks_ForgeTests-Swift.h /var/folders/fj/v77kf6rs4dz1ybsm1_1_qhb00000gn/T/chainworks-test-gates/p042-swift-20260420T063001Z-DerivedData/Build/Intermediates.noindex/Chainworks\ Forge.build/Debug/Chainworks\ ForgeTests.build/Objects-normal/arm64/Chainworks_ForgeTests-Swift.h (in target 'Chainworks ForgeTests' from project 'Chainworks Forge')
    cd /Users/user/Documents/Chainworks\ Forge
    builtin-swiftHeaderTool -arch arm64 /var/folders/fj/v77kf6rs4dz1ybsm1_1_qhb00000gn/T/chainworks-test-gates/p042-swift-20260420T063001Z-DerivedData/Build/Intermediates.noindex/Chainworks\ Forge.build/Debug/Chainworks\ ForgeTests.build/Objects-normal/arm64/Chainworks_ForgeTests-Swift.h -o /var/folders/fj/v77kf6rs4dz1ybsm1_1_qhb00000gn/T/chainworks-test-gates/p042-swift-20260420T063001Z-DerivedData/Build/Intermediates.noindex/Chainworks\ Forge.build/Debug/Chainworks\ ForgeTests.build/DerivedSources/Chainworks_ForgeTests-Swift.h

Copy /var/folders/fj/v77kf6rs4dz1ybsm1_1_qhb00000gn/T/chainworks-test-gates/p042-swift-20260420T063001Z-DerivedData/Build/Products/Debug/Chainworks_ForgeTests.swiftmodule/arm64-apple-macos.swiftdoc /var/folders/fj/v77kf6rs4dz1ybsm1_1_qhb00000gn/T/chainworks-test-gates/p042-swift-20260420T063001Z-DerivedData/Build/Intermediates.noindex/Chainworks\ Forge.build/Debug/Chainworks\ ForgeTests.build/Objects-normal/arm64/Chainworks_ForgeTests.swiftdoc (in target 'Chainworks ForgeTests' from project 'Chainworks Forge')
    cd /Users/user/Documents/Chainworks\ Forge
    builtin-copy -exclude .DS_Store -exclude CVS -exclude .svn -exclude .git -exclude .hg -resolve-src-symlinks -rename /var/folders/fj/v77kf6rs4dz1ybsm1_1_qhb00000gn/T/chainworks-test-gates/p042-swift-20260420T063001Z-DerivedData/Build/Intermediates.noindex/Chainworks\ Forge.build/Debug/Chainworks\ ForgeTests.build/Objects-normal/arm64/Chainworks_ForgeTests.swiftdoc /var/folders/fj/v77kf6rs4dz1ybsm1_1_qhb00000gn/T/chainworks-test-gates/p042-swift-20260420T063001Z-DerivedData/Build/Products/Debug/Chainworks_ForgeTests.swiftmodule/arm64-apple-macos.swiftdoc

Copy /var/folders/fj/v77kf6rs4dz1ybsm1_1_qhb00000gn/T/chainworks-test-gates/p042-swift-20260420T063001Z-DerivedData/Build/Products/Debug/Chainworks_ForgeTests.swiftmodule/arm64-apple-macos.abi.json /var/folders/fj/v77kf6rs4dz1ybsm1_1_qhb00000gn/T/chainworks-test-gates/p042-swift-20260420T063001Z-DerivedData/Build/Intermediates.noindex/Chainworks\ Forge.build/Debug/Chainworks\ ForgeTests.build/Objects-normal/arm64/Chainworks_ForgeTests.abi.json (in target 'Chainworks ForgeTests' from project 'Chainworks Forge')
    cd /Users/user/Documents/Chainworks\ Forge
    builtin-copy -exclude .DS_Store -exclude CVS -exclude .svn -exclude .git -exclude .hg -resolve-src-symlinks -rename /var/folders/fj/v77kf6rs4dz1ybsm1_1_qhb00000gn/T/chainworks-test-gates/p042-swift-20260420T063001Z-DerivedData/Build/Intermediates.noindex/Chainworks\ Forge.build/Debug/Chainworks\ ForgeTests.build/Objects-normal/arm64/Chainworks_ForgeTests.abi.json /var/folders/fj/v77kf6rs4dz1ybsm1_1_qhb00000gn/T/chainworks-test-gates/p042-swift-20260420T063001Z-DerivedData/Build/Products/Debug/Chainworks_ForgeTests.swiftmodule/arm64-apple-macos.abi.json

Copy /var/folders/fj/v77kf6rs4dz1ybsm1_1_qhb00000gn/T/chainworks-test-gates/p042-swift-20260420T063001Z-DerivedData/Build/Products/Debug/Chainworks_ForgeTests.swiftmodule/Project/arm64-apple-macos.swiftsourceinfo /var/folders/fj/v77kf6rs4dz1ybsm1_1_qhb00000gn/T/chainworks-test-gates/p042-swift-20260420T063001Z-DerivedData/Build/Intermediates.noindex/Chainworks\ Forge.build/Debug/Chainworks\ ForgeTests.build/Objects-normal/arm64/Chainworks_ForgeTests.swiftsourceinfo (in target 'Chainworks ForgeTests' from project 'Chainworks Forge')
    cd /Users/user/Documents/Chainworks\ Forge
    builtin-copy -exclude .DS_Store -exclude CVS -exclude .svn -exclude .git -exclude .hg -resolve-src-symlinks -rename /var/folders/fj/v77kf6rs4dz1ybsm1_1_qhb00000gn/T/chainworks-test-gates/p042-swift-20260420T063001Z-DerivedData/Build/Intermediates.noindex/Chainworks\ Forge.build/Debug/Chainworks\ ForgeTests.build/Objects-normal/arm64/Chainworks_ForgeTests.swiftsourceinfo /var/folders/fj/v77kf6rs4dz1ybsm1_1_qhb00000gn/T/chainworks-test-gates/p042-swift-20260420T063001Z-DerivedData/Build/Products/Debug/Chainworks_ForgeTests.swiftmodule/Project/arm64-apple-macos.swiftsourceinfo

SwiftDriverJobDiscovery normal arm64 Compiling AgentSessionTests.swift, AppTerminationCoordinatorTests.swift, ArtifactContentRendererTests.swift, ArtifactManagerTests.swift, ArtifactPathClipboardTests.swift, ArtifactValidationTests.swift (in target 'Chainworks ForgeTests' from project 'Chainworks Forge')

SwiftDriverJobDiscovery normal arm64 Compiling DiagnosticsBundleTests.swift, EndToEndTests.swift, FullMVPDeliveryTests.swift, IdeaArchivePolicyTests.swift, IdeaLifecycleTruthTests.swift, LiveACPConnectionProofTests.swift (in target 'Chainworks ForgeTests' from project 'Chainworks Forge')

SwiftDriverJobDiscovery normal arm64 Compiling BenchmarkExportStampingTests.swift, Chainworks_ForgeAppTests.swift, Chainworks_ForgeTests.swift, CrashBudgetResetTests.swift, DaemonLifecycleClientTests.swift, DeliveryServicesTests.swift (in target 'Chainworks ForgeTests' from project 'Chainworks Forge')

SwiftDriverJobDiscovery normal arm64 Compiling Proposal024RunSurfaceTests.swift, Proposal025Tests.swift, Proposal026Tests.swift, Proposal027Tests.swift, Proposal029Tests.swift, Proposal033Tests.swift (in target 'Chainworks ForgeTests' from project 'Chainworks Forge')

SwiftDriverJobDiscovery normal arm64 Compiling RunStartModePresentationTests.swift, RuntimeAgentExecutorTests.swift, RuntimeHelperProcessJanitorTests.swift, RunTimelineInspectorViewTests.swift, RuntimeSessionBridgeTests.swift (in target 'Chainworks ForgeTests' from project 'Chainworks Forge')

SwiftDriverJobDiscovery normal arm64 Compiling ProjectRootPolicyTests.swift, Proposal013Tests.swift, Proposal015Tests.swift, Proposal019Tests.swift, Proposal022ScaffoldingTests.swift, Proposal022Tests.swift (in target 'Chainworks ForgeTests' from project 'Chainworks Forge')

SwiftDriverJobDiscovery normal arm64 Compiling LiveProposalWorkflowTests.swift, MVPGoldenRunTests.swift, OrchestratorTests.swift, PackagedBinaryTests.swift, PersistentStoreRepairTests.swift, ProcessSupportTests.swift (in target 'Chainworks ForgeTests' from project 'Chainworks Forge')

SwiftDriverJobDiscovery normal arm64 Compiling ProviderBindingTruthTests.swift, ProviderPlatformTests.swift, RecoveryCoordinatorTests.swift, ResumeManagerTests.swift, RunArtifactHierarchyBuilderTests.swift, RunPlanCompilerTests.swift (in target 'Chainworks ForgeTests' from project 'Chainworks Forge')

SwiftDriver\ Compilation Chainworks\ ForgeTests normal arm64 com.apple.xcode.tools.swift.compiler (in target 'Chainworks ForgeTests' from project 'Chainworks Forge')
    cd /Users/user/Documents/Chainworks\ Forge
    builtin-Swift-Compilation -- /Applications/Xcode.app/Contents/Developer/Toolchains/XcodeDefault.xctoolchain/usr/bin/swiftc -module-name Chainworks_ForgeTests -Onone @/var/folders/fj/v77kf6rs4dz1ybsm1_1_qhb00000gn/T/chainworks-test-gates/p042-swift-20260420T063001Z-DerivedData/Build/Intermediates.noindex/Chainworks\ Forge.build/Debug/Chainworks\ ForgeTests.build/Objects-normal/arm64/Chainworks\ ForgeTests.SwiftFileList -DDEBUG -plugin-path /Applications/Xcode.app/Contents/Developer/Toolchains/XcodeDefault.xctoolchain/usr/lib/swift/host/plugins/testing -enable-bare-slash-regex -enable-upcoming-feature DisableOutwardActorInference -enable-upcoming-feature InferSendableFromCaptures -enable-upcoming-feature GlobalActorIsolatedTypesUsability -enable-upcoming-feature MemberImportVisibility -enable-upcoming-feature InferIsolatedConformances -enable-upcoming-feature NonisolatedNonsendingByDefault -enable-experimental-feature DebugDescriptionMacro -sdk /Applications/Xcode.app/Contents/Developer/Platforms/MacOSX.platform/Developer/SDKs/MacOSX26.4.sdk -target arm64-apple-macos26.2 -g -module-cache-path /var/folders/fj/v77kf6rs4dz1ybsm1_1_qhb00000gn/T/chainworks-test-gates/p042-swift-20260420T063001Z-DerivedData/ModuleCache.noindex -Xfrontend -serialize-debugging-options -profile-coverage-mapping -profile-generate -enable-testing -index-store-path /var/folders/fj/v77kf6rs4dz1ybsm1_1_qhb00000gn/T/chainworks-test-gates/p042-swift-20260420T063001Z-DerivedData/Index.noindex/DataStore -Xcc -D_LIBCPP_HARDENING_MODE\=_LIBCPP_HARDENING_MODE_DEBUG -swift-version 5 -I /var/folders/fj/v77kf6rs4dz1ybsm1_1_qhb00000gn/T/chainworks-test-gates/p042-swift-20260420T063001Z-DerivedData/Build/Products/Debug -Isystem /Applications/Xcode.app/Contents/Developer/Platforms/MacOSX.platform/Developer/usr/lib -F /var/folders/fj/v77kf6rs4dz1ybsm1_1_qhb00000gn/T/chainworks-test-gates/p042-swift-20260420T063001Z-DerivedData/Build/Products/Debug/PackageFrameworks -F /var/folders/fj/v77kf6rs4dz1ybsm1_1_qhb00000gn/T/chainworks-test-gates/p042-swift-20260420T063001Z-DerivedData/Build/Products/Debug/PackageFrameworks -F /var/folders/fj/v77kf6rs4dz1ybsm1_1_qhb00000gn/T/chainworks-test-gates/p042-swift-20260420T063001Z-DerivedData/Build/Products/Debug/PackageFrameworks -F /var/folders/fj/v77kf6rs4dz1ybsm1_1_qhb00000gn/T/chainworks-test-gates/p042-swift-20260420T063001Z-DerivedData/Build/Products/Debug/PackageFrameworks -F /var/folders/fj/v77kf6rs4dz1ybsm1_1_qhb00000gn/T/chainworks-test-gates/p042-swift-20260420T063001Z-DerivedData/Build/Products/Debug -F /Applications/Xcode.app/Contents/Developer/Platforms/MacOSX.platform/Developer/Library/Frameworks -c -j10 -enable-batch-mode -incremental -Xcc -ivfsstatcache -Xcc /var/folders/fj/v77kf6rs4dz1ybsm1_1_qhb00000gn/T/chainworks-test-gates/p042-swift-20260420T063001Z-DerivedData/SDKStatCaches.noindex/macosx26.4-25E251-30f9ca8789b706f8bd3fc906a70d770f.sdkstatcache -output-file-map /var/folders/fj/v77kf6rs4dz1ybsm1_1_qhb00000gn/T/chainworks-test-gates/p042-swift-20260420T063001Z-DerivedData/Build/Intermediates.noindex/Chainworks\ Forge.build/Debug/Chainworks\ ForgeTests.build/Objects-normal/arm64/Chainworks\ ForgeTests-OutputFileMap.json -use-frontend-parseable-output -save-temps -no-color-diagnostics -explicit-module-build -module-cache-path /var/folders/fj/v77kf6rs4dz1ybsm1_1_qhb00000gn/T/chainworks-test-gates/p042-swift-20260420T063001Z-DerivedData/Build/Intermediates.noindex/SwiftExplicitPrecompiledModules -clang-scanner-module-cache-path /var/folders/fj/v77kf6rs4dz1ybsm1_1_qhb00000gn/T/chainworks-test-gates/p042-swift-20260420T063001Z-DerivedData/ModuleCache.noindex -sdk-module-cache-path /var/folders/fj/v77kf6rs4dz1ybsm1_1_qhb00000gn/T/chainworks-test-gates/p042-swift-20260420T063001Z-DerivedData/ModuleCache.noindex -serialize-diagnostics -emit-dependencies -emit-module -emit-module-path /var/folders/fj/v77kf6rs4dz1ybsm1_1_qhb00000gn/T/chainworks-test-gates/p042-swift-20260420T063001Z-DerivedData/Build/Intermediates.noindex/Chainworks\ Forge.build/Debug/Chainworks\ ForgeTests.build/Objects-normal/arm64/Chainworks_ForgeTests.swiftmodule -validate-clang-modules-once -clang-build-session-file /var/folders/fj/v77kf6rs4dz1ybsm1_1_qhb00000gn/T/chainworks-test-gates/p042-swift-20260420T063001Z-DerivedData/ModuleCache.noindex/Session.modulevalidation -Xcc -I/var/folders/fj/v77kf6rs4dz1ybsm1_1_qhb00000gn/T/chainworks-test-gates/p042-swift-20260420T063001Z-DerivedData/Build/Intermediates.noindex/Chainworks\ Forge.build/Debug/Chainworks\ ForgeTests.build/swift-overrides.hmap -emit-const-values -Xfrontend -const-gather-protocols-file -Xfrontend /var/folders/fj/v77kf6rs4dz1ybsm1_1_qhb00000gn/T/chainworks-test-gates/p042-swift-20260420T063001Z-DerivedData/Build/Intermediates.noindex/Chainworks\ Forge.build/Debug/Chainworks\ ForgeTests.build/Objects-normal/arm64/Chainworks\ ForgeTests_const_extract_protocols.json -Xcc -iquote -Xcc /var/folders/fj/v77kf6rs4dz1ybsm1_1_qhb00000gn/T/chainworks-test-gates/p042-swift-20260420T063001Z-DerivedData/Build/Intermediates.noindex/Chainworks\ Forge.build/Debug/Chainworks\ ForgeTests.build/Chainworks\ ForgeTests-generated-files.hmap -Xcc -I/var/folders/fj/v77kf6rs4dz1ybsm1_1_qhb00000gn/T/chainworks-test-gates/p042-swift-20260420T063001Z-DerivedData/Build/Intermediates.noindex/Chainworks\ Forge.build/Debug/Chainworks\ ForgeTests.build/Chainworks\ ForgeTests-own-target-headers.hmap -Xcc -I/var/folders/fj/v77kf6rs4dz1ybsm1_1_qhb00000gn/T/chainworks-test-gates/p042-swift-20260420T063001Z-DerivedData/Build/Intermediates.noindex/Chainworks\ Forge.build/Debug/Chainworks\ ForgeTests.build/Chainworks\ ForgeTests-all-non-framework-target-headers.hmap -Xcc -ivfsoverlay -Xcc /var/folders/fj/v77kf6rs4dz1ybsm1_1_qhb00000gn/T/chainworks-test-gates/p042-swift-20260420T063001Z-DerivedData/Build/Intermediates.noindex/Chainworks\ Forge.build/Debug/Chainworks\ Forge-6a18b84c5887fced543750989b10baf6-VFS/all-product-headers.yaml -Xcc -iquote -Xcc /var/folders/fj/v77kf6rs4dz1ybsm1_1_qhb00000gn/T/chainworks-test-gates/p042-swift-20260420T063001Z-DerivedData/Build/Intermediates.noindex/Chainworks\ Forge.build/Debug/Chainworks\ ForgeTests.build/Chainworks\ ForgeTests-project-headers.hmap -Xcc -I/var/folders/fj/v77kf6rs4dz1ybsm1_1_qhb00000gn/T/chainworks-test-gates/p042-swift-20260420T063001Z-DerivedData/SourcePackages/checkouts/Yams/Sources/CYaml/include -Xcc -I/var/folders/fj/v77kf6rs4dz1ybsm1_1_qhb00000gn/T/chainworks-test-gates/p042-swift-20260420T063001Z-DerivedData/SourcePackages/checkouts/Yams/Sources/CYaml/include -Xcc -I/var/folders/fj/v77kf6rs4dz1ybsm1_1_qhb00000gn/T/chainworks-test-gates/p042-swift-20260420T063001Z-DerivedData/Build/Products/Debug/include -Xcc -I/var/folders/fj/v77kf6rs4dz1ybsm1_1_qhb00000gn/T/chainworks-test-gates/p042-swift-20260420T063001Z-DerivedData/Build/Intermediates.noindex/Chainworks\ Forge.build/Debug/Chainworks\ ForgeTests.build/DerivedSources-normal/arm64 -Xcc -I/var/folders/fj/v77kf6rs4dz1ybsm1_1_qhb00000gn/T/chainworks-test-gates/p042-swift-20260420T063001Z-DerivedData/Build/Intermediates.noindex/Chainworks\ Forge.build/Debug/Chainworks\ ForgeTests.build/DerivedSources/arm64 -Xcc -I/var/folders/fj/v77kf6rs4dz1ybsm1_1_qhb00000gn/T/chainworks-test-gates/p042-swift-20260420T063001Z-DerivedData/Build/Intermediates.noindex/Chainworks\ Forge.build/Debug/Chainworks\ ForgeTests.build/DerivedSources -Xcc -DDEBUG\=1 -emit-objc-header -emit-objc-header-path /var/folders/fj/v77kf6rs4dz1ybsm1_1_qhb00000gn/T/chainworks-test-gates/p042-swift-20260420T063001Z-DerivedData/Build/Intermediates.noindex/Chainworks\ Forge.build/Debug/Chainworks\ ForgeTests.build/Objects-normal/arm64/Chainworks_ForgeTests-Swift.h -working-directory /Users/user/Documents/Chainworks\ Forge -experimental-emit-module-separately -disable-cmo

Ld /var/folders/fj/v77kf6rs4dz1ybsm1_1_qhb00000gn/T/chainworks-test-gates/p042-swift-20260420T063001Z-DerivedData/Build/Products/Debug/Chainworks\ Forge.app/Contents/PlugIns/Chainworks\ ForgeTests.xctest/Contents/MacOS/Chainworks\ ForgeTests normal (in target 'Chainworks ForgeTests' from project 'Chainworks Forge')
    cd /Users/user/Documents/Chainworks\ Forge
    /Applications/Xcode.app/Contents/Developer/Toolchains/XcodeDefault.xctoolchain/usr/bin/clang -Xlinker -reproducible -target arm64-apple-macos26.2 -bundle -isysroot /Applications/Xcode.app/Contents/Developer/Platforms/MacOSX.platform/Developer/SDKs/MacOSX26.4.sdk -O0 -L/var/folders/fj/v77kf6rs4dz1ybsm1_1_qhb00000gn/T/chainworks-test-gates/p042-swift-20260420T063001Z-DerivedData/Build/Intermediates.noindex/EagerLinkingTBDs/Debug -L/var/folders/fj/v77kf6rs4dz1ybsm1_1_qhb00000gn/T/chainworks-test-gates/p042-swift-20260420T063001Z-DerivedData/Build/Products/Debug -L/Applications/Xcode.app/Contents/Developer/Platforms/MacOSX.platform/Developer/usr/lib -F/var/folders/fj/v77kf6rs4dz1ybsm1_1_qhb00000gn/T/chainworks-test-gates/p042-swift-20260420T063001Z-DerivedData/Build/Intermediates.noindex/EagerLinkingTBDs/Debug -F/var/folders/fj/v77kf6rs4dz1ybsm1_1_qhb00000gn/T/chainworks-test-gates/p042-swift-20260420T063001Z-DerivedData/Build/Products/Debug/PackageFrameworks -F/var/folders/fj/v77kf6rs4dz1ybsm1_1_qhb00000gn/T/chainworks-test-gates/p042-swift-20260420T063001Z-DerivedData/Build/Products/Debug/PackageFrameworks -F/var/folders/fj/v77kf6rs4dz1ybsm1_1_qhb00000gn/T/chainworks-test-gates/p042-swift-20260420T063001Z-DerivedData/Build/Products/Debug/PackageFrameworks -F/var/folders/fj/v77kf6rs4dz1ybsm1_1_qhb00000gn/T/chainworks-test-gates/p042-swift-20260420T063001Z-DerivedData/Build/Products/Debug/PackageFrameworks -F/var/folders/fj/v77kf6rs4dz1ybsm1_1_qhb00000gn/T/chainworks-test-gates/p042-swift-20260420T063001Z-DerivedData/Build/Products/Debug -iframework /Applications/Xcode.app/Contents/Developer/Platforms/MacOSX.platform/Developer/Library/Frameworks -filelist /var/folders/fj/v77kf6rs4dz1ybsm1_1_qhb00000gn/T/chainworks-test-gates/p042-swift-20260420T063001Z-DerivedData/Build/Intermediates.noindex/Chainworks\ Forge.build/Debug/Chainworks\ ForgeTests.build/Objects-normal/arm64/Chainworks\ ForgeTests.LinkFileList -Xlinker -rpath -Xlinker /var/folders/fj/v77kf6rs4dz1ybsm1_1_qhb00000gn/T/chainworks-test-gates/p042-swift-20260420T063001Z-DerivedData/Build/Products/Debug/PackageFrameworks -Xlinker -rpath -Xlinker @loader_path/../Frameworks -Xlinker -rpath -Xlinker @executable_path/../Frameworks -Xlinker -dead_strip -bundle_loader /var/folders/fj/v77kf6rs4dz1ybsm1_1_qhb00000gn/T/chainworks-test-gates/p042-swift-20260420T063001Z-DerivedData/Build/Products/Debug/Chainworks\ Forge.app/Contents/MacOS/Chainworks\ Forge -Xlinker -object_path_lto -Xlinker /var/folders/fj/v77kf6rs4dz1ybsm1_1_qhb00000gn/T/chainworks-test-gates/p042-swift-20260420T063001Z-DerivedData/Build/Intermediates.noindex/Chainworks\ Forge.build/Debug/Chainworks\ ForgeTests.build/Objects-normal/arm64/Chainworks\ ForgeTests_lto.o -rdynamic -Xlinker -no_deduplicate -Xlinker -debug_variant -Xlinker -dependency_info -Xlinker /var/folders/fj/v77kf6rs4dz1ybsm1_1_qhb00000gn/T/chainworks-test-gates/p042-swift-20260420T063001Z-DerivedData/Build/Intermediates.noindex/Chainworks\ Forge.build/Debug/Chainworks\ ForgeTests.build/Objects-normal/arm64/Chainworks\ ForgeTests_dependency_info.dat -fobjc-link-runtime -fprofile-instr-generate -L/Applications/Xcode.app/Contents/Developer/Toolchains/XcodeDefault.xctoolchain/usr/lib/swift/macosx -L/usr/lib/swift -Xlinker -add_ast_path -Xlinker /var/folders/fj/v77kf6rs4dz1ybsm1_1_qhb00000gn/T/chainworks-test-gates/p042-swift-20260420T063001Z-DerivedData/Build/Intermediates.noindex/Chainworks\ Forge.build/Debug/Chainworks\ ForgeTests.build/Objects-normal/arm64/Chainworks_ForgeTests.swiftmodule @/var/folders/fj/v77kf6rs4dz1ybsm1_1_qhb00000gn/T/chainworks-test-gates/p042-swift-20260420T063001Z-DerivedData/Build/Intermediates.noindex/Chainworks\ Forge.build/Debug/Chainworks\ ForgeTests.build/Objects-normal/arm64/Chainworks_ForgeTests-linker-args.resp -Wl,-no_warn_duplicate_libraries -Wl,-no_warn_duplicate_libraries -Wl,-no_warn_duplicate_libraries -Wl,-no_warn_duplicate_libraries -Xlinker -needed_framework -Xlinker XCTest -framework XCTest -Xlinker -needed-lXCTestSwiftSupport -lXCTestSwiftSupport /var/folders/fj/v77kf6rs4dz1ybsm1_1_qhb00000gn/T/chainworks-test-gates/p042-swift-20260420T063001Z-DerivedData/Build/Products/Debug/PackageFrameworks/Yams_712EB057E_PackageProduct.framework/Versions/A/Yams_712EB057E_PackageProduct /var/folders/fj/v77kf6rs4dz1ybsm1_1_qhb00000gn/T/chainworks-test-gates/p042-swift-20260420T063001Z-DerivedData/Build/Products/Debug/Chainworks\ Forge.app/Contents/MacOS/Chainworks\ Forge.debug.dylib -Xlinker -no_adhoc_codesign -o /var/folders/fj/v77kf6rs4dz1ybsm1_1_qhb00000gn/T/chainworks-test-gates/p042-swift-20260420T063001Z-DerivedData/Build/Products/Debug/Chainworks\ Forge.app/Contents/PlugIns/Chainworks\ ForgeTests.xctest/Contents/MacOS/Chainworks\ ForgeTests

CopySwiftLibs /var/folders/fj/v77kf6rs4dz1ybsm1_1_qhb00000gn/T/chainworks-test-gates/p042-swift-20260420T063001Z-DerivedData/Build/Products/Debug/Chainworks\ Forge.app/Contents/PlugIns/Chainworks\ ForgeTests.xctest (in target 'Chainworks ForgeTests' from project 'Chainworks Forge')
    cd /Users/user/Documents/Chainworks\ Forge
    builtin-swiftStdLibTool --copy --verbose --sign 2160021861DD1F9EDCBC401D6FE67C44FF285171 --scan-executable /var/folders/fj/v77kf6rs4dz1ybsm1_1_qhb00000gn/T/chainworks-test-gates/p042-swift-20260420T063001Z-DerivedData/Build/Products/Debug/Chainworks\ Forge.app/Contents/PlugIns/Chainworks\ ForgeTests.xctest/Contents/MacOS/Chainworks\ ForgeTests --scan-folder /var/folders/fj/v77kf6rs4dz1ybsm1_1_qhb00000gn/T/chainworks-test-gates/p042-swift-20260420T063001Z-DerivedData/Build/Products/Debug/Chainworks\ Forge.app/Contents/PlugIns/Chainworks\ ForgeTests.xctest/Contents/Frameworks --scan-folder /var/folders/fj/v77kf6rs4dz1ybsm1_1_qhb00000gn/T/chainworks-test-gates/p042-swift-20260420T063001Z-DerivedData/Build/Products/Debug/Chainworks\ Forge.app/Contents/PlugIns/Chainworks\ ForgeTests.xctest/Contents/PlugIns --scan-folder /var/folders/fj/v77kf6rs4dz1ybsm1_1_qhb00000gn/T/chainworks-test-gates/p042-swift-20260420T063001Z-DerivedData/Build/Products/Debug/Chainworks\ Forge.app/Contents/PlugIns/Chainworks\ ForgeTests.xctest/Contents/Library/SystemExtensions --scan-folder /var/folders/fj/v77kf6rs4dz1ybsm1_1_qhb00000gn/T/chainworks-test-gates/p042-swift-20260420T063001Z-DerivedData/Build/Products/Debug/Chainworks\ Forge.app/Contents/PlugIns/Chainworks\ ForgeTests.xctest/Contents/Extensions --scan-folder /var/folders/fj/v77kf6rs4dz1ybsm1_1_qhb00000gn/T/chainworks-test-gates/p042-swift-20260420T063001Z-DerivedData/Build/Products/Debug/PackageFrameworks/Yams_712EB057E_PackageProduct.framework --platform macosx --toolchain /Applications/Xcode.app/Contents/Developer/Toolchains/XcodeDefault.xctoolchain --destination /var/folders/fj/v77kf6rs4dz1ybsm1_1_qhb00000gn/T/chainworks-test-gates/p042-swift-20260420T063001Z-DerivedData/Build/Products/Debug/Chainworks\ Forge.app/Contents/PlugIns/Chainworks\ ForgeTests.xctest/Contents/Frameworks --strip-bitcode --scan-executable /Applications/Xcode.app/Contents/Developer/Platforms/MacOSX.platform/Developer/usr/lib/libXCTestSwiftSupport.dylib --strip-bitcode-tool /Applications/Xcode.app/Contents/Developer/Toolchains/XcodeDefault.xctoolchain/usr/bin/bitcode_strip --emit-dependency-info /var/folders/fj/v77kf6rs4dz1ybsm1_1_qhb00000gn/T/chainworks-test-gates/p042-swift-20260420T063001Z-DerivedData/Build/Intermediates.noindex/Chainworks\ Forge.build/Debug/Chainworks\ ForgeTests.build/SwiftStdLibToolInputDependencies.dep --filter-for-swift-os

ExtractAppIntentsMetadata (in target 'Chainworks ForgeTests' from project 'Chainworks Forge')
    cd /Users/user/Documents/Chainworks\ Forge
    /Applications/Xcode.app/Contents/Developer/Toolchains/XcodeDefault.xctoolchain/usr/bin/appintentsmetadataprocessor --toolchain-dir /Applications/Xcode.app/Contents/Developer/Toolchains/XcodeDefault.xctoolchain --module-name Chainworks_ForgeTests --sdk-root /Applications/Xcode.app/Contents/Developer/Platforms/MacOSX.platform/Developer/SDKs/MacOSX26.4.sdk --xcode-version 17E202 --platform-family macOS --deployment-target 26.2 --bundle-identifier xax.Chainworks-ForgeTests --output /var/folders/fj/v77kf6rs4dz1ybsm1_1_qhb00000gn/T/chainworks-test-gates/p042-swift-20260420T063001Z-DerivedData/Build/Products/Debug/Chainworks\ Forge.app/Contents/PlugIns/Chainworks\ ForgeTests.xctest/Contents/Resources --target-triple arm64-apple-macos26.2 --binary-file /var/folders/fj/v77kf6rs4dz1ybsm1_1_qhb00000gn/T/chainworks-test-gates/p042-swift-20260420T063001Z-DerivedData/Build/Products/Debug/Chainworks\ Forge.app/Contents/PlugIns/Chainworks\ ForgeTests.xctest/Contents/MacOS/Chainworks\ ForgeTests --dependency-file /var/folders/fj/v77kf6rs4dz1ybsm1_1_qhb00000gn/T/chainworks-test-gates/p042-swift-20260420T063001Z-DerivedData/Build/Intermediates.noindex/Chainworks\ Forge.build/Debug/Chainworks\ ForgeTests.build/Objects-normal/arm64/Chainworks\ ForgeTests_dependency_info.dat --stringsdata-file /var/folders/fj/v77kf6rs4dz1ybsm1_1_qhb00000gn/T/chainworks-test-gates/p042-swift-20260420T063001Z-DerivedData/Build/Intermediates.noindex/Chainworks\ Forge.build/Debug/Chainworks\ ForgeTests.build/Objects-normal/arm64/ExtractedAppShortcutsMetadata.stringsdata --source-file-list /var/folders/fj/v77kf6rs4dz1ybsm1_1_qhb00000gn/T/chainworks-test-gates/p042-swift-20260420T063001Z-DerivedData/Build/Intermediates.noindex/Chainworks\ Forge.build/Debug/Chainworks\ ForgeTests.build/Objects-normal/arm64/Chainworks\ ForgeTests.SwiftFileList --metadata-file-list /var/folders/fj/v77kf6rs4dz1ybsm1_1_qhb00000gn/T/chainworks-test-gates/p042-swift-20260420T063001Z-DerivedData/Build/Intermediates.noindex/Chainworks\ Forge.build/Debug/Chainworks\ ForgeTests.build/Chainworks\ ForgeTests.DependencyMetadataFileList --static-metadata-file-list /var/folders/fj/v77kf6rs4dz1ybsm1_1_qhb00000gn/T/chainworks-test-gates/p042-swift-20260420T063001Z-DerivedData/Build/Intermediates.noindex/Chainworks\ Forge.build/Debug/Chainworks\ ForgeTests.build/Chainworks\ ForgeTests.DependencyStaticMetadataFileList --swift-const-vals-list /var/folders/fj/v77kf6rs4dz1ybsm1_1_qhb00000gn/T/chainworks-test-gates/p042-swift-20260420T063001Z-DerivedData/Build/Intermediates.noindex/Chainworks\ Forge.build/Debug/Chainworks\ ForgeTests.build/Objects-normal/arm64/Chainworks\ ForgeTests.SwiftConstValuesFileList --compile-time-extraction --deployment-aware-processing --validate-assistant-intents --no-app-shortcuts-localization
2026-04-20 09:31:59.954 appintentsmetadataprocessor[29725:25594007] Starting appintentsmetadataprocessor export
2026-04-20 09:31:59.956 appintentsmetadataprocessor[29725:25594007] warning: Metadata extraction skipped. No AppIntents.framework dependency found.

CodeSign /var/folders/fj/v77kf6rs4dz1ybsm1_1_qhb00000gn/T/chainworks-test-gates/p042-swift-20260420T063001Z-DerivedData/Build/Products/Debug/Chainworks\ Forge.app/Contents/PlugIns/Chainworks\ ForgeTests.xctest (in target 'Chainworks ForgeTests' from project 'Chainworks Forge')
    cd /Users/user/Documents/Chainworks\ Forge
    
    Signing Identity:     "Apple Development: Андрей Khasanov (TTB66998BK)"
    
    /usr/bin/codesign --force --sign 2160021861DD1F9EDCBC401D6FE67C44FF285171 --timestamp\=none --generate-entitlement-der /var/folders/fj/v77kf6rs4dz1ybsm1_1_qhb00000gn/T/chainworks-test-gates/p042-swift-20260420T063001Z-DerivedData/Build/Products/Debug/Chainworks\ Forge.app/Contents/PlugIns/Chainworks\ ForgeTests.xctest

RegisterExecutionPolicyException /var/folders/fj/v77kf6rs4dz1ybsm1_1_qhb00000gn/T/chainworks-test-gates/p042-swift-20260420T063001Z-DerivedData/Build/Products/Debug/Chainworks\ Forge.app/Contents/PlugIns/Chainworks\ ForgeTests.xctest (in target 'Chainworks ForgeTests' from project 'Chainworks Forge')
    cd /Users/user/Documents/Chainworks\ Forge
    builtin-RegisterExecutionPolicyException /var/folders/fj/v77kf6rs4dz1ybsm1_1_qhb00000gn/T/chainworks-test-gates/p042-swift-20260420T063001Z-DerivedData/Build/Products/Debug/Chainworks\ Forge.app/Contents/PlugIns/Chainworks\ ForgeTests.xctest

Touch /var/folders/fj/v77kf6rs4dz1ybsm1_1_qhb00000gn/T/chainworks-test-gates/p042-swift-20260420T063001Z-DerivedData/Build/Products/Debug/Chainworks\ Forge.app/Contents/PlugIns/Chainworks\ ForgeTests.xctest (in target 'Chainworks ForgeTests' from project 'Chainworks Forge')
    cd /Users/user/Documents/Chainworks\ Forge
    /usr/bin/touch -c /var/folders/fj/v77kf6rs4dz1ybsm1_1_qhb00000gn/T/chainworks-test-gates/p042-swift-20260420T063001Z-DerivedData/Build/Products/Debug/Chainworks\ Forge.app/Contents/PlugIns/Chainworks\ ForgeTests.xctest

CodeSign /var/folders/fj/v77kf6rs4dz1ybsm1_1_qhb00000gn/T/chainworks-test-gates/p042-swift-20260420T063001Z-DerivedData/Build/Products/Debug/Chainworks\ Forge.app/Contents/MacOS/Chainworks\ Forge.debug.dylib (in target 'Chainworks Forge' from project 'Chainworks Forge')
    cd /Users/user/Documents/Chainworks\ Forge
    
    Signing Identity:     "Apple Development: Андрей Khasanov (TTB66998BK)"
    
    /usr/bin/codesign --force --sign 2160021861DD1F9EDCBC401D6FE67C44FF285171 --timestamp\=none --generate-entitlement-der /var/folders/fj/v77kf6rs4dz1ybsm1_1_qhb00000gn/T/chainworks-test-gates/p042-swift-20260420T063001Z-DerivedData/Build/Products/Debug/Chainworks\ Forge.app/Contents/MacOS/Chainworks\ Forge.debug.dylib

CodeSign /var/folders/fj/v77kf6rs4dz1ybsm1_1_qhb00000gn/T/chainworks-test-gates/p042-swift-20260420T063001Z-DerivedData/Build/Products/Debug/Chainworks\ Forge.app/Contents/MacOS/__preview.dylib (in target 'Chainworks Forge' from project 'Chainworks Forge')
    cd /Users/user/Documents/Chainworks\ Forge
    
    Signing Identity:     "Apple Development: Андрей Khasanov (TTB66998BK)"
    
    /usr/bin/codesign --force --sign 2160021861DD1F9EDCBC401D6FE67C44FF285171 --timestamp\=none --generate-entitlement-der /var/folders/fj/v77kf6rs4dz1ybsm1_1_qhb00000gn/T/chainworks-test-gates/p042-swift-20260420T063001Z-DerivedData/Build/Products/Debug/Chainworks\ Forge.app/Contents/MacOS/__preview.dylib

CodeSign /var/folders/fj/v77kf6rs4dz1ybsm1_1_qhb00000gn/T/chainworks-test-gates/p042-swift-20260420T063001Z-DerivedData/Build/Products/Debug/Chainworks\ Forge.app (in target 'Chainworks Forge' from project 'Chainworks Forge')
    cd /Users/user/Documents/Chainworks\ Forge
    
    Signing Identity:     "Apple Development: Андрей Khasanov (TTB66998BK)"
    
    /usr/bin/codesign --force --sign 2160021861DD1F9EDCBC401D6FE67C44FF285171 --entitlements /var/folders/fj/v77kf6rs4dz1ybsm1_1_qhb00000gn/T/chainworks-test-gates/p042-swift-20260420T063001Z-DerivedData/Build/Intermediates.noindex/Chainworks\ Forge.build/Debug/Chainworks\ Forge.build/Chainworks\ Forge.app.xcent --timestamp\=none --generate-entitlement-der /var/folders/fj/v77kf6rs4dz1ybsm1_1_qhb00000gn/T/chainworks-test-gates/p042-swift-20260420T063001Z-DerivedData/Build/Products/Debug/Chainworks\ Forge.app

RegisterExecutionPolicyException /var/folders/fj/v77kf6rs4dz1ybsm1_1_qhb00000gn/T/chainworks-test-gates/p042-swift-20260420T063001Z-DerivedData/Build/Products/Debug/Chainworks\ Forge.app (in target 'Chainworks Forge' from project 'Chainworks Forge')
    cd /Users/user/Documents/Chainworks\ Forge
    builtin-RegisterExecutionPolicyException /var/folders/fj/v77kf6rs4dz1ybsm1_1_qhb00000gn/T/chainworks-test-gates/p042-swift-20260420T063001Z-DerivedData/Build/Products/Debug/Chainworks\ Forge.app

Validate /var/folders/fj/v77kf6rs4dz1ybsm1_1_qhb00000gn/T/chainworks-test-gates/p042-swift-20260420T063001Z-DerivedData/Build/Products/Debug/Chainworks\ Forge.app (in target 'Chainworks Forge' from project 'Chainworks Forge')
    cd /Users/user/Documents/Chainworks\ Forge
    builtin-validationUtility /var/folders/fj/v77kf6rs4dz1ybsm1_1_qhb00000gn/T/chainworks-test-gates/p042-swift-20260420T063001Z-DerivedData/Build/Products/Debug/Chainworks\ Forge.app -no-validate-extension -infoplist-subpath Contents/Info.plist

Touch /var/folders/fj/v77kf6rs4dz1ybsm1_1_qhb00000gn/T/chainworks-test-gates/p042-swift-20260420T063001Z-DerivedData/Build/Products/Debug/Chainworks\ Forge.app (in target 'Chainworks Forge' from project 'Chainworks Forge')
    cd /Users/user/Documents/Chainworks\ Forge
    /usr/bin/touch -c /var/folders/fj/v77kf6rs4dz1ybsm1_1_qhb00000gn/T/chainworks-test-gates/p042-swift-20260420T063001Z-DerivedData/Build/Products/Debug/Chainworks\ Forge.app

RegisterWithLaunchServices /var/folders/fj/v77kf6rs4dz1ybsm1_1_qhb00000gn/T/chainworks-test-gates/p042-swift-20260420T063001Z-DerivedData/Build/Products/Debug/Chainworks\ Forge.app (in target 'Chainworks Forge' from project 'Chainworks Forge')
    cd /Users/user/Documents/Chainworks\ Forge
    /System/Library/Frameworks/CoreServices.framework/Versions/Current/Frameworks/LaunchServices.framework/Versions/Current/Support/lsregister -f -R -trusted /var/folders/fj/v77kf6rs4dz1ybsm1_1_qhb00000gn/T/chainworks-test-gates/p042-swift-20260420T063001Z-DerivedData/Build/Products/Debug/Chainworks\ Forge.app

note: Run script build phase 'Embed Control-Plane Daemon' will be run during every build because the option to run the script phase "Based on dependency analysis" is unchecked. (in target 'Chainworks Forge' from project 'Chainworks Forge')
2026-04-20 09:32:06.846115+0300 Chainworks Forge[29895:25594672] [availability] no reasons from unifiedReasons for identifier: com.apple.Settings.AppleIntelligence.Partner.ChatGPT
2026-04-20 09:32:06.846964+0300 Chainworks Forge[29895:25594672] [availability] no reasons from unifiedReasons for identifier: com.apple.Settings.AppleIntelligence.Partner.ChatGPT
2026-04-20 09:32:06.854817+0300 Chainworks Forge[29895:25594672] ApplePersistenceIgnoreState: Existing state will not be touched. New state will be written to /var/folders/fj/v77kf6rs4dz1ybsm1_1_qhb00000gn/T/xax.Chainworks-Forge.savedState
Test Suite 'Selected tests' started at 2026-04-20 09:32:08.456.
Test Suite 'Chainworks ForgeTests.xctest' started at 2026-04-20 09:32:08.457.
Test Suite 'CrashBudgetResetTests' started at 2026-04-20 09:32:08.457.
Test Case '-[Chainworks_ForgeTests.CrashBudgetResetTests test_delete_crash_budget_file_removes_file_when_present]' started.
Test Case '-[Chainworks_ForgeTests.CrashBudgetResetTests test_delete_crash_budget_file_removes_file_when_present]' passed (0.006 seconds).
Test Case '-[Chainworks_ForgeTests.CrashBudgetResetTests test_delete_crash_budget_file_reports_already_absent_when_missing]' started.
Test Case '-[Chainworks_ForgeTests.CrashBudgetResetTests test_delete_crash_budget_file_reports_already_absent_when_missing]' passed (0.001 seconds).
Test Case '-[Chainworks_ForgeTests.CrashBudgetResetTests test_perform_reset_deletes_file_and_requests_single_restart]' started.
Test Case '-[Chainworks_ForgeTests.CrashBudgetResetTests test_perform_reset_deletes_file_and_requests_single_restart]' passed (0.002 seconds).
Test Case '-[Chainworks_ForgeTests.CrashBudgetResetTests test_perform_reset_noop_when_already_absent_still_requests_restart]' started.
Test Case '-[Chainworks_ForgeTests.CrashBudgetResetTests test_perform_reset_noop_when_already_absent_still_requests_restart]' passed (0.001 seconds).
Test Case '-[Chainworks_ForgeTests.CrashBudgetResetTests test_perform_reset_reports_restart_error_while_still_deleting_file]' started.
Test Case '-[Chainworks_ForgeTests.CrashBudgetResetTests test_perform_reset_reports_restart_error_while_still_deleting_file]' passed (0.002 seconds).
Test Suite 'CrashBudgetResetTests' passed at 2026-04-20 09:32:08.472.
	 Executed 5 tests, with 0 failures (0 unexpected) in 0.013 (0.014) seconds
Test Suite 'DaemonLifecycleClientTests' started at 2026-04-20 09:32:08.472.
Test Case '-[Chainworks_ForgeTests.DaemonLifecycleClientTests test_client_never_infers_state_outside_contract]' started.
2026-04-20 09:32:08.499620+0300 Chainworks Forge[29895:25594825] [connection] nw_socket_handle_socket_event [C1:2] Socket SO_ERROR [61: Connection refused]
2026-04-20 09:32:08.500569+0300 Chainworks Forge[29895:25594825] [connection] nw_endpoint_flow_failed_with_error [C1 127.0.0.1:1 in_progress socket-flow (satisfied (Path is satisfied), viable, interface: lo0)] already failing, returning
2026-04-20 09:32:08.505998+0300 Chainworks Forge[29895:25594825] [Default] Connection 1: received failure notification
2026-04-20 09:32:08.506702+0300 Chainworks Forge[29895:25594825] [Default] Connection 1: failed to connect 1:61, reason -1
2026-04-20 09:32:08.506710+0300 Chainworks Forge[29895:25594825] [Default] Connection 1: encountered error(1:61)
2026-04-20 09:32:08.506833+0300 Chainworks Forge[29895:25594825] [connection] nw_connection_copy_protocol_metadata_internal_block_invoke [C1] Client called nw_connection_copy_protocol_metadata_internal on unconnected nw_connection
2026-04-20 09:32:08.507215+0300 Chainworks Forge[29895:25594825] [connection] nw_connection_copy_protocol_metadata_internal_block_invoke [C1] Client called nw_connection_copy_protocol_metadata_internal on unconnected nw_connection
2026-04-20 09:32:08.507223+0300 Chainworks Forge[29895:25594825] [connection] nw_connection_copy_protocol_metadata_internal_block_invoke [C1] Client called nw_connection_copy_protocol_metadata_internal on unconnected nw_connection
2026-04-20 09:32:08.507228+0300 Chainworks Forge[29895:25594825] [connection] nw_connection_copy_connected_local_endpoint_block_invoke [C1] Client called nw_connection_copy_connected_local_endpoint on unconnected nw_connection
2026-04-20 09:32:08.507231+0300 Chainworks Forge[29895:25594825] [connection] nw_connection_copy_connected_remote_endpoint_block_invoke [C1] Client called nw_connection_copy_connected_remote_endpoint on unconnected nw_connection
2026-04-20 09:32:08.507448+0300 Chainworks Forge[29895:25594825] [Default] Task <9A45AF7C-48DB-4B4D-8DC4-C15B932A19C3>.<1> HTTP load failed, 0/0 bytes (error code: -1004 [1:61])
2026-04-20 09:32:08.509569+0300 Chainworks Forge[29895:25594921] [Default] Task <9A45AF7C-48DB-4B4D-8DC4-C15B932A19C3>.<1> finished with error [-1004] Error Domain=NSURLErrorDomain Code=-1004 "Could not connect to the server." UserInfo={_kCFStreamErrorCodeKey=61, NSUnderlyingError=0x9d85f71b0 {Error Domain=kCFErrorDomainCFNetwork Code=-1004 "(null)" UserInfo={_NSURLErrorNWPathKey=satisfied (Path is satisfied), viable, interface: lo0, _kCFStreamErrorCodeKey=61, _kCFStreamErrorDomainKey=1}}, _NSURLErrorFailingURLSessionTaskErrorKey=LocalDataTask <9A45AF7C-48DB-4B4D-8DC4-C15B932A19C3>.<1>, _NSURLErrorRelatedURLSessionTaskErrorKey=(
    "LocalDataTask <9A45AF7C-48DB-4B4D-8DC4-C15B932A19C3>.<1>"
), NSLocalizedDescription=Could not connect to the server., NSErrorFailingURLStringKey=http://127.0.0.1:1/graphql, NSErrorFailingURLKey=http://127.0.0.1:1/graphql, _kCFStreamErrorDomainKey=1}
Test Case '-[Chainworks_ForgeTests.DaemonLifecycleClientTests test_client_never_infers_state_outside_contract]' passed (0.039 seconds).
Test Case '-[Chainworks_ForgeTests.DaemonLifecycleClientTests test_DaemonLifecycleState_is_live_matches_rust_contract]' started.
Test Case '-[Chainworks_ForgeTests.DaemonLifecycleClientTests test_DaemonLifecycleState_is_live_matches_rust_contract]' passed (0.001 seconds).
Test Case '-[Chainworks_ForgeTests.DaemonLifecycleClientTests test_DaemonLifecycleState_is_terminal_matches_rust_contract]' started.
Test Case '-[Chainworks_ForgeTests.DaemonLifecycleClientTests test_DaemonLifecycleState_is_terminal_matches_rust_contract]' passed (0.001 seconds).
Test Case '-[Chainworks_ForgeTests.DaemonLifecycleClientTests test_DaemonPortFile_baseURL_builds_loopback_http]' started.
Test Case '-[Chainworks_ForgeTests.DaemonLifecycleClientTests test_DaemonPortFile_baseURL_builds_loopback_http]' passed (0.002 seconds).
Test Case '-[Chainworks_ForgeTests.DaemonLifecycleClientTests test_DaemonPortFile_reads_fallback_when_file_absent]' started.
Test Case '-[Chainworks_ForgeTests.DaemonLifecycleClientTests test_DaemonPortFile_reads_fallback_when_file_absent]' passed (0.001 seconds).
Test Case '-[Chainworks_ForgeTests.DaemonLifecycleClientTests test_DaemonPortFile_reads_numeric_content]' started.
Test Case '-[Chainworks_ForgeTests.DaemonLifecycleClientTests test_DaemonPortFile_reads_numeric_content]' passed (0.001 seconds).
Test Case '-[Chainworks_ForgeTests.DaemonLifecycleClientTests test_DaemonPortFile_rejects_empty_file]' started.
Test Case '-[Chainworks_ForgeTests.DaemonLifecycleClientTests test_DaemonPortFile_rejects_empty_file]' passed (0.001 seconds).
Test Case '-[Chainworks_ForgeTests.DaemonLifecycleClientTests test_DaemonPortFile_rejects_non_numeric_content]' started.
Test Case '-[Chainworks_ForgeTests.DaemonLifecycleClientTests test_DaemonPortFile_rejects_non_numeric_content]' passed (0.001 seconds).
Test Case '-[Chainworks_ForgeTests.DaemonLifecycleClientTests test_DaemonStatus_decodes_degraded_reasons_array]' started.
Test Case '-[Chainworks_ForgeTests.DaemonLifecycleClientTests test_DaemonStatus_decodes_degraded_reasons_array]' passed (0.003 seconds).
Test Case '-[Chainworks_ForgeTests.DaemonLifecycleClientTests test_DaemonStatus_decodes_failed_snapshot_with_backup_path]' started.
Test Case '-[Chainworks_ForgeTests.DaemonLifecycleClientTests test_DaemonStatus_decodes_failed_snapshot_with_backup_path]' passed (0.001 seconds).
Test Case '-[Chainworks_ForgeTests.DaemonLifecycleClientTests test_DaemonStatus_decodes_ready_snapshot_from_health_json]' started.
Test Case '-[Chainworks_ForgeTests.DaemonLifecycleClientTests test_DaemonStatus_decodes_ready_snapshot_from_health_json]' passed (0.001 seconds).
Test Case '-[Chainworks_ForgeTests.DaemonLifecycleClientTests test_decodeSnapshot_reports_graphql_errors_as_typed_envelope]' started.
Test Case '-[Chainworks_ForgeTests.DaemonLifecycleClientTests test_decodeSnapshot_reports_graphql_errors_as_typed_envelope]' passed (0.001 seconds).
Test Case '-[Chainworks_ForgeTests.DaemonLifecycleClientTests test_decodeSnapshot_unwraps_graphql_json_field_into_DaemonStatus]' started.
Test Case '-[Chainworks_ForgeTests.DaemonLifecycleClientTests test_decodeSnapshot_unwraps_graphql_json_field_into_DaemonStatus]' passed (0.001 seconds).
Test Case '-[Chainworks_ForgeTests.DaemonLifecycleClientTests test_endpoint_graphqlWSURL_rewrites_scheme_to_ws]' started.
Test Case '-[Chainworks_ForgeTests.DaemonLifecycleClientTests test_endpoint_graphqlWSURL_rewrites_scheme_to_ws]' passed (0.001 seconds).
Test Suite 'DaemonLifecycleClientTests' passed at 2026-04-20 09:32:08.531.
	 Executed 14 tests, with 0 failures (0 unexpected) in 0.055 (0.059) seconds
Test Suite 'DiagnosticsBundleTests' started at 2026-04-20 09:32:08.531.
Test Case '-[Chainworks_ForgeTests.DiagnosticsBundleTests test_diagnostics_bundle_compresses_daemon_log_to_gz]' started.
  adding: system_info.txt (stored 0%)
  adding: daemon.log.gz (deflated 25%)
  adding: manifest.json (deflated 42%)
  adding: build_sha.txt (stored 0%)
  adding: status.json (deflated 43%)
Test Case '-[Chainworks_ForgeTests.DiagnosticsBundleTests test_diagnostics_bundle_compresses_daemon_log_to_gz]' passed (0.212 seconds).
Test Case '-[Chainworks_ForgeTests.DiagnosticsBundleTests test_diagnostics_bundle_does_not_invoke_network]' started.
  adding: system_info.txt (stored 0%)
  adding: manifest.json (deflated 43%)
  adding: build_sha.txt (stored 0%)
  adding: status.json (deflated 43%)
Test Case '-[Chainworks_ForgeTests.DiagnosticsBundleTests test_diagnostics_bundle_does_not_invoke_network]' passed (0.124 seconds).
Test Case '-[Chainworks_ForgeTests.DiagnosticsBundleTests test_diagnostics_bundle_fails_when_every_producer_is_empty]' started.
Test Case '-[Chainworks_ForgeTests.DiagnosticsBundleTests test_diagnostics_bundle_fails_when_every_producer_is_empty]' passed (0.003 seconds).
Test Case '-[Chainworks_ForgeTests.DiagnosticsBundleTests test_diagnostics_bundle_includes_every_present_component]' started.
  adding: system_info.txt (stored 0%)
  adding: daemon.port (stored 0%)
  adding: daemon.log.gz (stored 0%)
  adding: crash-budget.json (stored 0%)
  adding: manifest.json (deflated 43%)
  adding: build_sha.txt (stored 0%)
  adding: status.json (deflated 43%)
Test Case '-[Chainworks_ForgeTests.DiagnosticsBundleTests test_diagnostics_bundle_includes_every_present_component]' passed (0.195 seconds).
Test Case '-[Chainworks_ForgeTests.DiagnosticsBundleTests test_diagnostics_bundle_includes_system_info_txt]' started.
  adding: system_info.txt (stored 0%)
  adding: manifest.json (deflated 43%)
  adding: build_sha.txt (stored 0%)
  adding: status.json (deflated 43%)
Test Case '-[Chainworks_ForgeTests.DiagnosticsBundleTests test_diagnostics_bundle_includes_system_info_txt]' passed (0.166 seconds).
Test Case '-[Chainworks_ForgeTests.DiagnosticsBundleTests test_diagnostics_bundle_minimum_contains_only_system_info_and_manifest]' started.
  adding: system_info.txt (stored 0%)
  adding: manifest.json (deflated 44%)
  adding: build_sha.txt (stored 0%)
Test Case '-[Chainworks_ForgeTests.DiagnosticsBundleTests test_diagnostics_bundle_minimum_contains_only_system_info_and_manifest]' passed (0.096 seconds).
Test Case '-[Chainworks_ForgeTests.DiagnosticsBundleTests test_diagnostics_bundle_redacts_principals_tokens_in_place]' started.
  adding: system_info.txt (stored 0%)
  adding: principals.redacted.json (deflated 53%)
  adding: manifest.json (deflated 42%)
  adding: build_sha.txt (stored 0%)
  adding: status.json (deflated 43%)
Test Case '-[Chainworks_ForgeTests.DiagnosticsBundleTests test_diagnostics_bundle_redacts_principals_tokens_in_place]' passed (0.169 seconds).
Test Case '-[Chainworks_ForgeTests.DiagnosticsBundleTests test_diagnostics_bundle_reports_build_sha_from_file_when_present]' started.
  adding: system_info.txt (stored 0%)
  adding: manifest.json (deflated 43%)
  adding: build_sha.txt (stored 0%)
  adding: status.json (deflated 43%)
Test Case '-[Chainworks_ForgeTests.DiagnosticsBundleTests test_diagnostics_bundle_reports_build_sha_from_file_when_present]' passed (0.082 seconds).
Test Case '-[Chainworks_ForgeTests.DiagnosticsBundleTests test_diagnostics_bundle_works_when_daemon_is_failed]' started.
  adding: system_info.txt (stored 0%)
  adding: manifest.json (deflated 43%)
  adding: build_sha.txt (stored 0%)
  adding: status.json (deflated 43%)
Test Case '-[Chainworks_ForgeTests.DiagnosticsBundleTests test_diagnostics_bundle_works_when_daemon_is_failed]' passed (0.083 seconds).
Test Suite 'DiagnosticsBundleTests' passed at 2026-04-20 09:32:09.687.
	 Executed 9 tests, with 0 failures (0 unexpected) in 1.131 (1.156) seconds
Test Suite 'PackagedBinaryTests' started at 2026-04-20 09:32:09.687.
Test Case '-[Chainworks_ForgeTests.PackagedBinaryTests test_bundled_daemon_binary_carries_some_signature]' started.
Test Case '-[Chainworks_ForgeTests.PackagedBinaryTests test_bundled_daemon_binary_carries_some_signature]' passed (0.067 seconds).
Test Case '-[Chainworks_ForgeTests.PackagedBinaryTests test_bundled_daemon_binary_is_present_and_executable]' started.
Test Case '-[Chainworks_ForgeTests.PackagedBinaryTests test_bundled_daemon_binary_is_present_and_executable]' passed (0.001 seconds).
Test Suite 'PackagedBinaryTests' passed at 2026-04-20 09:32:09.755.
	 Executed 2 tests, with 0 failures (0 unexpected) in 0.067 (0.068) seconds
Test Suite 'SupervisorTests' started at 2026-04-20 09:32:09.756.
Test Case '-[Chainworks_ForgeTests.SupervisorTests test_abnormal_exit_after_window_opens_new_window]' started.
Test Case '-[Chainworks_ForgeTests.SupervisorTests test_abnormal_exit_after_window_opens_new_window]' passed (0.004 seconds).
Test Case '-[Chainworks_ForgeTests.SupervisorTests test_abnormal_exit_increments_crash_budget_file]' started.
Test Case '-[Chainworks_ForgeTests.SupervisorTests test_abnormal_exit_increments_crash_budget_file]' passed (0.003 seconds).
Test Case '-[Chainworks_ForgeTests.SupervisorTests test_app_surfaces_pid_lock_dialog_on_exit_75_before_ready]' started.
Test Case '-[Chainworks_ForgeTests.SupervisorTests test_app_surfaces_pid_lock_dialog_on_exit_75_before_ready]' passed (0.117 seconds).
Test Case '-[Chainworks_ForgeTests.SupervisorTests test_classify_exit_0_is_clean_or_duplicate_healthy]' started.
Test Case '-[Chainworks_ForgeTests.SupervisorTests test_classify_exit_0_is_clean_or_duplicate_healthy]' passed (0.016 seconds).
Test Case '-[Chainworks_ForgeTests.SupervisorTests test_classify_exit_75_is_anomalous_pid_lock]' started.
Test Case '-[Chainworks_ForgeTests.SupervisorTests test_classify_exit_75_is_anomalous_pid_lock]' passed (0.001 seconds).
Test Case '-[Chainworks_ForgeTests.SupervisorTests test_classify_non_zero_exit_is_unknown_failure]' started.
Test Case '-[Chainworks_ForgeTests.SupervisorTests test_classify_non_zero_exit_is_unknown_failure]' passed (0.001 seconds).
Test Case '-[Chainworks_ForgeTests.SupervisorTests test_classify_uncaught_signal_is_signalled]' started.
Test Case '-[Chainworks_ForgeTests.SupervisorTests test_classify_uncaught_signal_is_signalled]' passed (0.001 seconds).
Test Case '-[Chainworks_ForgeTests.SupervisorTests test_clean_exit_does_not_touch_crash_budget_file]' started.
Test Case '-[Chainworks_ForgeTests.SupervisorTests test_clean_exit_does_not_touch_crash_budget_file]' passed (0.001 seconds).
Test Case '-[Chainworks_ForgeTests.SupervisorTests test_is_abnormal_classifies_per_6_2_rule]' started.
Test Case '-[Chainworks_ForgeTests.SupervisorTests test_is_abnormal_classifies_per_6_2_rule]' passed (0.001 seconds).
Test Case '-[Chainworks_ForgeTests.SupervisorTests test_supervisor_records_exit_and_publishes_anomalous_pid_lock]' started.
Test Case '-[Chainworks_ForgeTests.SupervisorTests test_supervisor_records_exit_and_publishes_anomalous_pid_lock]' passed (0.115 seconds).
Test Case '-[Chainworks_ForgeTests.SupervisorTests test_supervisor_records_raw_status_through_classifier]' started.
Test Case '-[Chainworks_ForgeTests.SupervisorTests test_supervisor_records_raw_status_through_classifier]' passed (0.005 seconds).
Test Suite 'SupervisorTests' passed at 2026-04-20 09:32:10.031.
	 Executed 11 tests, with 0 failures (0 unexpected) in 0.263 (0.275) seconds
Test Suite 'Chainworks ForgeTests.xctest' passed at 2026-04-20 09:32:10.031.
	 Executed 41 tests, with 0 failures (0 unexpected) in 1.529 (1.574) seconds
Test Suite 'Selected tests' passed at 2026-04-20 09:32:10.032.
	 Executed 41 tests, with 0 failures (0 unexpected) in 1.529 (1.575) seconds
2026-04-20 09:32:10.361 xcodebuild[26645:25576622] [MT] IDETestOperationsObserverDebug: 9.357 elapsed -- Testing started completed.
2026-04-20 09:32:10.361 xcodebuild[26645:25576622] [MT] IDETestOperationsObserverDebug: 0.000 sec, +0.000 sec -- start
2026-04-20 09:32:10.361 xcodebuild[26645:25576622] [MT] IDETestOperationsObserverDebug: 9.357 sec, +9.357 sec -- end

Test session results, code coverage, and logs:
	/var/folders/fj/v77kf6rs4dz1ybsm1_1_qhb00000gn/T/chainworks-test-gates/p042-swift-20260420T063001Z-DerivedData/Logs/Test/Test-Chainworks Forge-2026.04.20_09-30-08-+0300.xcresult

** TEST SUCCEEDED **

Testing started
==> Proposal 042 Swift gate passed
==> Proposal 042 control-plane gate passed
